s1_id,name,addr,country,pred_cid,cand_name,cand_addr,score,num_candidates,error_type
S1-10093090,lucky bakery,751 lazy point road  east hampton  ny,US,S3-476720239,lucky  bakery,,0.7823,47,approx_name_match
S1-101439168,back alley bike shop,benicia  2138 clearview circle  ca,US,S2-554201648,back alley bike shop,1029  dunedin rd  columbus  oh,0.79,37,same_name_different_addr
S1-101544027,highland precision pembina inc,2988 moorland road  city of new berlin  wi,US,S2-794227791,highland precision pembina ltd,2997 moorland rd  city of new berlin  wi,0.5422,24,approx_name_match
S1-103734817,colonial alliance vi,27467 flynn creek drive  barrington  il,US,S3-908637894,colonial alliance vi inc,illinois  barrington  27488 flynn creke dr,0.7983,1,approx_name_match
S1-104526850,cascade committee,geneseo  111 main street  il,US,S2-37572914,cascade committee,6181 scheider rd  freeport  il,0.8067,24,same_name_different_addr
S1-105165625,eg soulpower llc,3720 kenzie court  morehead city  nc,US,S2-784797080,eg soulpower co,morehead city  nc  3741 1 2 kenzie ct,0.8192,97,approx_name_match
S1-105501417,creative quality cloud,19 redwood lane  springfield  il,US,S2-452045550,creative quality cloud   llc,32 redwood lane  springfield  il,0.5611,1,approx_name_match
S1-1061372,davis veterinary clinic,ny  warwick  402 pulaski highway,US,S2-692319715,davis veterinary clinic,273 south road  poughkeepsie  ny,0.8067,5,same_name_different_addr
S1-10675425,thomas entertainment inc,59 sequoia drive  timberlake  nc,US,S2-980034393,thomas entertainment holdings,timberlake  72 sequoia dr  nc,0.8593,1,approx_name_match
S1-106771245,main street tattoo,115 myrtle acres lane  crossville  tn,US,S2-873485599,main street tattoo,hillside st  null  baileyville  me,0.79,26,same_name_different_addr
S1-107430440,american foundation,801 cedar street  charlotte  nc,US,S2-433728808,american foundation,,0.79,21,same_name_different_addr
S1-107638904,capital academy,309 quintard avenue  anniston  al,US,S2-864367855,capital academy,me   null   765a roosevelt trail  windham,0.79,22,same_name_different_addr
S1-108147752,regional coalition llc,139 sequams lane  islip  ny,US,S2-347480573,regional coalition llc,scott place  bronx  ny,0.8088,37,same_name_different_addr
S1-108888121,wildlife initiative,487 medford street  malden  ma,US,S3-911246220,wildlife initiative,quaker meeting house rd  east sandwich  massachusetts,0.79,35,same_name_different_addr
S1-109472442,3511 jefferson place owners corp,1312 elm street  hillsboro  tx,US,S3-150882066,3511 jefferson place owners corp llc,texas  1319 elm st  hillsboro,0.8272,10,approx_name_match
S1-110611206,cruz services,21 rigney drive  terre haute  in,US,S2-730500590,cruz services,,0.79,55,same_name_different_addr
S1-111779430,paus,705 briarcliff court  spokane  wa,US,S3-165974056,paus,richmond ave  manassas  virginia,0.79,41,same_name_different_addr
S1-112329223,interfaith society of north greenbush,11 thompson court  north greenbush  ny,US,S3-888097672,interfaith society of north greenbush ltd,13 thompson ct  north greenbush  new york,0.566,7,approx_name_match
S1-112815280,tri state advanced logistics,ky  saint matthews  1104 abbeywood rd,US,S3-283680601,tri state  advanced logmihstccs corp,1105 abbeywood rd  st matthews  kentucky,0.6031,37,approx_name_match
S1-112847928,tri state project,464 willow drive  elkton  md,US,S2-445766694,tri state project,6918 fountain park dr  glenndale  md,0.5833,16,same_name_different_addr
S1-113609631,ridge initiative,549 handy lane  ashland  il,US,S2-239974837,ridge  initiative,luce creek cir  greenwood  in,0.7841,53,approx_name_match
S1-113925733,saree beach avalanche corp,oh  columbus  396 colonial avenue,US,S2-791725070,saree beach avalanche llc,iron springs dr  houston  tx,0.7559,32,approx_name_match
S1-114141541,signature logistics global llc,city of adams  wi  316 walker street,US,S3-439571768,signature logistics global  llc,,0.8468,2,approx_name_match
S1-114437308,premier mortgage brands,45 gladstone street  boston  ma,US,S3-785774623,premier mortgage brands llc,54  gladstone st  boston  massachusetts,0.5334,1,approx_name_match
S1-115264500,bernardina sheldon signature motor llc,antioch  il  801 cunningham drive,US,S3-264305853,bernardina shlgdn signature motor corp,806 cunningham dr  antioch  illinois,0.6252,34,approx_name_match
S1-116570057,miller  perry and cowing inc,salisbury  465 jesse safrit road  nc,US,S2-853737501,miller  perry and cowing summit inc,474 jesse safrit road  null  salisbury  nc,0.8296,25,approx_name_match
S1-117226837,4674 market road apartments,295 bright alcov court  lavon  tx,US,S3-654776673,4674 market road apartments group,297 bright alcov ct  lavon  texas,0.5384,29,approx_name_match
S1-118682036,continental software partners kannapolis,500 24th street  kannapolis  nc,US,S2-777233289,continental software partners kannapolis corp,507 24th st  kannapolis  nc,0.5989,24,approx_name_match
S1-119207789,pediatric dental advanced clinic llc,red oak  916 lasalle drive  tx,US,S3-903134172,pediatric dental advanced clinic ltd,rde oak city  texas  921 lasalle dr  pmb 3905,0.8293,1,approx_name_match
S1-119641907,cardiology blue health,141 irish court  mount washington  ky,US,S2-57903388,cardiology blue health ltd,162 irish ct  ky  mount washington,0.5743,1,approx_name_match
S1-120199839,halcay skin care,n8894 boat landing road  town of middle inlet  wi,US,S2-977724792,halcay skin care ltd,n8901 boat landing rd  wi  wausauke,0.8373,63,approx_name_match
S1-122711791,human rights ministries,153 butler road  quincy  ma,US,S3-788470142,human rights ministries,,0.79,13,same_name_different_addr
S1-125725978,cardiology center of bloomfield,bloomfield  in  1261 100,US,S3-123221404,cardiology center of bloomfield coastal,7265 100  bloomfied  indiana,0.7523,28,approx_name_match
S1-127324470,new life baptist church,612 loch haven road  nc  rockingham,US,S2-466119700,new life baptist church,or  325 beverly ln  gladstone,0.79,10,same_name_different_addr
S1-129564154,duke publishing llc,21 valley view road  brookfield  ct,US,S2-248364073,duke publishing uptown llc,30  valley view rd  brookfield  ct,0.5391,4,approx_name_match
S1-129717515,blue hair studio,16 wooten road  al  alabaster,US,S3-825100102,blue hair studio,,0.79,58,same_name_different_addr
S1-129854205,tri state advanced farmers llc,ma  chelsea  64 grove street  unit 2,US,S2-232109543,tri state advanced farmers holdings,chelsea    66 grove st  ma,0.8563,1,approx_name_match
S1-129918610,happy tavern,1699 jenkins mill road  conway  nc,US,S2-356701959,happy tavern,day circle  goldsboro  nc,0.8067,81,same_name_different_addr
S1-130431029,beth methodist church,virden  1141 springfield street  il,US,S2-546911515,beth methodist church,54891 tulip road  new carlisle  in,0.79,65,same_name_different_addr
S1-131242715,heritage association,371 stonegate circle  billings  mt,US,S2-712933086,heritage association,,0.79,35,same_name_different_addr
S1-131384073,main street bike shop,994 chestnut ridge road  wv  unit 306  morgantown,US,S3-986524238,main street bike shop,,0.79,39,same_name_different_addr
S1-131636852,ironworkers local union 868,318 windsor ridge  neshannock township  pa,US,S2-937828814,ironworkers local  nion 868,hawkins road  brookhaven  ny,0.6546,54,approx_name_match
S1-131915714,kesteus home care  llc,15149 lorain avenue  cleveland  oh,US,S3-738055795,kesteus home care  llc,ciicero city  8262 brewerton road  new york,0.79,60,same_name_different_addr
S1-132049139,downtown ice cream,12509 hammersmith court  charlotte  nc,US,S3-890671557,downtown ice cream,kinston  2612 turnage drive  north carolina,0.79,60,same_name_different_addr
S1-132296779,board of housing,1686 rueger street  virginia beach city  va,US,S2-466636523,board of housing llc,atlantic ave  virginia beach  va,0.7912,27,approx_name_match
S1-133197854,new life baptist church,1 wesley park  hamilton  ma,US,S2-466119700,new life baptist church,or  325 beverly ln  gladstone,0.79,10,same_name_different_addr
S1-133270542,hensley  vann   ramos earth llc,6 cooley drive  woburn  ma,US,S2-308156050,llc helmuth  vann   ramos earth,6 cooley drive  woburn  ma,0.705,33,approx_name_match
S1-133993722,neex llc,southlake  300 davis boulevard  tx,US,S2-304921677,neex  llc,milwaukie  or  12200 mcloughlin blvd,0.8556,18,approx_name_match
S1-134338461,gunter  henderson   presley occupational therapy llc,13210 twelfth street  chino  ca,US,S3-89661299,halohaloiri f k a janette chaffee stifel llc,13210 twelfth street  chino  ca,0.5699,39,approx_name_match
S1-134719989,mw metropolitan private,105 mineola avenue  valley stream  ny,US,S2-397259385,mw metropolitan  private,lower allen township  pa  106 lancaster blvd,0.7858,50,approx_name_match
S1-135581802,joyner vanguard pharmaceuticals,305 chandler street  russiaville  in,US,S2-686050899,the joyner vanguard pharmaceuticals holdings,russiaville  309 chandler street  in,0.7922,24,approx_name_match
S1-135793895,commission on labor,4702 hwy 96  lavaca  ar,US,S2-939494640,commission on  labor,in  5940 250  paris crossing,0.785,40,approx_name_match
S1-135919349,vivue capital pc,851 todd drive  simpsonville  ky,US,S2-367115282,onyxnex  capital inc,851 todd dr  simpsonville  ky,0.5523,72,approx_name_match
S1-13718540,garonet unified ventures inc,5686 caratoke highway  poplar branch  nc,US,S2-921620170,garonet unified ventures valley inc,5688 caratoke hwy  nc  poplar branch,0.5586,37,approx_name_match
S1-1376476,st  fellowship,md  1600 churchville road  bel air,US,S2-326301103,st fellowship corp,oh  4516 navarre rd  canton,0.7607,37,approx_name_match
S1-138540696,brick  miller   west inc,47 beam hill road  unit apartment 11  dryden  ny,US,S2-832370092,brick  miller   west inc,,0.79,19,same_name_different_addr
S1-139316100,vanet llc,377 parker street  springfield  ma,US,S2-51305577,vanet,forge hill road  franklin township  ma,0.7039,33,approx_name_match
S1-139690965,internal medicine care associates of silver spring,10005 brookmoor drive  silver spring  md,US,S2-291935167,internal medicine care associates of silver spring ltd,10012b brookmoor dr  silver spring  md,0.896,30,approx_name_match
S1-143020032,national preparatory academy,6 cherrierville road  fairfax  vt,US,S2-640149839,national preparatory academy,wa  newcastle  70th street,0.79,14,same_name_different_addr
S1-14392349,trull pinnacle apex inc,8421 fawncrest drive  raleigh  nc,US,S3-209207886,lopez pinnacle apex  inc,8421 fawncrest drive  raleigh  north carolina,0.6165,19,approx_name_match
S1-144235132,pipefitters union local no 477,ma  10 marlowe street  boston,US,S3-470150207,pipefitters union local no 477 holdings,boston  031 marlowe st  massachusetts,0.8438,21,approx_name_match
S1-145164196,cultural committee,wheelersburg  2031 lick run lyra road  oh,US,S3-777516373,cultural committee,tennessee  2703 comer drive  murfreesboro,0.85,49,same_name_different_addr
S1-145274036,williams pampa inc,ct  new canaan  229 old norwalk road,US,S2-240175945,williams pampa inc,mn  pmb 5844  minneapolis cdp  killdeer street,0.85,1,same_name_different_addr
S1-147489925,interstate efes llc,wi  9606 pigeon lake road  town of liberty,US,S2-758707130,interstate efes,,0.7638,32,approx_name_match
S1-14860531,empire cherry llc,45 alydar dr  bldg x  north liberty  ia,US,S3-878132578,empire cherry  west llc,bldg x  iowa  north liberty  46 alydar dr,0.8091,10,approx_name_match
S1-149013121,bb fashion,831 anderson drive  alford  fl,US,S3-294352110,bb fashion,arkansas  maumelle  114 diamond pointe dr,0.805,32,same_name_different_addr
S1-149400693,lucky grill,1313 183rd avenue  bldg club hse  bellevue  wa,US,S2-258421223,lucky grill,13244a 108st st  redmonnd  wa,0.8025,38,same_name_different_addr
S1-150125642,rapid highland commerce inc,4623 hackney road  nc  rocky mount  bldg 10,US,S2-274627542,rapid highland  commerbec downtown inc,rocky mount  po box 3951  4626 hackney road  nc,0.6236,25,approx_name_match
S1-151118956,caredyne inc,202 larchmont court  burgaw  nc,US,S3-344489574,caredyne  llc,north carolina  209 larchmont ct  burgaw,0.7759,1,approx_name_match
S1-154046330,red tavern llc,10992 altadena avenue  fl 1  scottsdale  az,US,S2-12292998,red tavern llc,phyllis place  queen creek  az,0.8036,71,same_name_different_addr
S1-154350939,loria padilla wave llc,13440 44th street  az  phoenix  unit 1053,US,S2-714893630,montola monbitle llc,13440 44th street  phoenix  az,0.53,76,approx_name_match
S1-155592575,atlantic york,1612 camino rio  farmington  nm,US,S3-576570298,atlantic york uptown,null   new mexico  farmington  1613 camino rio,0.7622,34,approx_name_match
S1-156573085,desert cartesian pllc,14819 staytonville road  lincoln  de,US,S2-738916089,llc desert cartesian,de  lincoln  14820 staytonville rd,0.6221,11,approx_name_match
S1-159286607,magda west consulting,7909 johnson avenue  lanham  md,US,S2-901645121,magda wsft consulting harbor,md  lanham  7920 johnson avenue,0.6733,98,approx_name_match
S1-159641697,bureau of finance inc,1048 webster avenue  il  chicago,US,S3-3757866,bureau of finance,natoma ave  chicago  illinois,0.7838,38,approx_name_match
S1-162206287,saint fellowship,1422 25th street  douglas  az,US,S2-440090753,saint fellowship,oh  7279 1 2 rita lane  cincinnati,0.79,40,same_name_different_addr
S1-1625901,linosoft nano,3440 taconic state parkway  east fishkill  ny,US,S3-56356915,linosoft nano,new york  gloversville  eighth ave,0.79,13,same_name_different_addr
S1-163451102,bay industries inc,2527 broad street  fl 2  columbus  oh,US,S2-465754941,bay industries inc,cottage trail  grants  nm,0.79,5,same_name_different_addr
S1-167144874,maire gabriel  dpm  p c,nc  mineral springs  6517 schaeffer farm road,US,S2-569944665,gabriel   maire dpm  p c  holdings,6524 schaeffer farm rd  waxhw  nc,0.6612,50,approx_name_match
S1-167764433,jordan ross  dpm  m d   p c,2101 9th street  wahpeton  nd,US,S2-403515360,jordan ross  dpm  m d   p c  co,2105 9th street  wahpeton  nd,0.5933,20,approx_name_match
S1-168874379,smith twelve of peosta lp,ia  8182 new melleray road  peosta,US,S2-174900303,gaines gaines twelve of peota lp  43820,8195  new melleray road  peosta  ia,0.5572,76,approx_name_match
S1-172380327,alvarez  cunningham and chase llc,5901 hannum  gillette  wy,US,S3-194368838,alvarez cunningham and chase corp,wyoming  gillette  05906 hannum,0.7665,16,approx_name_match
S1-172544970,prairie partners llc,1011 gurney drive  richmond  in,US,S3-99758050,prairie partners llc,arizona  7667 woolsey way  rio verde,0.79,23,same_name_different_addr
S1-173167731,family institute group,8031 orlando drive  fl 0  saint louis  mo,US,S2-80961644,family institute group llc,08042 orlando drive  saint louis  mo,0.5504,42,approx_name_match
S1-173772756,davidson  silva   dunham corp,92 main street  elliott  ia,US,S2-716399225,davidson  silva   dunham co,99 main street  elliott city  ia,0.5488,9,approx_name_match
S1-17445367,vanguard blue black,1232 guyton drive  winston salem  nc,US,S2-981623090,vanguard blue black inc,1235 guyton dr  winston salem  nc,0.567,2,approx_name_match
S1-175035106,hagy group,203 middle road  henrietta  ny,US,S2-947593680,hagy group,,0.79,25,same_name_different_addr
S1-175515926,inna scott therapeutics,nc  charlotte  5729 kirkwynd commons drive,US,S2-511758127,scott  inna llc center,5742b kirkwynd commons drive  charllotte  nc,0.5559,51,approx_name_match
S1-175822597,office of consumer affairs,35 82 161 street  flushing  ny,US,S3-447087125,office of consumer  affairs,new york  tallwoods road  armonk,0.7863,28,approx_name_match
S1-177673766,preferred automation holdings,6350 minkler road  unit b  yorkville  il,US,S3-220167240,preferred automation,serenity drive  antioch  illinois,0.7049,38,approx_name_match
S1-179695281,sarina gentry classic enclave inc,nc  greenville  1800 stone wood drive,US,S3-18877587,sarina gentry c1assic enclave group,1805 stone wood dr  greenville  north carolina,0.6347,41,approx_name_match
S1-181270988,rachelle baros cherry llc,houston  tx  2614 keeland street,US,S3-160922168,rachelle baros cherry south  llc,2621 keeland street  houston  texas,0.7897,33,approx_name_match
S1-181439984,central apparel products llc,ks  1021 woodward avenue  topeka,US,S2-920894766,central apparel products inc,ks  1026 woodwird avenue  topeka,0.8517,1,approx_name_match
S1-181543872,corner massage llc,austin  tx  11930 shropshire boulevard,US,S2-835819441,corner massage corp,11941 shropshire blvd  austin  tx,0.8578,84,approx_name_match
S1-181567100,i f ward trading,1912 c street  paducah  ky,US,S2-59370845,i f ward trading llc,1933 1937 c street  ky  paducah,0.5396,4,approx_name_match
S1-181601700,dental center co,3230 keller hicks road  keller  tx,US,S2-682089029,dental center co,oh   5559 werk rd  cincinnati,0.8067,2,same_name_different_addr
S1-184907477,main street seafood,9625 franklin woods place  fairfax county  va,US,S2-751470939,main street seafood,fort wayne city  in  1225 w hamilton road,0.79,69,same_name_different_addr
S1-185925119,orban flexible,807 adams avenue  eveleth  mn,US,S2-281546670,orban flexible eastgate co,mn  814 adams ave  eveleth,0.811,70,approx_name_match
S1-18609645,24 hour locksmith,1300 stierlen place  burlington  wa,US,S3-872419997,24 hour locksmith,west main st  saltville  virginia,0.79,9,same_name_different_addr
S1-189385546,silver coffee,9814 elston circle  elk grove  ca,US,S2-779253362,silver coffee,kingwood avenue  mill city  or,0.79,83,same_name_different_addr
S1-191450745,silver insurance studios lp,204 aarons path  beaufort  nc,US,S2-459738787,silver insurance studios llc,11 aarons path  beaufort  nc,0.5531,17,approx_name_match
S1-192484221,myers  bowling   smiley inc,1535 1st street  rensselaer  ny,US,S3-988098021,myers  bowling   smiley inc,,0.79,4,same_name_different_addr
S1-192680067,midwest federation,2505 ferguson way  houston  tx,US,S2-993346628,midwest federation,tx  cypress  15406 15408 guadalupe springs ln  null,0.8025,23,same_name_different_addr
S1-194463168,atlantic staked,4590 stonehill street  hilliard  oh,US,S2-686665645,atlantic staked llc,4591 stonehill street  hilliard  oh,0.5361,57,approx_name_match
S1-195516135,a cure 6 all,2801 fairfax drive  garland  tx,US,S2-104103013,a cure 6 all,,0.79,36,same_name_different_addr
S1-196538850,diis llc,4621 12th avenue  birmingham  al,US,S3-927008783,diis llc,,0.79,18,same_name_different_addr
S1-196961444,frontier college,780 5th plaza  florissant  mo,US,S2-195350406,frontier college,vandalia avenue  tulsa  ok,0.79,9,same_name_different_addr
S1-197163742,south veterinary clinic,6151 sierra valle lane  city of el paso  tx,US,S2-764865525,south veterinary clinic,,0.79,8,same_name_different_addr
S1-198021096,rev it up cafe,tn  84 brown avenue  greeneville,US,S2-753500498,rev it up  cafe,,0.8433,36,approx_name_match
S1-200287905,cartwright s capital inc,471 rentschler street  akron  oh,US,S3-766927635,cartwright s capital,massachusetts  granby  145 south street,0.7539,10,approx_name_match
S1-200584281,o c vancleave utilities co,376 hall hill road  ny  ancram,US,S3-943837610,o c vancleave utilities west co,new york  ancram  389 hall hill rd,0.7515,67,approx_name_match
S1-200623120,complete translational llc,381 emerald road  mosheim  tn,US,S2-305035329,complete translational llc,in  princeton  1603 cottonwood drive,0.79,3,same_name_different_addr
S1-203737547,northern academy,2285 hemberg drive  flagstaff  az,US,S3-989380394,northern academy,,0.79,12,same_name_different_addr
S1-204979814,lian s jewelers llc,47 riverview drive  matheny  wv,US,S2-466819795,lian s jewelers westgate llc,matheny township  wv  49 riverview drive,0.7935,70,approx_name_match
S1-205317398,vanda navarro desert doubleline llc,2876 tradewinds trail  city of green bay  wi,US,S3-712069240,wellborn navarro desert doubleline  llc,wisconsin    2881 tradewinds trail  city of green bay,0.6346,84,approx_name_match
S1-205390093,continental coalition,4004 brook road  richmond city  va,US,S3-791120579,continental coalition,,0.79,20,same_name_different_addr
S1-205671173,francisca cooley direct southern llc,12256 st charles rock road  bridgeton  mo,US,S2-348775402,urgent care express spicalitts,bridgeton  12256 12258 st charles rock road  mo,0.547,38,approx_name_match
S1-206119993,126 127 east owners corp,ut  saratoga springs  2963 willow creek drive,US,S2-418418668,126 127 east owners  corp holdings,2968 willow creek drive  saratoga springs  ut,0.8769,64,approx_name_match
S1-207349649,bright tavern llc,41 greenknoll drive  brookfield  ct,US,S2-607399542,bright tavern   llc,,0.7795,51,approx_name_match
S1-207890008,gurung  turner   spruill inc,2243 river plaza drive  sacramento  unit 168  ca,US,S3-824019136,the gurung  turner   spruill highland inc,2250c river plaza drive    168  sacramento  california,0.7189,89,approx_name_match
S1-210745092,first fellowship,106 valentine drive  riverside  oh,US,S2-761074875,first fellowship,f 7 grandview drive  n a  s  burlinton  vt,0.8015,36,same_name_different_addr
S1-210863997,myrtie l  dawley  cpa  pc,summerdale  302 jackson avenue  al,US,S3-372748015,myrtie l  dawley  cpa  pc inc,303 jackson avenue  summerdale  alabama,0.8194,47,approx_name_match
S1-211984068,east academy,26608 moosehorn road  kenai peninsula borough  ak,US,S2-863481694,east  academy,lewiston  me  214 russell street,0.7823,16,approx_name_match
S1-215135349,sibeal miller select llc,3002 riverside drive  danville city  va,US,S2-581098016,sibeal miller select llc,statesman pkwy  n a  lmia  oh,0.79,36,same_name_different_addr
S1-218082193,obsidian stanley  llc,bluffton  oh  10115 rockport road,US,S2-475839074,obsidian stanley  inc,oh  richland twp  10128 rockport rd,0.8304,41,approx_name_match
S1-218890922,ulrikaumeko davis allied elm p c,hiawatha  ia  903 heefner st,US,S3-749239328,ulrikaumeko davis allied elm westgate,906 heefner st  hiawatha  iowa,0.6965,66,approx_name_match
S1-21919735,main street seafood,8822 ash meadows circle  unit  1113  wilsonville  or,US,S3-774924543,main street seafood,new york  25 linden ave  ossining,0.79,36,same_name_different_addr
S1-221057815,connors analytics,cleveland  oh  15507 stockbridge avenue,US,S2-729991849,connors  analytics,1430 55th pl  chicago  il,0.7844,11,approx_name_match
S1-221065528,liberty fund,602 mission lane  unit 208  phoenix  az,US,S2-892994864,liberty fund,schererville  1906 burgundy st  in,0.79,27,same_name_different_addr
S1-221554485,midwest fellowship,22278 river walk road  rocky river  oh,US,S3-973083623,midwest fellowship,po box 9469  fort wright  kentucky  134 morris road,0.8007,22,same_name_different_addr
S1-224886836,blue trust,313 rollins street  elizabethtown  nc,US,S2-57257303,blue trust,forest garden ln  raleigh  nc,0.8067,19,same_name_different_addr
S1-22536779,nium llc,az  5425 escondido lane  tucson,US,S2-755831400,nium llc industries,289 sabbathday rd  new gloucester  me,0.6695,34,approx_name_match
S1-229251256,peum fresh biotherapeutics inc,in  new albany  621 albany street,US,S3-139919220,peum fresh biotherapeutics llc,634 albany st  new alany  indiana,0.8034,53,approx_name_match
S1-229487021,coastal institute,il  shorewood  627 edgebrook drive,US,S2-939564845,coastal institute,713 hawthorne st  zionsville  in,0.79,19,same_name_different_addr
S1-229562737,straight edge seafood llc,400 international way  unit suite 110  springfield  or,US,S2-940098120,straight edge seafood llc,ma  peabody  1 a tomah drive,0.79,29,same_name_different_addr
S1-229881897,womens health physicians lp,100 stalling lane  erwin  tn,US,S2-918963344,womens health physicians lp,sunbury  9838  521  oh,0.79,3,same_name_different_addr
S1-229974190,united certified iron llc,621 dewald street  fort wayne  in,US,S3-940811380,united certified iron llc,dayton ave  russellville cdp  arkansas,0.79,6,same_name_different_addr
S1-230585086,back alley yoga,22 market street  ellenville  ny,US,S2-137347843,back  alley yoga,,0.7671,36,approx_name_match
S1-233585553,mala ostrander solution,bowling green  2143 fairview boiling springs road  ky,US,S2-702688239,mala ostrander solution co,2150 fairview boiling springs rd  bowling green  ky,0.8975,41,approx_name_match
S1-236196632,sissy taylor continental alpine inc,ar  drasco  349 wolf bayou road,US,S2-712548912,sissy sissy taylor continental alpine l l c,ar  drasco  362  wolf bayou rd,0.8726,100,approx_name_match
S1-236329631,little cleaning service,165 uplift  hsb llano co  tx,US,S3-904260520,little cleaning service,,0.79,25,same_name_different_addr
S1-236339811,american federation,nashville  716 arbor crest boulevard  tn  bldg 7,US,S2-311965672,american federation,5805 cr 49  mcarthur twp  oh,0.79,23,same_name_different_addr
S1-236734064,little pizza,1224 rosemary street  albuquerque  nm,US,S2-481866540,little  pizza,oh  po box 7427  cincinnati  1572 tremont street,0.7948,42,approx_name_match
S1-237272893,holy church,nc  864 fred miller road  lexington,US,S2-167055316,holy church,sagamore hills twp  688 canterbury lane  oh,0.85,22,same_name_different_addr
S1-237840103,margaretta lee cornerstone renewable,8273 main street  kinsman  oh,US,S3-89819655,margaretta  lee cornerstone renewable,virginia    6914 duke dr  fairfax county,0.7665,74,approx_name_match
S1-239294618,melantha wallace grill,8920 tr 609  oh  fredericksburg,US,S2-628583254,melantha wllbace grill harbor,fredericksburg  oh  null  8927 tr 609,0.636,76,approx_name_match
S1-24088828,tri state delta defi,wa  8419 65th circle  vancouver,US,S3-644471041,tri state delta defi corp,8426 65th cir  vancouver city  washington,0.7988,38,approx_name_match
S1-241794959,interstate family practice,10747 lakewood oaks drive  sugar land  tx,US,S2-458992828,interstate family practice,oh  warren  1892 norwodo saint,0.79,20,same_name_different_addr
S1-24274569,joeann franco smart cola p c,17947 fm 2556  santa rosa  tx,US,S3-899742861,joeann franco smart cola ltd,texas  santa rosa  17968 fm 2556,0.8233,53,approx_name_match
S1-24276280,continental holding company,8631 village way  unit ste 8631  fairfax county  va,US,S2-32138986,continental holding company,,0.79,1,same_name_different_addr
S1-245302676,elite preferred tpg  llc,il  chicago  4412 wolcott avenue,US,S2-394336785,elite preferred tpg  ltd,4417 wolcott ave  chicago  il,0.865,29,approx_name_match
S1-247498666,rozamond s frontier design,5111 royal jasmine place  katy  tx,US,S2-644488591,rozamond s frontier design,,0.79,38,same_name_different_addr
S1-247540622,lindsey  ellefson   magill,tx  2050 macarthur street  houston,US,S3-86827611,lindsey  ellefson   magill inc,houston  texas  2054 macarthur st,0.8621,49,approx_name_match
S1-248416018,hunt interstate marine,2539 old post road  havre  mt,US,S2-635509981,hunt interstate marine ltd,2544 old post rd  havre  mt,0.5743,1,approx_name_match
S1-250672429,bay fund,3724 jordan avenue  new hope  mn,US,S2-757920851,bay fund,oh  2434 saffin ave  cincinnati,0.805,27,same_name_different_addr
S1-253067611,hunger institute,514 depeyster street  kent  oh,US,S2-789052767,hunger institute,ma  leominster  11 raven street,0.8067,25,same_name_different_addr
S1-253592551,blue society,columbia city  in  1787 inverness circle,US,S3-601563612,blue society ltd,indiana  1808 inverness circle  columbia city,0.8575,14,approx_name_match
S1-254771046,cascade family office,100 peachtree lane  yakima  wa,US,S3-184436763,cascade family office llc,yakima city  washington  105 peachtree ln,0.808,2,approx_name_match
S1-255891104,new life catholic church,876 dolan road  memphis  tn,US,S2-596505628,new life catholic church,,0.79,21,same_name_different_addr
S1-256160429,the dent tattoo,cambridge  md  2709 ocean gateway,US,S2-5516607,the dent  tattoo,md  baltimore  3411 cliftmont ave,0.8604,35,approx_name_match
S1-256610384,patriot foundation llc,701 bayou drive  mountain view  ar,US,S2-56498025,patriot  foundation,ecology dr  farmington city  ar,0.757,30,approx_name_match
S1-257950514,alford   rowe,1415 c avenue  plattsmouth  ne,US,S2-260273835,alford   rowe,,0.79,8,same_name_different_addr
S1-259260521,physical therapy innovative care llc,2106 bergan street  in  south bend,US,S3-734927106,physical therapy innovative care llc,washington  6840 alder st  tacoma township,0.8036,3,same_name_different_addr
S1-260876607,cardiology,ny  4 higbie drive  islip,US,S3-542324148,llc  cardiology,15 higbie drive  west islip  new york,0.7169,10,approx_name_match
S1-261494285,pediatric dentistry clinic l l c,534 center street  ludlow  ma,US,S3-804506989,pediatric dentistry clinic l l c,,0.765,2,same_name_different_addr
S1-262476238,a 7 u pharmaceuticals lp,1215 devonwood drive  unit 101  merced  ca,US,S2-20417100,a 7 u pharmaceuticals ltd,1220 devonwood dr  merced  ca,0.5313,9,approx_name_match
S1-263168444,asset building project,209 9th street  rosebud  tx,US,S2-943324919,asset building  project,houston  tx  506 walnut bend ln,0.8007,20,approx_name_match
S1-263757906,castro   moore of gilbertsville,ky  gilbertsville  166 quail hills road,US,S3-35870313,castro   moore of gilbertsville llc,170 quail hills road  gilbertsville  kentucky,0.8405,1,approx_name_match
S1-264813028,straight edge grill,5201 704d  cleburne  tx,US,S2-438782341,straight edge grill,ct  greenwich  9 somerset ln,0.79,35,same_name_different_addr
S1-265067793,physical therapy clinic llc,md  sykesville  55 gina court,US,S3-609511844,physical therapy highland clinic llc,sykesville  maryland  57 gina ct,0.7692,34,approx_name_match
S1-265202638,internal medicine specialists of burnsville pc,890 lickskillet road  burnsville  nc,US,S2-459437663,internal medicine specialists of burnsville burnsville llc,899 lickskillet rd  burnsville  nc,0.5574,30,approx_name_match
S1-266501471,metropolitan ace national holdings,tx  lampasas  38 samac lane,US,S2-129773226,metropolitan ace national corp,tx  lampasas  51 samac ln,0.8953,2,approx_name_match
S1-267041233,smith hair studio llc,newington  71 lantern hill  ct,US,S2-449400434,smith hair studio llc,7657 connelly rd  po box 9984  masury  oh,0.79,1,same_name_different_addr
S1-269079079,piedmont starwood llc,irving  tx  2526 champagne drive,US,S3-605247202,piedmont starwood partners inc,texas  irving  2533 champagne dr,0.8015,30,approx_name_match
S1-269983972,reyes  joyner   clark inc,21 b 5th street  richmond  in,US,S2-286243063,holdings reyes  joyner   clark,in   24 b fifth street  richmond,0.7218,25,approx_name_match
S1-272670182,choice mortgage,unit 1212  tn  nashville  1200 broadway,US,S2-359727690,choice mortgage,762 bob bea ln  lower salford township  pa,0.79,1,same_name_different_addr
S1-272892451,mitchell metropolitan altenergy inc,2592 2125  clinton  ut,US,S2-91641310,mitchell  metropolitan altenergy inc,edmond  ok  1201 fretz ave,0.7544,40,approx_name_match
S1-273136301,prairie initiative,2369 park avenue  cincinnati  oh,US,S2-977967650,prairie initiative,itasca ave  sacramento  ca,0.8088,61,same_name_different_addr
S1-273609230,west preparatory academy,6878 erie road  unit suite 3  evans  ny,US,S2-320375042,west preparatory academy,,0.79,37,same_name_different_addr
S1-274156091,oncology specialists l l c,2264 hillside avenue  springfield  oh,US,S3-748612741,oncology specialists l l c,webber st  lowell  massachusetts,0.76,4,same_name_different_addr
S1-274545417,sweet cleaning service inc,2940 lavell avenue  wichita falls  tx,US,S2-51942172,sweet cleaning service inc,,0.79,54,same_name_different_addr
S1-276032296,prairie medical center,tx  houston  4605 woolworth street,US,S2-920683322,prairie medical center,,0.85,30,same_name_different_addr
S1-27613697,q 3 horizon proem llc,4132 nw blvd  unit apt 507  davenport  ia,US,S2-633271686,q 3  horizon proem downtown llc,4143c northwest blvd  davenport  ia,0.7181,2,approx_name_match
S1-280449629,rocky foundation,mansfield  2302 forest park circle  tx,US,S2-553893387,rocky foundation,5134 c hanks xing  n a  bloomington  in,0.79,23,same_name_different_addr
S1-284325689,human rights alliance,212 algonquin beach road  poestenkill  ny,US,S3-539006912,human rights alliance llc,van buren  new york   11 waterfront dr,0.733,35,approx_name_match
S1-285034005,unified talent ventures,400 chaney road  unit 619  smyrna  tn,US,S2-482021576,unified talent ventures inc,405 chaney rd  smyrna  tn,0.5441,1,approx_name_match
S1-287260332,downtown bike shop,464 lockwood folly road  bolivia  nc,US,S2-836036638,downtown bike shop,,0.79,43,same_name_different_addr
S1-287628922,red bike shop,181 brinkman avenue  buffalo  ny,US,S3-693978625,red bike shop,,0.79,39,same_name_different_addr
S1-288049261,guffey metro digital inc,6644 fallen timbers drive  dublin  oh,US,S2-278619482,moorehead metro inc center center,6644 fallen timbers drive  dublin  oh,0.5358,74,approx_name_match
S1-288119651,golden bistro,8 raspberry drive  malta  ny,US,S2-718783192,golden  bistro,gig harbor  15319 26th ave  wa,0.7829,35,approx_name_match
S1-288447356,lasoft worldwide,le center  mn  180 cordova avenue,US,S2-413251936,lasoft worldwide,6040 abbey church road  dubliin  oh,0.79,32,same_name_different_addr
S1-289244630,ivenova energia inc,vass  nc  371 dunlin court,US,S2-221953087,ivenova energia  inc,,0.845,64,approx_name_match
S1-289335483,venegas banking inc,maumee  3155 albon road  oh,US,S3-308632827,venegas banking holdings,3164 albon road  maumee  ohio,0.796,5,approx_name_match
S1-289672952,rev it up bakery llc,huntington  753 opal street  in,US,S3-757790866,rev it up bakery llc,2552 ritter street  chestrton cdp  indiana,0.805,33,same_name_different_addr
S1-289818637,metropolitan cardiology inc,al  decatur  2011 8th street,US,S2-56138918,metropolitan cardiology,mcginnis street  springville  al,0.8331,10,approx_name_match
S1-289834001,main street coffee,me  west paris  123 greenwood street,US,S2-72510228,main street coffee  corp,130 greenwood street  west paris  me,0.8711,22,approx_name_match
S1-291759416,uptown bike shop,12102 7th place  lake stevens  wa,US,S2-537278529,uptown bike shop,hemlock trail   null   morganton  nc,0.79,59,same_name_different_addr
S1-29216723,pediatric dental medicine llc,oh  cincinnati  5548 lucenna drive,US,S2-250339710,pediatric dental medicine coastal llc,cincinnati  oh  5550 lucenna drive,0.8764,34,approx_name_match
S1-293325184,zenet inc,altavista town  va  913 5th street,US,S2-98601809,zenet inc,10 beech street  east millinocket  me,0.8036,68,same_name_different_addr
S1-294172040,halceus stock llc,1311 jefferson street  city of new london  wi,US,S2-502064910,halceus stifel llc,city of wausau  wi  1215 9th st,0.6089,51,approx_name_match
S1-294349263,phoenix community center llc,4221 mcdowell road  unit 1036  phoenix  az,US,S2-428730199,phoenix community center inc,az  4234 mcdowell rd  phoenix,0.826,1,approx_name_match
S1-297072334,midwest montessori school,155 lexington drive  loveland  oh,US,S2-147158289,midwest  montessori school,third st  greenville  nc,0.7662,9,approx_name_match
S1-297472794,schulte pinnacle security llc,110 107 northbrook lane  patton twp  pa,US,S3-553130744,schulte pinnacle security metro llc,110 108 northbrook lane  patton twp  pennsylvania,0.8236,50,approx_name_match
S1-297508790,noum,columbia falls  mt  160 6th avenue,US,S2-494162067,noum,main street  searsport  me,0.85,44,same_name_different_addr
S1-297982788,bt trusted floating llc,9138 anthony avenue  chicago  il,US,S2-555049521,bt trusted floating uptown llc,9141 anthony avenue  chicago  il,0.5433,46,approx_name_match
S1-298901975,west unified brighthouse inc,ma  west springfield  33 kelly drive,US,S3-86525897,west unified brighthouse llc,34 1 2 kelly drive  west springfield  massachusetts,0.806,1,approx_name_match
S1-299154320,uptown nails,816 forest ridge road  grayson county  va,US,S2-915030783,uptown nails,lawsons drive  mecklenburg county  va,0.82,42,same_name_different_addr
S1-299847851,division of buildings,watsonville  714 roble street  ca,US,S2-615435930,division of buildings,westwood road  new haven township  ct,0.85,53,same_name_different_addr
S1-300964465,smart and fink,5298 h street  sacramento  ca,US,S2-899363185,smart and fink  ltd,5307 h street  sacramento  ca,0.5362,27,approx_name_match
S1-301159190,better research ventures,1212 burberry drive  lafayette  in,US,S2-973781990,better co ventures  research,lafayette  1214 burberry dr  in  null,0.7227,7,approx_name_match
S1-301842180,temple zion,4621 state avenue  glendale  az,US,S2-27341387,temple zion,az  winslow city  1017 fleming st,0.805,50,same_name_different_addr
S1-302602804,emalee s auto glass,cabot  2768 us route 2  vt,US,S3-770175210,holdings  emalee s  uto glass,2773 us route 2  cabot  vermont,0.5439,61,approx_name_match
S1-30425499,pacific barclays llc,22 innsbruck lane  belleville  il,US,S3-839286484,pacific barclays llc,,0.79,1,same_name_different_addr
S1-305836732,daly  martinez   carroll,winchester city  3115 valley avenue  va,US,S3-480421130,daly  martinez   carroll  llc,3119 valley ave  pmb 5264  winchester city  virginia,0.8121,21,approx_name_match
S1-308027083,lurleen donahue bny inc,portland  201 lotus beach drive  unit d21  or,US,S3-815900376,lurleen donahue bny inc,106 company street  baltimore  ohio,0.79,56,same_name_different_addr
S1-308894765,roy stock inc,7649 solana drive  unit apt 106  indianapolis  in,US,S2-189821727,roy stock inc,wadsworth city  po box 7815  oh  143 state street,0.79,37,same_name_different_addr
S1-309106486,28 11 renewable,85 laurelwood drive  hopedale  ma,US,S3-681291316,28 11 renewable metro,massachusetts  hopedale  0094 laurelwood drive,0.7924,12,approx_name_match
S1-30923395,berg  davidson and herndon pllc,tipp city  7946 tipp cowlesville road  oh,US,S3-434974065,berg  davidson and herndon,indiana  2886 jamestown ct  mishawaka city,0.7895,111,approx_name_match
S1-309605969,continental alliance inc,1 lake view terrace  stafford county  va,US,S3-256647835,continental alliance  inc,,0.786,11,approx_name_match
S1-310242460,temple baptist church,3697 ohltown mcdonald road  mineral ridge  oh,US,S2-660535438,temple baptist church,j street  richmond  in,0.79,59,same_name_different_addr
S1-310434739,heart institute,410 rivulon boulevard  unit 114  gilbert  az,US,S2-10202863,heart institute,,0.79,52,same_name_different_addr
S1-311362454,wilson clean  inc,ny  far rockaway  212 20 street,US,S2-813849290,wilson  clean,cooper crest street  olympia  wa,0.7601,1,approx_name_match
S1-311706972,happy diner,108 balsam road  bangor  me,US,S2-339363529,happy diner,null   623 93 street  ny  brooklyn,0.79,32,same_name_different_addr
S1-312672741,pediatric dental peak center,2807 dunham road  orangeville  ny,US,S2-182510360,pediatric dental peak center holdings,2812 dunham rd  ny  orangeville,0.5423,2,approx_name_match
S1-313167085,urban book store,284 columbus avenue  unit apartment a12  mount vernon  ny,US,S2-765454262,urban book store,bedford  in  60 indian trails lane,0.79,39,same_name_different_addr
S1-314028958,nv carlyle inc,3000 aspen loop  unit 3327  franklin  tn,US,S2-896550086,inc nv carlyle central,tn  3005 aspen loop  franklin,0.6862,57,approx_name_match
S1-314177819,animal welfare ministries,2040 spruce way  fl 1  medford  or,US,S2-807783,animal welfare ministries,251a 602  enterprise  al,0.79,14,same_name_different_addr
S1-314470260,anallese jackson legacy bioscience,tx  10293 torino drive  frisco,US,S2-795115242,anallese jackson legacy properties,10297 torino drive  frisco  tx,0.5704,84,approx_name_match
S1-316058504,eye care associates of cheektowaga associates,233 seine drive  cheektowaga  ny,US,S3-910543046,eye care associates of cheektowaga associates  north,buffalo  new york  24 seine dr,0.7902,56,approx_name_match
S1-316985767,board of health,4418 louisburg road  raleigh  nc,US,S3-187816551,board of health,henrico  13 oak grove trl  north carolina,0.79,43,same_name_different_addr
S1-317515414,rodriguez vine,elkridge  8015 riker road  md,US,S3-714476176,co rodriguez vn,8028 riker road  elkridge  maryland,0.5927,15,approx_name_match
S1-31759402,hatchett red,3714 hemlock lane  orange  tx,US,S2-53051562,hatchett red downtown,orange  po box 2411  tx  3735 hemlock lane,0.7689,11,approx_name_match
S1-317840041,bay federation,64735 e  town of keystone  wi,US,S2-113486216,bay federation,ct  104 jonathan lane  mansfield,0.79,24,same_name_different_addr
S1-318176621,heidie s smart pet care llc,310 paintbrush drive  prescott valley  az,US,S3-828171343,heidie s smart pet care highland llc,arizona  dewey  316 paintbrush drive,0.7403,68,approx_name_match
S1-319067278,education association,12670 lemaster drive  prince william county  va,US,S2-120561756,education association,wa  m st  tacoma,0.79,36,same_name_different_addr
S1-319278915,baptist services llc,980 mercantile drive  unit j  hanover  md,US,S2-326827671,baptist services llc,,0.79,46,same_name_different_addr
S1-319355986,regional mortgage global,3356 hershberger road  unit apt 39  roanoke city  va,US,S3-284515745,regional mortgage global inc,null   roanoke city  virginia  3377 hershberger road,0.803,17,approx_name_match
S1-319840616,joella braga bynordic,n91w17058 apple tree court  unit unit 4  village of menomonee falls  wi,US,S2-849630940,joella  braga bynordic ltd,n a  wi  n91w17069 apple tree ct  menomonee falls,0.8465,89,approx_name_match
S1-319855795,silver grill,1921 johnson road  plymouth township  pa,US,S2-269981765,silver grill,,0.79,35,same_name_different_addr
S1-320523951,the dent pizza,71 oakbrook lane  torrington  ct,US,S3-151117376,the dent  pizza,571a beverly glen ct  lake havasu city  arizona,0.7958,38,approx_name_match
S1-321791216,fresh software collective,4265 college avenue  indianapolis  in,US,S3-752509491,fresh software  collective,119030a german gulch road  butte silver bow  montana,0.7862,37,approx_name_match
S1-32196310,fionnula gerard metro renewables,145 webster street  unit i  hanover  ma,US,S2-70324240,kruse gerard metro renewables inc,145 webster st  hanover  ma,0.6434,68,approx_name_match
S1-32280281,lucky cafe,240 persimmon drive  unit c  pinebluff  nc,US,S3-174962472,lucky cafe llc,pinebluff    c  245 persimmon drive  north carolina,0.79,43,approx_name_match
S1-323904937,kuhn classic joint associates,wi  245940 hh  town of harrison,US,S2-498878599,kuhn classic joint associates partners lp,245951 hh  town of harrison  wi,0.8533,39,approx_name_match
S1-324369040,ambur givens supreme medical,231 sg posey street  vail  az,US,S2-464531318,ambur givens supreme medical  riverside,235 sg posey st  vail  az,0.5504,67,approx_name_match
S1-32438795,valley institute,255 james street  smithfield town  va,US,S2-419705193,valley institute,,0.79,38,same_name_different_addr
S1-324696873,cure auto body,14701 chalet drive  del valle  tx,US,S2-852129109,cure  auto body,,0.7655,64,approx_name_match
S1-325894834,keystone smith inc,395 lively hope road  northumberland county  va,US,S2-314931715,keystone smith inc,,0.79,14,same_name_different_addr
S1-328243900,cybil gust associates inc,1324 skyridge drive  unit a  crystal lake  il,US,S3-896064525,cybil gust agriculture inc,illinois  1337 skyridge drive    a  crysal lake city,0.6253,111,approx_name_match
S1-329392274,martin pampa llc,1585 aa30 road  neal  ks,US,S3-332277597,martin pampa ltd,kansas  1596 aa30 road  neal,0.7996,1,approx_name_match
S1-330238942,memorial project,20 ingate  unit 24  louisburg  nc,US,S2-733870619,memorial project,,0.79,37,same_name_different_addr
S1-331067020,pickett   warren llc,az  16700 alpine gold lane  unit 7  surprise,US,S2-469009749,pickett   warren ltd,16709 alpine gold ln  surprise dysart retail  az,0.8102,14,approx_name_match
S1-331738969,dental capital associates,6625 pioneer street  ridgefield  wa,US,S3-48886852,dental capital  associates,union st  marshfield  massachusetts,0.8049,38,approx_name_match
S1-331752689,optor,145 ward street  unit 67  revere  ma,US,S3-465788787,optor,,0.79,32,same_name_different_addr
S1-332156018,bright book store,492 highview street  thousand oaks  ca,US,S2-988341873,bright book store,,0.79,47,same_name_different_addr
S1-33291368,thomas and fischer inc,230 weaver street  unit apartment 1  rochester  ny,US,S3-978413494,thomas  and fischer inc,,0.7584,2,approx_name_match
S1-334582866,golden auto body llc,5000 old mountain road  stony point  nc,US,S2-845278151,golden auto body  llc,carolina ave  nc  ahoskie,0.8002,37,approx_name_match
S1-334882285,49 72 telecommunication,elmhurst  il  905 fairfield avenue,US,S3-260340262,49 72 telecommunication downtown,912 fairfield avenue  elmhurst  illinois,0.7953,58,approx_name_match
S1-33513872,eye golden medicine,1341 beechview drive  oh  vermilion,US,S2-193870432,eye golden medicine group,1350  beechview drive  vermilion  oh,0.5359,16,approx_name_match
S1-339089012,beth presbyterian church,1230 palmer street  downers grove  il,US,S2-24673015,beth presbyterian church,ct  shelton  null  373 long hill ave,0.79,29,same_name_different_addr
S1-341919326,georgianna f  michel  d o,az  tucson  8726 getsinger lane,US,S3-173134219,georgianna f  mirchl  d o  corp,8729d getsinger ln  tucson  arizona,0.7234,123,approx_name_match
S1-343956927,american launch inc,3406 springtree lane  sand springs  ok,US,S2-19575125,american launch  inc,,0.785,5,approx_name_match
S1-344107908,heartland select village inc,3806 matias river court  fulshear  tx,US,S2-82858435,heartland select village east inc,3809 b matias river court  fulshear  tx,0.5411,3,approx_name_match
S1-345504035,buchanan worldwide inc,pa  801 franklin street  pottstown borough,US,S3-983827278,buchanan worldwide  inc,17025 jean louise rd  sherwood  oregon,0.7857,28,approx_name_match
S1-348528848,niia llc,402 peoria street  paola  ks,US,S2-647564451,niia  llc,,0.7789,52,approx_name_match
S1-348546408,cancer fund,nc  durham  501 carver street,US,S3-752087811,cancer fund,,0.85,37,same_name_different_addr
S1-348958786,big yoga center,325 morrow street  waitsburg  wa,US,S2-239694073,big yoga center llc,330 morrow street  waitsburg  wa,0.5453,22,approx_name_match
S1-349739145,route 92 pilates,11 oriole road  clarkstown  ny,US,S2-251733078,route 92 pilates lp,axis mundi rd  eustis  me,0.7558,3,approx_name_match
S1-352294914,lawson ace carlyle inc,huron  oh  unit h  3214 cleveland road,US,S3-570058221,lawson ace carlyle,bedford  virginia  1081  ratliff rd,0.7867,4,approx_name_match
S1-354709976,blue barbershop,6444 blackwater road  virginia beach city  va,US,S3-588970746,blue barbershop,hancock rd  virginia  appomattox county,0.82,63,same_name_different_addr
S1-354984463,red auto body,3210 barnes avenue  ny  bronx,US,S2-58930165,red auto body,or  ashland  721 main st,0.79,26,same_name_different_addr
S1-354992277,maid ice cream,25 oxford park  unit b  revere  ma,US,S2-784301981,maid ice cream,4911c brelsford woods dr  columbus  oh,0.79,34,same_name_different_addr
S1-355016722,seabrook apex star inc,191 brown avenue  holyoke  ma,US,S2-422791397,seabrook apex star south inc,200 brown avenue  holyoke  ma,0.5452,25,approx_name_match
S1-357522190,behavioral health atlantic specialists llc,1002 altavista lane  smyrna  tn,US,S2-960412193,behavioral health atlantic specialists inc,smyrna township  1005 altvista ln  tn,0.8157,38,approx_name_match
S1-358022863,vania s partners clinic,1418 progress loop  la grande  or,US,S2-274158523,vania s partners clinic co,1423 progress loop  la grande  or,0.5946,55,approx_name_match
S1-35827203,a cure 5 it,4200 cypress grove lane  greensboro  nc,US,S2-138298486,a cure 5 it,,0.79,30,same_name_different_addr
S1-358343601,g 7 p fusion,340 pleasant street  weymouth  ma  unit b,US,S3-326088275,g 7 p fusion  co,weymouth  361 1 2 pleasant st  massachusetts    b,0.7902,18,approx_name_match
S1-359381262,lumiq starling,ut  3433 990  nibley,US,S2-546870951,lumiq starling,19 terrace dr  new cumberland borough  pa,0.79,86,same_name_different_addr
S1-36083320,tri state trust,in  2438 ridgewood street  highland,US,S3-879147808,tri state  trust,aubunr  410 10th street  indiana,0.8604,28,approx_name_match
S1-360950336,knudsen cambridge,830 monarch lane  huntingtown  md,US,S2-378541645,knudsen cambridge,lyonswood dr  owings mills  md,0.8067,33,same_name_different_addr
S1-361008648,heart trust,1309 ocean drive  oxnard  ca,US,S3-646427856,heart trust,528a magazine st  unit apt 203  valeljo  california,0.79,25,same_name_different_addr
S1-361428347,optimal prairie alliancebernstein llc,6922 middle cove drive  dallas  tx,US,S3-121246544,optimal prairie alliancebernstein,dorado dr  laredo  texas,0.765,2,approx_name_match
S1-362520484,regional senior inc,knoxville  tn  unit c  6504 deane hill drive,US,S2-233759850,regional senior inc,722 mt vernon ave  chattanooga  tn,0.8015,36,same_name_different_addr
S1-362941517,tansy l  flores  md  pc,424 ambrose creek road  stevensville  mt,US,S2-233113037,tansy l  flores  pc ltd center,mt  345 ambrose creek road  stevensville,0.7213,44,approx_name_match
S1-363559497,smith resources,150 laurel creek campground road  unit 9  fentress county  tn,US,S2-199091057,smith resources,,0.79,8,same_name_different_addr
S1-363905865,pacific endocrinology,tx  1201 glenda drive  bedford,US,S2-704140437,pacific endocrinology partners,1205 glenda dr  bedford  tx,0.8403,29,approx_name_match
S1-365148773,patriot academy,florence  775 225  tx,US,S2-686212998,patriot academy,45 lockhart avenue  harwood township  tx,0.8067,17,same_name_different_addr
S1-365757238,liberty foundation llc,1655 hoffman road  jackson springs  nc,US,S2-475025299,liberty foundation llc,,0.79,19,same_name_different_addr
S1-367101785,first gulf square llc,5110 stagecoach road  little rock  ar,US,S3-244272184,first gulf square  westgate llc,arkansas  little rock  5131 stagecoach road,0.7894,16,approx_name_match
S1-367476188,hutchinson superior medical corp,7616 king s hill avenue  baton rouge city  la,US,S2-105956019,hughes superior medical corp,7616 king s hill ave  baton rouge  la,0.7264,38,approx_name_match
S1-367705840,rocky association inc,18414 90th lane  peoria  az,US,S2-939181247,rocky association,lewis avenue  az  phoenix,0.7529,34,approx_name_match
S1-367984008,commission on public works,5111 trail dust lane  arlington  tx,US,S3-778265282,commission on  public works,driftwood  texas  1256 rutherford drive,0.7728,42,approx_name_match
S1-368458637,interstate federation,1214 voelker avenue  yakima  wa,US,S3-814913800,interstate federation,new york  13 dubois avenue  valley stream,0.8036,37,same_name_different_addr
S1-369757329,west smart hotels inc,tulsa  9306 73rd place e  ok,US,S3-886749119,west smart hotels llc,9308 73rd pl e  tulsa  oklahoma,0.8217,1,approx_name_match
S1-371982420,division of housing,196 private road 1408  morgan  tx,US,S2-831802525,division of  housing,lakeview  oh  10601 sr 235,0.785,37,approx_name_match
S1-372220148,pipefitters local 284,norwalk  oh  55 state street,US,S2-487715210,pipefitters local 284 northside,56 state saint  norwalk  oh,0.7871,30,approx_name_match
S1-37428990,dehlia hawkins  d c,9730 pilgrim road  dixon  il,US,S2-996160549,dehlia hawkins  hawkins  d c  uptown corporation,dixon    9734 pilgrim road  il,0.6918,72,approx_name_match
S1-374659266,division of public works,28 scheffer gap road  shenandoah county  va,US,S2-965951441,division of public  works,floyds knobs  in  6014 benchmark ii,0.786,48,approx_name_match
S1-374794556,back alley yoga corp,nc  goldsboro  140 stoney manor drive,US,S2-984940867,back alley yoga,38 plantation drive  southern pines  nc,0.7539,36,approx_name_match
S1-376451657,uptown barbershop llc,10265 state rt 185  covington  oh,US,S3-168944525,uptown barbershop  llc,unit unit 34  sierra way  san bernardino  california,0.7855,52,approx_name_match
S1-376823327,behavioral health desert care inc,905 main street  clovis  nm,US,S2-314909683,behavioral health desert care llc,918 main street  clovis  nm,0.5465,1,approx_name_match
S1-377048866,cati burd prairie alternative,13119 huntleigh way  sugar land  tx,US,S3-65073506,rodas brd prairie alternative,texas  sugar land  13119 huntleigh way,0.6826,107,approx_name_match
S1-3779266,heartland guild,7224 elwood avenue  unit apartment  19105  tulsa  ok,US,S3-93023677,heartland guild,kansas ave  blackwell  oklahoma,0.8036,33,same_name_different_addr
S1-37797339,dorman idea,blackstone town  va  unit d  111 main street,US,S3-171578758,dorman idea inc,116 main street  unit d  blackstone  virginia,0.8163,58,approx_name_match
S1-378126730,spence  courtney   kogan clinic,1310 oak knoll drive  cincinnati  oh,US,S2-675022818,spence  courtney   kogan clinic west,314 oak knoll dr  cincinnati  oh,0.5825,36,approx_name_match
S1-379022708,operating engineers local union 94,102 montgomery street  johnstown  ny,US,S3-365612632,operating engineers  local union 94,,0.7695,63,approx_name_match
S1-379408718,consolidated education systems inc,125 dickey hill road  monroe  me,US,S3-56537093,consolidated education systems inc,perham street  boston  massachusetts,0.79,42,same_name_different_addr
S1-383104750,heart council,2001 shaw street  peru  in,US,S2-992506781,heart council,mn  north branch  04940 384th trl,0.79,25,same_name_different_addr
S1-384589500,urban cleaning service inc,14769 twinflower drive  portland  or,US,S2-326271834,urban cleaning service inc,great falls  mt  1200 32nd st,0.79,50,same_name_different_addr
S1-385487409,go fund llc,401 little horse gap pvt drive  kingsport  tn,US,S2-351597606,go fund llc eastgate,403 little horse gap pvt dr  kingsport  tn,0.5369,43,approx_name_match
S1-386000096,lonevue llc,610 127th street  burien  wa,US,S3-747279374,lonevue group,washington  burien  623 127th street,0.5647,4,approx_name_match
S1-386192893,pavaex blue preferred,125 200  oak city  ut,US,S2-787480515,pavaex blue  preferred ltd,127 200  oak city  ut,0.5617,30,approx_name_match
S1-38672296,ear nose   throat heartland health,oh  5609 harleston drive  lyndhurst,US,S3-658934274,ear nose   throat heartland health,18780 the glebe ln  charles city  virginia,0.79,4,same_name_different_addr
S1-386892583,cozy ice cream  care,12 r sparhawk street  boston  ma,US,S2-879918991,viokor ice inc  care cream,12 r sparhawk st  boston  ma,0.6915,7,approx_name_match
S1-388140269,cascade project,370 easonwood avenue  collierville  tn,US,S2-32330578,cascade  project,,0.7837,24,approx_name_match
S1-388759589,south animal hospital,wi  city of mayville  1010 river knoll drive  unit unit c,US,S2-756241324,south animal hospital,024050 royalton road  columbia station  oh,0.79,7,same_name_different_addr
S1-389012092,beor investments associates,helper  2026 aspen drive  ut,US,S3-605516518,beor investments associates llc,2031 aspen drive  helper  utah,0.8247,82,approx_name_match
S1-390254060,zs supreme telefonica  llc,6911 bethune avenue  austin  tx,US,S2-988772632,zs supreme telefonica west   llc,6922  bethune avenue  austin  tx,0.5479,82,approx_name_match
S1-391164749,buchanan diamond myers,47 state hwy 240  ranchos de taos  nm,US,S2-835838959,buchanan diamond  myers,paddock road  cincninati  oh,0.7857,1,approx_name_match
S1-391415334,applied investment digital,il  mason city  406 mason street,US,S2-156025511,applied investment digital llc,415 mgson st  mason city  il,0.8525,1,approx_name_match
S1-392194268,division of housing,6852 aviano drive  camarillo  ca,US,S2-831802525,division of  housing,lakeview  oh  10601 sr 235,0.785,69,approx_name_match
S1-392447030,allied trust  llc,6735 400  columbia city  in,US,S2-25278473,allied trust  llc,greenbelt  md  8150 d lakecrest dr,0.79,24,same_name_different_addr
S1-393510488,hardin   hill,584 camaro rift trail  wendell  nc,US,S2-177121314,hardin   hill,sturdivant ave  klamath falls  or,0.79,7,same_name_different_addr
S1-394336660,children s project,1716 acosta road  anthony  nm,US,S2-567244745,children s project incorporated,7926c cedar point dr  newburgh  in,0.6826,31,approx_name_match
S1-394402336,aviva hart safe wells,182 eli masters road  jonesborough  tn,US,S3-634341393,aviva hart safe wells uptown,tennessee  189 eli masters road  jonesborough,0.8139,71,approx_name_match
S1-395943531,lovett   marin inc,5849 81st street  indianapolis  in,US,S3-468772426,lovett   marin ltd,5856d 81st street  indianapolis  indiana,0.7938,40,approx_name_match
S1-396222178,physical therapy center llc,4309 new orleans way  virginia beach city  va,US,S2-250110939,physical therapy center llc,marrion township  oh  01980 linda st,0.79,48,same_name_different_addr
S1-396402444,albanese arbor,3539 kiowa road  youngstown  oh,US,S2-695478720,albanese  arbor,wazeecha ave  town of grand rapids  wi,0.7833,52,approx_name_match
S1-397541156,robles texas llc,17609 piney point road  tall timbers  md,US,S2-47375823,robles  texas llc,,0.7654,3,approx_name_match
S1-402411925,downtown tavern,170 east street  lore city  oh,US,S3-76480188,downtown tavern,minnesota  moorhead  331 70th street,0.805,43,same_name_different_addr
S1-402588763,red tattoo,216 marengo dr  woodland hills  ky,US,S2-342044758,red  tattoo,3st street  mishawaka  in,0.7809,43,approx_name_match
S1-40423091,querry   pittman platinum inc,eugene  1195 buff way  or,US,S2-768124594,querry   pittman plumbing inc,1202 1 2 buff way  eugene township  or,0.6799,28,approx_name_match
S1-404631202,back alley pilates,452 crossvine close  pittsboro  nc,US,S3-467256179,back alley pilates,,0.79,50,same_name_different_addr
S1-405106989,hop choice group,3 harding court  middletown  de,US,S2-221755276,hop choice  group uptown,middletown  12 1 2 harding ct  de,0.8014,28,approx_name_match
S1-406674290,andre international partners,frederick county  116 country park drive  va,US,S2-337333359,andre dental pttoretnears,123 country park drive  frederick county  va,0.61,30,approx_name_match
S1-40811876,urban tattoo,240 lathrop road  swanton  oh,US,S2-199231363,urban tattoo,ny  dry run rd  null  hornby,0.805,41,same_name_different_addr
S1-408683571,red book store,450 verbena street  il  roscoe,US,S2-662658887,red book store,portland  or  5555 55rd ave,0.79,25,same_name_different_addr
S1-408779761,arias holding company inc,4265 65th street  sacramento  ca,US,S2-779551780,arias holding company holdings,sacramento  4266 65th street  ca,0.8599,35,approx_name_match
S1-409421013,back alley grill llc,or  portland  15151 stark street,US,S2-228460892,back alley grill llc,saratoga springs  ut    2743 bellflower cir,0.85,40,same_name_different_addr
S1-411346884,congregation church,911 beechgrove drive  houston  tx,US,S2-477463264,congregation  church,oaknoll drive  huffman city  tx,0.8225,59,approx_name_match
S1-411403650,peridara fifth inc,28613 203rd avenue  wittmann  az,US,S3-342361237,peridara fifth  inc,,0.7847,102,approx_name_match
S1-412061902,fresh ice cream llc,7906 cordially way  elk grove  ca,US,S3-888461084,fresh ice cream llc,,0.79,39,same_name_different_addr
S1-412137572,sirius lp,me  scarborough  5 avenue 2,US,S2-360720566,sirius lp,93 2065  murdock township  il,0.79,2,same_name_different_addr
S1-413658725,mariele anderson fresh safe llc,ar  64 claxton lane  cabot,US,S2-342153103,mariele adsnon fresh safe corp,66 claxton lae  cabot  ar,0.604,73,approx_name_match
S1-414779360,plainfield rate llc,21325 conifer drive  plainfield  il,US,S2-301256026,plainfield c ncer colonial,plainfield  il  1133 kristi drive,0.5389,41,approx_name_match
S1-415045319,new life church,73 wembly road  greece  ny,US,S2-939227100,new  life church,everett ccdp  0061 admiralty dr  wa,0.7671,32,approx_name_match
S1-415884925,randle integrated cambridge,7155 reading road  cincinnati  oh,US,S2-484767008,randle integrated cambridge group,7157 reading rd  cincinnati  oh,0.5573,38,approx_name_match
S1-41598161,cure book store  inc,medford  or  fl 1  2110 main street,US,S3-166813808,cure book store  inc,119a everett st  southbridge  massachusetts,0.8636,13,same_name_different_addr
S1-417020656,housing guild,322 hurst drive  nashville  tn,US,S2-908810594,housing guild,oh  4857 4859 kingshill drive  columbus,0.805,42,same_name_different_addr
S1-419642118,williams  mcdonald   cavazos,4 daisy lane  rockbridge county  va,US,S2-616540807,williams mcdonald   cavazos corp,,0.7133,50,approx_name_match
S1-419842278,anne marie oconnor clear bluerock llc,2175 walnut road  north fairfield  oh,US,S3-850545316,anne marie oconnor clear  bluerock llc,fort smallwood rd  null  curtis bay  maryland,0.7877,3,approx_name_match
S1-420008578,avivah chen talon murfreesboro llc,2506 wilkinson pike  murfreesboro  tn,US,S3-709290609,avivah caen talon murfreesboro  inc,tennessee  2513 wilkinson pike  murfreesboro,0.6579,83,approx_name_match
S1-421506927,curry wilco,valparaiso  2857 brisbane drive  in,US,S2-24686733,curry brewing corporation,2866 brisbane dr  null  in  valparaiso,0.5763,37,approx_name_match
S1-421554983,pediatric dental liberty care associates llc,48633 us hwy 59  pelican rapids  mn,US,S3-965961787,pediatric dental liberty care associates llc,,0.79,8,same_name_different_addr
S1-423285572,mireielle marchant systems  llc,ia  3512 river road  dayton,US,S2-586070069,mireielle marchant systems  llc,,0.85,28,same_name_different_addr
S1-423387796,frontier institute,14934 woodland avenue  puyallup  wa,US,S2-566992925,frontier institute,ca  suisun city  1204 michael ct,0.79,27,same_name_different_addr
S1-424419438,fresh bistro,1n 121 county farm road  unit 2b  winfield  il,US,S3-794949123,fresh bistro   holdings,1n 132 county farm rd  unit 2b  winfield  illinois,0.8756,45,approx_name_match
S1-424744472,literacy fund,7112 wise lane  king george county  va,US,S2-266310644,literacy fund,huntsman drive  manassas  va,0.805,38,same_name_different_addr
S1-426274831,cultural league,10055 ohio street  keystone  in,US,S2-506511805,cultural league,ct  51 center st  southington,0.8067,34,same_name_different_addr
S1-426489808,christ emanuel,7820 st rt 48  waynesville  oh,US,S3-948330385,christ emanuel,avndale  11633 madison st  arizona,0.805,28,same_name_different_addr
S1-426602491,rocky federation,208 coyote ridge drive  cedar creek  tx,US,S2-567602302,rocky federation,pine brook circle  cincinnati  oh,0.79,12,same_name_different_addr
S1-427207309,heritage federation,tn  1526 puryear place  brentwood,US,S3-120738756,heritage federation,935 scott hwy  robbins  tennessee,0.79,44,same_name_different_addr
S1-42724704,summit colonial copper pllc,2714 maxroy street  houston  tx,US,S2-82118693,summit colonial  copper inc,tx  2721 maxroy street  houston,0.8399,3,approx_name_match
S1-427529551,chamberlain golden fargo,saint louis  fl 0  8649 rosalie avenue  mo,US,S2-298307782,chamberlain golden fargo holdings,8660 rosalie ave  saint louis  mo,0.8298,60,approx_name_match
S1-427658342,national health solutions lp,270 mcelroy ford road  doyle  tn,US,S3-335523451,national health solutions partners co,doyel  272 mcelroy ford rd  tennessee,0.657,40,approx_name_match
S1-429284601,briles  kakalina  d d s,buffalo  unit suite 307  1250 bailey avenue  ny,US,S3-936064605,briles  kakalina   d d s  holdings,suite 307  new york  buffalo  1254 bailey ave,0.8349,58,approx_name_match
S1-429311142,downtown bike shop,nc  2027 howell creek way  charlotte,US,S2-836036638,downtown bike shop,,0.85,19,same_name_different_addr
S1-42948779,paz thayer,48 william way  fl 1  talent  or,US,S3-131905383,paz  thayer,oregon    l339  2252 colleen rd  prineville,0.7809,32,approx_name_match
S1-429650782,hunger fellowship,az  phoenix  8916 payson road,US,S2-997348293,hunger fellowship,,0.85,18,same_name_different_addr
S1-429772459,fish cornerstone madison llc,8019 mattox avenue  kansas city  mo,US,S2-638402022,howe cornerstone madison,kansas city  mo  8030 mattox ave,0.6005,61,approx_name_match
S1-430708014,heartland federation,3805 elliot avenue  springdale  ar,US,S2-980954900,heartland federation,ridgefield  6 pine lake rd  ct,0.79,25,same_name_different_addr
S1-431310565,mann partners llc,greene county  1761 dunnes shop road  va,US,S2-967622377,mann partners inc,1774a dunnes shop rd  ruckersville  va,0.8446,2,approx_name_match
S1-4324362,eye care associates,706 van trees street  washington  in,US,S2-900132479,eye riverside associates care,709c van trees st  washington  in,0.7268,35,approx_name_match
S1-432455116,family society,24 lancashire way  perinton  ny,US,S2-211749821,family  society,coram  1105 kingsley place  ny   null,0.7983,27,approx_name_match
S1-433039914,zeex llc,wi  city of janesville  216 franklin street,US,S2-392683315,zeex  llc,,0.8389,25,approx_name_match
S1-434295319,piedmont opportunity inc,clovis  1919 wallace street  nm,US,S3-705137949,piedmont opportunity holdings,926 wallace st  clovis  new mexico,0.7864,1,approx_name_match
S1-434416189,paulette duran qdro,tucson  5850 rayo de luna  az,US,S2-871323156,duran  pau1ette qdro llc,5854 rayo de luna  az  tucson  n a,0.5683,84,approx_name_match
S1-435081961,board of aging,718 463  eastland  tx,US,S2-919505605,board of aging,,0.79,32,same_name_different_addr
S1-436190497,portland community church,or  portland  3146 12th avenue,US,S3-389572510,portland community church llc,knapp st  portland  oregon,0.8023,1,approx_name_match
S1-438833119,solari innovative inc,6214 schroeder road  city of madison  wi,US,S2-871523314,solari  nnovative holdings,wi  city of madison  6223 schroeder road,0.6358,42,approx_name_match
S1-439064377,temple community church,3015 park square drive  unit 201  irving  tx,US,S2-959939705,temple community church,royersford townshiip   1315 brooke dr  pa,0.8015,29,same_name_different_addr
S1-439141511,cultural federation,2522 millwood loop  harrisonburg city  va,US,S2-350000113,cultural federation,incorporated  801 benham avenue  in,0.79,13,same_name_different_addr
S1-439884183,total supply digital llc,316 ertle avenue  massillon  oh,US,S2-749476632,total supply digital coastal llc,320 ertle ave  massillon  oh,0.5375,1,approx_name_match
S1-44012628,urgent care gulf health,10909 jillian court  il  orland park,US,S3-672323966,urgent cbme gulf h alth partners,10918b jillian court  orland park  illinois,0.5601,43,approx_name_match
S1-441937858,cohen   briones prudential lp,2423 wisconsin avenue  city of new holstein  wi,US,S2-959943274,correia   briones prudential inc,2423b wisconsin ave  new hholstein city  wi,0.5634,40,approx_name_match
S1-442222180,groves  stephenson   davis,4239 goldsby street  fl 1  olympia  wa,US,S3-395363177,groves  stephenson   davis metro,washington  olympia cdp  4250  goldsby st,0.7851,104,approx_name_match
S1-446379348,bethea preparatory academy,7130 calhoun street  fort wayne  in,US,S3-903611339,bethea preparatory academy llc,7137 calhoun st  wayne  indiana,0.5304,70,approx_name_match
S1-446384227,serbin clear telecommunication llc,high ridge  5190 paradise lane  mo,US,S2-578443497,serbin clear  telecommunication,or  monroe  0950 shelby way,0.7788,33,approx_name_match
S1-446876510,haller precision pineapple inc,200 william barnett avenue  cleveland  tx,US,S3-489202622,haller precision development,texas  cleveland  211 william barnett ave,0.6055,18,approx_name_match
S1-449540809,temple cathedral,tx  houston  419 bayou cove court,US,S2-809048098,temple cathedral,201 203 3791  springtown  tx,0.805,23,same_name_different_addr
S1-450566275,education project llc,5822 pine arbor drive  houston  tx,US,S3-292934398,education project  holdings,houston  5823 pine arbor dr  texas,0.8076,31,approx_name_match
S1-45065319,yetta galvez applied,11916 san remo drive  saint louis  mo,US,S2-833807795,yetta galvez applied corp,11918d san remo dr  st louis  mo,0.8361,106,approx_name_match
S1-450929152,rev it up hair studio,148 stonegate boulevard  bowling green  oh,US,S2-522317429,rev it up hair studio,robinson hill rd  oxford  me,0.79,36,same_name_different_addr
S1-451463462,davis total salon llc,nm  albuquerque  8012 san joaquin avenue,US,S3-167649675,davis total distribution,8033 san joaquin ave  albuquerque  new mexico,0.585,29,approx_name_match
S1-451471068,fresh tavern,312 main road  conneaut  oh,US,S3-122447803,fresh  tavern,texas  1673 1 2 max rd  pearland,0.7959,29,approx_name_match
S1-454147290,pioneer staffing enterprises inc,nc  826 shober street  winston salem,US,S2-199157102,pioneer staffing enterprises co,830 shober st  winston salem  nc,0.8784,1,approx_name_match
S1-454838003,st  methodist church,696 alabama avenue  memphis  tn,US,S3-901127209,st  methodist church,,0.79,21,same_name_different_addr
S1-455534127,clean furniture llc,nc  indian trail  1026 westbury drive,US,S2-210691671,clean furniture llc,nc  3252  321 highway  newotn city  null,0.8625,3,same_name_different_addr
S1-455707178,uptown grill center,4662 santiam street  marion county  or,US,S3-895154340,uptown grill center partners,marion county  4666 santiam st  oregon,0.8011,114,approx_name_match
S1-456010594,talbot midwest artificial inc,1540 patton avenue  arlington heights  il,US,S2-835577103,talbot midwest artificial partners,il  1551 pattn ave  arlington heights,0.8053,44,approx_name_match
S1-457755721,village of waukesha ear nose   throat care associates associates,s47w22315 lawnsdale road  village of waukesha  wi,US,S3-29063575,village of waukesha ear nose   throat care associates associates inc,s47w22322 lawnsdale road  waukesa  wisconsin,0.8372,42,approx_name_match
S1-458797824,national association,17353 ridgerunner drive  vail  az,US,S2-684621263,national association,oh   2 joneswood dr  athens,0.8067,29,same_name_different_addr
S1-458957039,sharma s skin care partners,112 43rd street  fl 0  wichita  ks,US,S3-240074111,sharma s skin care partners eastgate,kansas  wichita  fl 0  0117 43rd street,0.825,58,approx_name_match
S1-459274648,pediatric dentistry care  inc,5555 deadwood drive  billings  mt,US,S2-587900295,pediatric dentistry care greater  inc,5562 deadwood dr  billings  mt,0.545,9,approx_name_match
S1-461669563,minnnie f  stauffer  m d,334 weldon street  south houston  tx,US,S2-471193753,minnnie f  stauffer  m d,,0.79,128,same_name_different_addr
S1-462124281,family services lp,1727 kenwood avenue  new hampton  ia,US,S2-793177374,family services  lp,5219c kensington pl  seattle  wa,0.7847,1,approx_name_match
S1-462583940,massey s massage,719 ray street  spokane  wa,US,S2-846783277,massey s massage holdings,wa  723 ray street  spoane,0.7919,1,approx_name_match
S1-463877285,holy church,2000 23rd street  lincoln  ne,US,S2-167055316,holy church,sagamore hills twp  688 canterbury lane  oh,0.79,22,same_name_different_addr
S1-464711087,magill california llc,tn  203 camp drive  fayetteville,US,S2-1600383,magill california  inc,corvallis  or  6003 grand oaks drive,0.7722,16,approx_name_match
S1-465906545,silver championsgate llc,341 saratoga street  unit  109  suffolk city  va,US,S3-532394932,silver championsgate inc,suffolk city  350a saratoga street  virginia,0.8011,1,approx_name_match
S1-466095162,modern standard corp,369 hudson street  unit apartment 2  buffalo  ny,US,S2-546282134,modern  standard llc,ny  370 hudson street  buffalo,0.7816,1,approx_name_match
S1-467188812,vallez select tax llc,fl  2794 penn avenue  marianna,US,S2-879902113,vallez select tax co,2798 penn ave  marianna  fl,0.8538,5,approx_name_match
S1-469926598,optor,nc  goldsboro  109 aarons run,US,S3-465788787,optor,,0.85,49,same_name_different_addr
S1-470821162,midwest committee,3538 luewan drive  indianapolis  in,US,S2-736799410,midwest committee,morton st  franklin  in,0.8088,34,same_name_different_addr
S1-471065217,sybyl walker tidewater,tx  7516 mary dan drive  dallas,US,S3-882901128,the sybyl walker tidewater tidewater group,529 mary dan dr  dallas  texas,0.7172,44,approx_name_match
S1-472336034,kujawa heritage molecular inc,71 eastgate drive  irondequoit  ny,US,S2-118409610,kujawa heritage molecular inc,,0.79,59,same_name_different_addr
S1-473760440,rich and dorn renaissancere llc,396 farm to market 1413  dayton  tx,US,S2-577180383,rutz and  dorn,dayton  396 farm to market 1413  tx,0.6103,25,approx_name_match
S1-473887864,board of aging,3808 307th place  auburn  wa,US,S2-533410795,board of aging,hillside heights dr  green  bay  wi,0.79,45,same_name_different_addr
S1-474257709,regional church,s55w33839 zz  town of genesee  wi,US,S3-656528632,regional church llc,s55w33852 zz  town of genesee  wisconsin,0.8638,48,approx_name_match
S1-477271236,interfaith coalition,92 a county road 239  vallecitos  nm,US,S2-144846896,interfaith coalition,,0.79,30,same_name_different_addr
S1-47763691,leanora s hair studio,675 southfork drive  waukee  ia,US,S3-652477669,leanora s hair studio co,679 southfork drive  waukee  iowa,0.5483,41,approx_name_match
S1-478681099,holy presbyterian church,ma  unit 2  boston  123 l street,US,S2-81610949,holy presbyterian church,fisher st  foxborough  ma,0.8833,29,same_name_different_addr
S1-479296332,national network  inc,35 koluskap road  me  pleasant point,US,S2-870279769,national network inc,overhill street  houston dp  tx,0.7852,26,approx_name_match
S1-47977165,donelle garrison cola llc,309 mesquite street  gilbert  az,US,S3-894133188,donelle garrison cola group,gilbert  arizona  316 318 mesquite street,0.7803,26,approx_name_match
S1-479862383,congregation israel,7540 harvard avenue  unit apt 205  four square mile  co,US,S2-142774291,congregation israel,st  paris  00139 plum street  oh,0.79,58,same_name_different_addr
S1-480447815,hoffman   hardison braemar corp,leon  1129 dunham road  wv,US,S2-324620828,hoffman   hardison braemar partners,1142 dunham rd  leno city  wv,0.7774,30,approx_name_match
S1-480788891,cure ice cream,columbia  869 rip steele road  tn,US,S2-657554347,cure ice cream,,0.85,56,same_name_different_addr
S1-481666942,allied council,1035 william lanier drive  williamston  nc,US,S2-544516463,allied  council,,0.7833,26,approx_name_match
S1-481668427,cultural allied initiative,218 radstock road  catonsville  md,US,S2-724367916,cultural allied initiative llc,227 radstock rd  catonsville  md,0.5742,8,approx_name_match
S1-482427032,clear stores pc,wake forest  nc  1408 merrilow court,US,S2-669141291,clear stores ltd,wake forest  nc  1419 merrilow court,0.8819,1,approx_name_match
S1-482716880,complete security union llc,30 shepard road  west hartford  ct,US,S2-836288543,complete security union llc,n1729 vandenbroek rd  town of vandenbroek  wi,0.8036,2,same_name_different_addr
S1-483198476,miller applied,453 randolph drive  centralia  il,US,S2-153419050,miller  applied,pa  228 lakeside drive  horsham,0.8,2,approx_name_match
S1-483249038,colonial fellowship,1079 pine lake road  montgomery  tx,US,S2-721593287,colonial fellowship,,0.79,21,same_name_different_addr
S1-483481053,elfrieda s better management,unit unit 34  barstow  701 montara road  ca,US,S3-726840856,elfrieda s  better magneoet inc,402 montara road  unit unit 34  bartsow  california,0.6225,41,approx_name_match
S1-484633463,historical institute,4000 miners drive  stanley  nc,US,S3-541411716,historical institute,,0.79,59,same_name_different_addr
S1-485611383,integrated shanghai  inc,village of howard  wi  1470 mighty oak trail,US,S3-970368972,integrated shanghai  inc,1477 mighty oak trl  village of howard  wisconsin,0.8582,8,same_name_different_addr
S1-486057718,heartland society llc,alexandria city  135 normandy hill drive  va,US,S2-428917941,heartland society,,0.7679,28,approx_name_match
S1-488172360,strategic infrastructure worldwide,96 400  beaver  ut,US,S2-452807547,strategic infrastructure worldwide,,0.79,1,same_name_different_addr
S1-489409014,atlantic coalition llc,1305 14th street  anacortes  wa,US,S2-530688835,atlantic coalition,state street  orem  ut,0.7546,16,approx_name_match
S1-490578891,jenilee avdic bright eastern inc,6041 cork cold springs road  geneva  oh,US,S3-624306333,jenilee avdic bright eastern  inc,,0.787,117,approx_name_match
S1-490962013,beseo inc,18 arnold drive  brookhaven  ny,US,S3-775589944,beseo inc,,0.79,29,same_name_different_addr
S1-491173338,4652 union avenue company,7084 bluebird road  canton  oh,US,S3-852686178,4652 union avenue  company,w woods drive  campton hills  illinois,0.7862,48,approx_name_match
S1-491638771,a cure 7 it,217 42nd street  oak island  nc,US,S3-607236567,a cure 7 it,lake road  red springs  north carolina,0.79,23,same_name_different_addr
S1-491912641,prairie guild,138 pinewood road  virginia beach city  va,US,S2-2346472,prairie guild,,0.79,21,same_name_different_addr
S1-492641872,the dent hair studio,540 progress drive  village of hartland  wi,US,S2-313328449,the dent hair   studio,city of mayville  1247 dayton street  wi,0.8059,32,approx_name_match
S1-493236027,desert society,531 lakeview acres road  camdenton  mo,US,S2-573295847,desert  society,dallas  888 monmouh cutoff  or,0.7833,34,approx_name_match
S1-493467812,rio rancho scholarship heritage coalition  llc,587 tulip road  rio rancho  nm,US,S2-727255104,rio rancho scholarship heritage coalition  ltd,596 tulip rd  rio rancho  nm,0.5938,29,approx_name_match
S1-493566708,bay network inc,9305 jesup lane  bethesda  md,US,S3-492231990,bay network inc,maryland  10410 cold harbor dr  hagerstown,0.79,68,same_name_different_addr
S1-494100673,chiropractic vanguard specialists llc,661 ash avenue  hector  mn,US,S3-118845089,chiropractic vanguard specialists llc,,0.79,1,same_name_different_addr
S1-494890856,housing society inc,1001 old olive way  unit apt 302  saint louis  mo,US,S2-875054746,housing society inc,muldrow  475154 1057 rd  ok,0.79,29,same_name_different_addr
S1-495029434,hunger institute,108 state street  botkins  oh,US,S2-789052767,hunger institute,ma  leominster  11 raven street,0.8067,41,same_name_different_addr
S1-495195680,straight edge yoga,232 legion street  brooklyn  ny,US,S2-117249269,straight edge yoga,,0.79,42,same_name_different_addr
S1-495337151,optimal better solutions llc,ny  unit lot 3  halfmoon  47 firehouse road,US,S3-656887517,optimal better solutions corp,68 firehouse rd  unit lot 3  halfmoon  new york,0.8341,38,approx_name_match
S1-496430914,marketa cornett pinnacle john,nc  manteo  815 64 highway,US,S2-404673393,the marketa cornett pinnacle  john harbor,818 64 highway  manteo  nc,0.7828,96,approx_name_match
S1-496748281,fresh barbershop,3826 legation street  washington  dc,US,S2-827833762,fresh barbershop,dc  washington  3811 3813 kanawha st,0.8462,36,same_name_different_addr
S1-498338753,trusted technology care,wy  409 lawson street  unit 1  pine bluffs,US,S3-583134673,trusted technology care ltd,420 lawson st    1  pine bluffs  wyoming,0.8353,1,approx_name_match
S1-500367771,coastal school of medicine,7417 cindy court  hanover county  va,US,S2-38978038,coastal school of medicine,,0.79,43,same_name_different_addr
S1-501032060,laverna delcastillo best iris llc,newry  me  80 keystone drive,US,S2-821424380,laverna delcastillo best iris holdings,0082 keystone dr  newry  me,0.8595,72,approx_name_match
S1-503993838,delta medical center,7851 whitewing drive  mohave valley  az,US,S2-192121768,delta  medical,clay street  tiffin dcp  oh,0.679,38,approx_name_match
S1-504050546,horne and powell  llc,nc  951 harriett street  henderson,US,S3-900835933,horne and powell east  llc,958 harriett saint  north carolina  henderson,0.7434,8,approx_name_match
S1-504285498,great alliance,6869 nacelle road  rio rancho  nm,US,S2-959807905,great alliance,center saint  plymouth  in,0.79,44,same_name_different_addr
S1-50503406,jackson   lady,1400 westinghouse road  unit 2216  georgetown  tx,US,S2-915473889,jackson   lady group,georgetown  413 westinghouse rd  tx,0.8005,24,approx_name_match
S1-506679272,vantiq vertical  llc,unit 2  brookline  ma  489 boylston street,US,S3-862846892,vantiq vertical  corp,502 boylston street    2  brookline  massachusetts,0.8041,66,approx_name_match
S1-508024395,blue foundation,1102 moir farm road  lawsonville  nc,US,S2-268181886,blue foundation,,0.79,61,same_name_different_addr
S1-508154534,interstate trust,370 ocean avenue  unit 1301  revere  ma,US,S3-822886935,interstate  trust,,0.7841,24,approx_name_match
S1-510938303,teis  inc,5359 highway 62  gassville  ar,US,S3-675017033,teis inc,,0.7789,95,approx_name_match
S1-510987779,bright learning company groton,23 prospect street  groton  ct,US,S3-357383660,bright learning company groton co,27 c prospect st  groton  connecticut,0.5518,9,approx_name_match
S1-514166392,sweet cleaning service,5 strawberry place  waynesville  nc,US,S3-908159463,sweet cleaning  service,,0.7857,41,approx_name_match
S1-514516165,lucky diner,8005 lanyard terrace  charlotte  nc,US,S2-432449525,lucky diner,,0.79,74,same_name_different_addr
S1-516309807,ortiz jena,5524 wabash avenue  kansas city  mo,US,S2-840787356,ortiz jena,49th street  corvallis  or,0.79,16,same_name_different_addr
S1-516491438,the dent nails,6157 avalon drive  kannapolis  nc,US,S2-249532158,the dent nails,76th street  tulas  ok,0.79,58,same_name_different_addr
S1-516614294,henson parts,1337 arkwright street  unit apartment 314  saint paul  mn,US,S3-955670855,henson property solutions,saint paul    apartment 314  minnesota  1338 arkwright street,0.5745,36,approx_name_match
S1-516729433,custom supply holdings,1642 valor drive  petersburg city  va,US,S2-659270340,custom  supply,castlebury dr   null   chester  va,0.7251,42,approx_name_match
S1-518842012,highland classic amplify,7216 16th avenue  seattle  wa,US,S2-455593074,highland classic amplify,9472a 420  strang  ok,0.79,2,same_name_different_addr
S1-520290406,ihw maywood llc,913 spartan drive  missoula  mt,US,S2-597243113,ihw maywood partners,926b spartan drive  missoula city  mt,0.7712,36,approx_name_match
S1-520351094,beacon environmental consultants inc,1726 beachview court  crown point  in,US,S3-295283864,beacon environmental consultants  inc,royston road  charlotte  north carolina,0.7873,26,approx_name_match
S1-520596771,davis  bennie  m d,college point  12 12 117 street  ny,US,S3-538492891,davis  bennie  m d  corp,12 2 117 street  college point  new york,0.8314,45,approx_name_match
S1-520930043,straight edge yoga,8897 ironwood avenue  cottage grove  mn,US,S2-117249269,straight edge yoga,,0.79,54,same_name_different_addr
S1-522064735,lengyel texas,merced  ca  1047 century circle,US,S2-197973711,lengyel texas,112 broadway street  anadarko  ok,0.79,32,same_name_different_addr
S1-52296437,sweet coffee,pickerington  oh  9844 wagonwood drive,US,S2-344953936,sweet coffee,bellflower ave  canton  oh,0.8688,74,same_name_different_addr
S1-522976298,riechers archimedes llc,6612 mount tacoma drive  lakewood  wa,US,S3-801612722,riechers archimedes  llc,2nd avenue  po box 9096  beach city  ohio,0.7858,5,approx_name_match
S1-52407898,feix  llc,121 cypress court  weldon  nc,US,S2-297384186,feix   llc,,0.78,50,approx_name_match
S1-524285911,housing guild,319 bartow drive  fayetteville  nc,US,S2-908810594,housing guild,oh  4857 4859 kingshill drive  columbus,0.805,65,same_name_different_addr
S1-525626410,cabral and reding microelectronics group,me  39 briggs lane  fryeburg,US,S2-573721067,cabral and reding microelectronics group metro corp,frryeburg city  60 brigas ln  me,0.823,50,approx_name_match
S1-526570419,liberty institute,3012 cottage lane  maplewood  mn,US,S2-28441459,liberty institute,,0.79,17,same_name_different_addr
S1-526764623,blue charter school  inc,ct  26 westridge lane  middletown,US,S3-700103459,blue charter school,massachusetts  po box 7725  burlington  5 chadwick road,0.7678,3,approx_name_match
S1-52696099,silver pub,7640 regional airport boulevard  unit unit 600  bentonville  ar,US,S3-601549155,silver pub partners,arkansas  bentonville  unit unit 600  7645 regional airport boulevard,0.7897,12,approx_name_match
S1-528689541,secure metropolitan united inc,395 beech street  highland park  il,US,S2-235532561,secure metropolitan united ltd,399  beech street  highland park  il,0.5327,1,approx_name_match
S1-528945775,certified clean automotive llc,26961 spyglass drive  orange beach  al,US,S2-731200914,certified clean automotive llc,,0.79,2,same_name_different_addr
S1-530275899,am fifth inc,az  11033 cheshoni street  phoenix,US,S2-424865271,wm fifth inc,11044 cheshoni saint  phoenix  az,0.7098,26,approx_name_match
S1-530828225,star business innovations llc,27w 158 breme drive  warrenville  il,US,S3-758785482,star business inonorvstions lakeside llc,warrenville  illinois  27w 165 breme drive,0.7053,34,approx_name_match
S1-531230705,gonzalez and alvares llc,819 meadow oaks drive  dripping springs  tx,US,S3-856553633,gonzalez and alvares valley llc,texas  822 826 meadow oaks dr  dripping sprngs,0.7725,4,approx_name_match
S1-536300309,bridges  dulciana  d c   dds pc,wa  8311 61st street  vancouver,US,S3-806103179,dds dulciana  d c   bridges  pc west,8314 61st saint  vancouver  washington,0.6011,44,approx_name_match
S1-537029537,health institute  llc,5752 table rock drive  fort worth  tx,US,S3-341084142,health  institute  inc,texas  0411 wild berry dr  fort worth,0.7466,56,approx_name_match
S1-537129753,daveen salas israel,2708 bent creek drive  in  evansville,US,S2-415130698,daveen  salas israel,oh  waverly  st rte 551,0.7692,40,approx_name_match
S1-538303286,allied trust,515 center avenue  fl 1  cuyahoga falls  oh,US,S2-90674425,allied trust,columbia ave  dallas  tx,0.8036,24,same_name_different_addr
S1-539496328,solify grupo llc,anchorage  unit cond  ak  3541 heartwood place,US,S3-31959001,holdings solify grupo,3546 heartwood pl  alaska  anchorage,0.6793,41,approx_name_match
S1-539563150,sink classic freedom inc,99 pattison avenue  mount vernon  oh,US,S3-566697314,sink classic transport inc,mount vernon  ohio  103 pattison ave,0.6567,71,approx_name_match
S1-540263469,christ cathedral,10 forsyth street  unit 458  boston  ma,US,S2-620799508,christ cathedral,ct  simsbury  37 overlook terrace,0.79,32,same_name_different_addr
S1-541198812,highland council,11910 973  manor  tx,US,S2-923420030,highland council,,0.79,50,same_name_different_addr
S1-54228307,valley association,5103 cypress spring drive  missouri city  tx,US,S2-804342476,valley association,,0.79,11,same_name_different_addr
S1-543431110,wenda chavez green adamas llc,ok  bixby  7505 134th street,US,S3-924104756,wenda chavez green cleaning service llc,7518 7520 134th street  bixby  oklahoma,0.6149,26,approx_name_match
S1-543933684,strategic housing llc,78 margin street  peabody  ma,US,S2-320369993,strategic housing inc,peabody  ma  80 mrgin st,0.8038,38,approx_name_match
S1-545246953,qhr liberty travel,54015 pinon drive  yucca valley  ca,US,S2-210148724,qhr liberty travel corp,ca  4019 pinon dr  yucca valley,0.8734,2,approx_name_match
S1-546299906,h p   k iii brookhaven,6 robin drive  brookhaven  ny,US,S2-569041713,co h p   k iii brookhaven,8 robin dr  brookhaven  ny,0.548,25,approx_name_match
S1-548901895,netech  llc,8900 spur road  fairfax county  va,US,S2-982208341,netech,,0.6782,55,approx_name_match
S1-549001003,fulgham value chase llc,110 lourmel street  bridgeport  ct,US,S3-16770764,fulgham value chase inc,connecticut  119 lourmel st  birdgeport township,0.7623,30,approx_name_match
S1-54936567,uptown barbershop,607 main street  lewiston  me,US,S2-546105543,uptown  barbershop,11th street  terrebonne  or,0.8032,38,approx_name_match
S1-549728145,qd midwest babcock llc,1412 57th street  galveston  tx,US,S2-199786982,qd midwest babcock llc,,0.79,5,same_name_different_addr
S1-552767801,wildlife council,7303 crestline street  unit 54  spokane  wa,US,S2-308182112,wildlife council,old houston rd  conroe  tx,0.79,62,same_name_different_addr
S1-553691060,frantz advanced inc,4919 catholic church road  knoxville  md,US,S3-722712082,partners frantz advanced,4920c catholic church road  knoxvile  maryland,0.6823,49,approx_name_match
S1-554249639,george sim of albuquerque,nm  1005 palomas drive  albuquerque,US,S3-370410349,george group of  albuquerque sim,albuquerque  101 palomas drive  new mexico,0.7255,52,approx_name_match
S1-555421307,grayson county motors,31 loggers lane  grayson county  va,US,S2-322756302,grayson county family association,grayson county  va   149 partner ln,0.6108,80,approx_name_match
S1-555666187,corner massage,6110 samuell boulevard  dallas  tx,US,S3-925014371,corner massage,texas  1689 patton drive  garland,0.79,45,same_name_different_addr
S1-55570671,family trust,102 armour street  canton  ok,US,S3-941035709,family trust,north dakota  fargo  23st ave,0.79,23,same_name_different_addr
S1-556228775,oneill legacy ocean inc,md  temple hills  3344 huntley square drive,US,S2-173526902,oneill legacy ocean inc,wa  4515 1 2 229nd ave  redmond,0.85,26,same_name_different_addr
S1-558859964,smith montessori school,1524 sycamore court  goshen  in,US,S3-443650997,smith montessori school,drham city  russell rd  north carolina,0.79,5,same_name_different_addr
S1-558922731,behavioral health bright group,5150 bandera street  unit unit 17  montclair  ca,US,S3-310039534,behavioral health bright group ltd,5161 bandera st    unit 17  montclair  california,0.5693,2,approx_name_match
S1-559259059,pedregon cornerstone mining llc,6616 jocelyn hollow road  nashville  tn,US,S2-485645026,pedregon cornerstone media llc,nashville  tn  2629 jocelyn hollow rd,0.7457,24,approx_name_match
S1-560214879,chumney elite family practice llc,286 penhale avenue  campbell  oh,US,S3-528816759,chumney elite family practice l l c,california  santa cruz  parnell st,0.756,12,approx_name_match
S1-561032682,rocky centurion inc,az  1456 delahunt street  tucson,US,S2-358705896,rocky centurion ltd,1477 delahunt street  tucson  az,0.8546,3,approx_name_match
S1-562599848,straight edge bistro,428 enchanted drive  anderson  in,US,S3-821722280,straight edge bistro,eatonville  washington  6914 b 352th st,0.79,23,same_name_different_addr
S1-563240838,cozy massage,15007 jenista lane  cypress  tx,US,S2-429110877,cozy massage,fort worth  4262 lake villas drive  tx,0.8036,46,same_name_different_addr
S1-564852144,valley ministries,5710 mckinzie road  otis orchards  wa,US,S3-147412880,valley ministries,,0.79,24,same_name_different_addr
S1-565290085,colonial health center,1437 owl lane  city of janesville  wi,US,S2-458790559,colonial health  center,101b alison rd  horsham township  pa,0.7857,7,approx_name_match
S1-565632596,laborers local union 489,5804 sherman street  houston  tx,US,S2-327965253,laborers local union 489,oh  payne cddp  00406 maple st,0.805,28,same_name_different_addr
S1-568420565,national infrastructure digital l l c,386 gray road  lexington  nc,US,S2-493545086,national infrastructure digital l l c,20st street   null   broken arrow  ok,0.765,3,same_name_different_addr
S1-56884502,saint church,4219 barth road  lockhart  tx,US,S2-750412671,saint church,pa  gilbertsville  647b swamp picnic rd,0.805,46,same_name_different_addr
S1-569542600,peria f  coy  d c,unit 35  5720 rancho manana boulevard  cave creek  az,US,S3-400301063,peria f  com  d c  llc,5741 rancho manana boulevard  n a  cave creek  arizona,0.6459,113,approx_name_match
S1-569940879,valry clay american llc,3211 hollister street  houston  tx,US,S2-784105337,valry cl y seafood llc,3211 hollister st  houstno  tx,0.6079,27,approx_name_match
S1-570428527,vitoria reinheimer  d d s,4434 ruth avenue  glendale  az,US,S2-597475956,vitoria reinheimer  d d s  ltd,glendale  az  4445 ruth ave,0.8667,35,approx_name_match
S1-570614611,cassey grubb chadwick llc,426 200  unit 501  salt lake city  ut,US,S3-850024584,cassey gdb chadwick westgate  llc,salt lake city    501  447 200  utah,0.631,121,approx_name_match
S1-571351652,trinity fellowship,109 union avenue  unit apartment 10  old orchard beach  me,US,S2-240224639,trinity fellowship,shuler avenue  hamilton  oh,0.8015,44,same_name_different_addr
S1-573474888,corner grill,121 country road  brookhaven  ny,US,S2-372480770,corner grill,harford rd  caroline  ny,0.8329,19,same_name_different_addr
S1-574739092,congregation ministries,6624 hidden lake trail  brecksville  oh,US,S2-975983754,congregation ministries,girard  1581  oak st  oh,0.805,30,same_name_different_addr
S1-574876409,blue cardiology,1110 hartsville pike  gallatin  tn,US,S3-343897477,blue  cardiology,tennessee  clarksville  1542 hereford blvd,0.7837,13,approx_name_match
S1-575635940,advanced industrial,214 champion street  gray  la,US,S2-577091282,advanced industrial,,0.79,2,same_name_different_addr
S1-576760744,hetty s  lopez  d d s,2640 wagon wheel road  unit 350  oxnard  ca,US,S3-798342178,hetty s  lopez  d d s  coastal corporation,2647c wagon wheel road    350  city of oxnard  california,0.748,45,approx_name_match
S1-576816007,orella huff  cpa inc,1764 frazier road  tucson  az,US,S2-854308596,orella huff  cpa l l c,tucson  az  1769 fraizer rd,0.7885,53,approx_name_match
S1-579124164,solyx ares inc,312 stokes street  unit e  burlington  nc,US,S3-565815329,solyx ares riverside inc,north carolina  burlington  315 stokes st  unit e,0.7594,31,approx_name_match
S1-58009092,loex all innovative,60 h street  ephrata  wa,US,S2-659686108,loex  all innovative,griffin road  bloomfield  ct,0.7771,58,approx_name_match
S1-58018171,9 point inc,418 e street  anniston  al,US,S2-723776927,9 point inc,,0.79,30,same_name_different_addr
S1-580365597,almendares metro pampa,4606 misty valley  wichita falls  tx,US,S2-420472514,almendares metro pa downtown,4610c misty valley  wichita falls  tx,0.6734,6,approx_name_match
S1-581004039,nevarez and alcala corp,ks  stockton  906 cedar street,US,S3-106421781,nevarez and alcala ltd,908 cedar st  stockton  kansas,0.7954,111,approx_name_match
S1-581357044,cardiology coastal care associates corp,hampden township  pa  5245 deerfield avenue,US,S2-85971998,cardiology coastal care associates corp,8514 61th loop  olympia  wa,0.79,1,same_name_different_addr
S1-583213213,department of veterans affairs,309 forrest drive  reidsville  nc,US,S2-720397301,department of veterans affairs,canton  2043 zircon stret  oh,0.79,37,same_name_different_addr
S1-584570621,scholarship institute lp,tx  933 nottingham road  keller,US,S3-547426160,scholarship institute lp,,0.85,2,same_name_different_addr
S1-584967283,education ministries,262 heath road  four oaks  nc,US,S2-362917337,education ministries,,0.79,27,same_name_different_addr
S1-586396755,sarene s integrated grill,va  loudoun county  21493 willow breeze square,US,S2-522145208,sarene s integrated grill  harbor,21494 willow breeze sq  ashburn  va,0.779,24,approx_name_match
S1-58857568,dynamic payroll partners,2951 possum trot road  burnsville  nc,US,S3-315762181,dynamic payroll partners,,0.79,3,same_name_different_addr
S1-589391507,earnest nasdaq,ca  2040 texas bar court  gold river,US,S2-752644401,earnest nasdaq group,2045 texas bar ct  gold river  ca,0.8557,27,approx_name_match
S1-589632361,zasoft desert xflh pllc,brownstown  il  2393 1550 street,US,S2-198820085,zasoft desert xflh ltd,2414 1550 street  brownstown city  il,0.8238,94,approx_name_match
S1-590975909,department of aging,4002 piney meadows drive  conroe  tx,US,S2-896090260,department of aging,,0.79,42,same_name_different_addr
S1-593221066,straight edge tavern,4826 redman avenue  omaha  ne,US,S2-682848447,straight edge tavern,,0.79,31,same_name_different_addr
S1-593422930,silver nails,ooltewah  8407 kennerly court  tn,US,S2-360111105,silver nails,western avenue  chartiers township  pa,0.85,56,same_name_different_addr
S1-593835859,sweet bakery,10200 patton drive  quinlan  tx,US,S2-141491702,sweet bakery,toledo  oh  244 pasadena blvd,0.79,81,same_name_different_addr
S1-594577065,bixler trg llc,4265 rd 124  mount gilead  oh,US,S3-826349208,bixler trg llc,tinley park  illinois  16451 haven avenue,0.79,64,same_name_different_addr
S1-595700271,silver yoga,little rock  15116 ironton road  ar,US,S2-8041124,silver yoga,meadowbrook dr  eaton  oh,0.85,52,same_name_different_addr
S1-595751157,highland school of medicine,38 flintlock road  watertown  ct,US,S3-117494712,highland school of medicine,gunsmoke ln   null   cresson  texas,0.79,6,same_name_different_addr
S1-595918392,little book store,28411 buffalo fork lane  katy  tx,US,S2-806818849,little book store,tx  10205  epping lane  dallas,0.8233,35,same_name_different_addr
S1-596983966,desert midwest nexus,911 shattuck lane  schaumburg  il,US,S2-45497800,desert midwest partners nexus,920b shattuck ln  null  schaumburg  il,0.7318,41,approx_name_match
S1-597438479,karie b  floyd  esq   dds pc,25404 155th avenue  covington  wa,US,S2-207706848,karie b  floyd  esq   dds pc inc,2540 155st ave  wa  covington,0.5488,67,approx_name_match
S1-597882672,cross total metal works associates,715 creek bend lane  antioch  il,US,S2-509451581,cross total metal works associates corp,antioch  719 creek bend ln  il,0.881,1,approx_name_match
S1-598261775,east complete clough,4921 travertine circle  sacramento  ca,US,S3-980783079,east complete clough,,0.79,30,same_name_different_addr
S1-598892078,red hair studio inc,2149 willow cove drive  oh  lakeside marblehead,US,S2-161451586,red hair studio inc,david dr  east pennsboro township  pa,0.8025,28,same_name_different_addr
S1-599326479,coastal charities v,564 high meadow drive  montgomery county  va,US,S2-874062948,coastal charities  v,applewood ct  loudoun county  va,0.815,1,approx_name_match
S1-599608014,cascade college,2278 cleveland street  hempstead  ny,US,S3-935599140,cascade  college,,0.7837,58,approx_name_match
S1-600828054,pediatric dental anchor care associates lp,9998 curtann lane  ijamsville  md,US,S3-236690103,pediatric dental anchor care associates southside,10007d curtann lane  ijamsville  maryland,0.7603,56,approx_name_match
S1-601380650,fl secure rail,ny  unit apartment b5  38 locust avenue  new rochelle,US,S2-757151579,fl secure rail group,45  locust avenue  new rocheelle  ny,0.776,38,approx_name_match
S1-6014844,environmental charities,in  711 11th street  new castle,US,S2-588127827,environmental charities,eller road  oh  bellville,0.85,23,same_name_different_addr
S1-602298249,alonzo martin  llc,2627 nutbush road  henderson  nc,US,S2-96062543,alonzo martin   llc,,0.7847,77,approx_name_match
S1-603175204,little deli,505 harbour way  lakehills pipe creek  tx,US,S2-622682890,little  deli,houston  2602c eva st  tx,0.7953,48,approx_name_match
S1-603518858,northern pioneer co,228 valley view road  new hartford  ny,US,S2-946893040,northern pioneer co,,0.79,3,same_name_different_addr
S1-603569066,turner safe seas inc,2578 mcelroy road  harrison  ar,US,S3-778093712,turner safe seas  inc,,0.7852,77,approx_name_match
S1-603591400,xm hologram,sacramento  ca  4568 brand way,US,S3-729612227,xm group hologram,4573 brand way  po box 7225  sacramento  california,0.6087,114,approx_name_match
S1-603856540,nunez better llc,155 chinkapin drive  pangburn  ar,US,S3-657269976,nunez better inc,arkansas  158 chinkapin drive  pangburn,0.7996,55,approx_name_match
S1-604310181,catalano kongsberg of eastchester inc,95 ridge street  eastchester  ny,US,S2-832424294,yeh kongsberg of  eastchester,95 ridge street  eastchester  ny,0.6713,36,approx_name_match
S1-604364797,a cure 3 it,5016 jamie sloop lane  charlotte  nc,US,S2-633006292,a cure 3 it,myrtle creek  4046 gazley road  or,0.79,23,same_name_different_addr
S1-606339370,cardiology metropolitan physicians,5004 mt vernon court  city of el paso  tx,US,S3-858090280,cardiology metropolitan physicians,11371 blue moon dr  texas  city of el paso,0.5929,2,same_name_different_addr
S1-60668252,rocky program inc,250 tanglewood lane  unit unit 4  upper merion township  pa,US,S3-88617974,rocky program  inc,lambskin lane  coumbia  maryland,0.7969,12,approx_name_match
S1-607598944,metropolitan fund,5000 ammonett drive  unit 5105  franklin  tn,US,S2-132307773,metropolitan  fund,,0.7844,26,approx_name_match
S1-608149134,blaschke  mayer and nguyen partners,7544 wenzel road  foley  al,US,S3-30989193,blaschke  mayer and nguyen partners downtown,alabama  bon secour  7548 wenzel rd,0.7728,45,approx_name_match
S1-608183510,coastal committee,3944 suitland road  unit 102  suitland  md,US,S2-5865545,coastal committee,,0.79,70,same_name_different_addr
S1-60859069,siveror clean duration inc,16800 fm 1097  willis  tx,US,S3-493574997,inc siveror clean duration eastgate,texas  willis  16821 fm 1097,0.7145,22,approx_name_match
S1-608806456,urgent care associates,tx  houston  2250 appelt drive,US,S2-42474952,urgent care associates ltd,2271 appelt drive  tx  houston,0.8676,1,approx_name_match
S1-609571543,bright book store,728 chinquapin lane  sunrise beach  mo,US,S2-988341873,bright book store,,0.79,47,same_name_different_addr
S1-60989862,metro league,1630 361 street  unit 9  eastlake  oh,US,S3-257114326,metro league,unit cond b  9069 nuthatch place  alaska  anchorage townhip,0.8,19,same_name_different_addr
S1-610594155,chino valley family preferred association,1106 tiffany place  chino valley  az,US,S3-287471708,chino valley family  preferred association metro,001111 tiffany place  chino valley  arizona,0.5578,43,approx_name_match
S1-61359883,downtown bistro,487 rogers road  rogersville  tn,US,S3-706384722,downtown bistro,,0.79,48,same_name_different_addr
S1-614803898,illa click mortgage inc,mn  saint paul  963 beech street  unit apartment lower,US,S2-20165004,click  illa mortgage central inc,976 beech street  st ppaul  mn,0.6008,50,approx_name_match
S1-615214433,mbi therapies llc,1685 a510 116th street  unit apt  carmel  in,US,S2-943323742,mbi therapies partners,1685 a513 116th st  carmel  in,0.7783,28,approx_name_match
S1-616153082,division of motor vehicles,ny  mexico  214 mexico point drive,US,S3-650971765,division of motor vehicles,erie rd  evans  new york,0.85,36,same_name_different_addr
S1-616408193,torey s quality financial,191 shanya court  newport news city  va,US,S2-250363013,torey s quality financial ltd,198 shanya court  newport news  va,0.5727,26,approx_name_match
S1-616645584,pak  barbosa   noel,henrietta  132 buckley place  ny,US,S3-110273864,pak  barbosa   noel partners,134 buckley place  henrietta  new york,0.7704,99,approx_name_match
S1-616786050,traclarify care,fl 1  or  eagle point  9463 antelope road,US,S2-521257465,traclarify  care group,9476 antelope rd  eagle point  or,0.8176,18,approx_name_match
S1-617543872,the dent auto body,2275 moix boulevard  unit apt 33110  conway  ar,US,S2-209919866,the dent auto body,,0.79,46,same_name_different_addr
S1-618059711,nexiq pharmaceuticals llc,co  evergreen  30746 bryant drive  unit 307,US,S2-449228016,vionex ph rmaceuticals llc,30746 bryant dr  evergreen cdp  co,0.6364,67,approx_name_match
S1-619055953,battlement mesa interfaith ministries,co  battlement mesa  332 battlement creek trail,US,S3-716887852,battlement  mesa,319  tamarisk trail  battlement mesa  colorado,0.7115,17,approx_name_match
S1-619323889,20 20 vision center inc,mo  st charles  3106 sun lake drive,US,S2-994803276,20 20 vision center llc,,0.7562,33,approx_name_match
S1-619973347,economic development peak initiative center,220 seventh street  waitsburg  wa,US,S3-837563549,economic development peak initiative center northside,241 seventh street  waitsburg ciity  washington,0.5413,22,approx_name_match
S1-620661656,beacon sky inc,wa  puyallup  16011 126th avenue,US,S2-2188836,beacon  sky inc,03236 chandler blvd  phenix  az,0.769,25,approx_name_match
S1-621726989,children s institute,3487 200  unit a  south salt lake city  ut,US,S2-399413957,children s institute,,0.79,66,same_name_different_addr
S1-622270021,heart society,4501 binwhe lane  gastonia  nc,US,S2-198350435,heartsociety,state rte 141  oh  green twp,0.7546,17,approx_name_match
S1-622284723,sierra ubs inc,112 davidson farm road  queenstown  md,US,S2-550024563,sierra  ubs inc,grantwood drive  toledo  oh,0.769,30,approx_name_match
S1-622322887,carpenters local union 889,124 clark lane  alkol  wv,US,S2-817563901,carpenters local union 889 corp,wv  alkol  133 clark ln,0.8654,38,approx_name_match
S1-623507466,pacific automation industries inc,2167 payson circle  glendale heights  il,US,S2-162482235,pacific automation industries inc,1009 poplar avenue  null  broken arrow  ok,0.55,42,same_name_different_addr
S1-624004006,blue barbershop,87 piedmont road  whitehall  mt,US,S2-903078553,blue barbershop,,0.79,29,same_name_different_addr
S1-62433469,tessy lopp daedalus llc,ny  16 cranberry circle  brookhaven,US,S2-655998032,tessy lopp daedalus downtown llc,29 cranberry circle  pmb 3308  medford  ny,0.757,69,approx_name_match
S1-624364923,continental federation,34009 525 road  cookson  ok,US,S2-623870045,continental federation,n5508 county line rd  town of evergreen  wi,0.8025,54,same_name_different_addr
S1-624565876,lee and rozier santander inc,16112 ridgeline street  portland  or,US,S2-756865007,lee and rozier santander,or  1080 1st ave  canby,0.7579,23,approx_name_match
S1-624619885,board of buildings,135 baxter avenue  unit 15  sacramento  ca,US,S2-182871502,board of buildings,barjode road  willowick  oh,0.79,45,same_name_different_addr
S1-625047213,temple lutheran church,19553 15th avenue  shoreline  wa,US,S2-623239699,temple lutheran church,ut  1378 250  vernal,0.79,33,same_name_different_addr
S1-625155189,community fund,2301 colony drive  huntsville  al,US,S2-715679970,community  fund,,0.7833,34,approx_name_match
S1-625928741,wrennie s electrical,evansville  in  3905 kleitz road,US,S2-840802007,wrennie s inc partners,003909 kleitz rd  evansville  in,0.6469,33,approx_name_match
S1-628502369,haynes companies inc,8618 george town trace lane  chattanooga  tn,US,S2-751357314,children s alliance  inc,chattanooga  tn  8618 george town trace lane,0.5608,38,approx_name_match
S1-629624080,department of labor,1370 bobcat drive  munds park  az,US,S2-565348839,department of  labor,132b hartin dr  evansville  in,0.8,41,approx_name_match
S1-63071370,allied family practice,2638 finley lane  rosenberg  tx,US,S3-324048978,allied family practice,vcitoria  225 lookout ln  texas,0.8067,10,same_name_different_addr
S1-631870173,lyman   escobar,211 turner avenue  henderson  nc,US,S2-310732059,lyman  escobar midtown service,henderson  21 turner ave  nc,0.7788,32,approx_name_match
S1-632153476,choice hartford center,11971 white oak landing  conroe  tx,US,S2-134886789,choice hartford center holdings,0011976 white oak landing  conroe  tx,0.537,11,approx_name_match
S1-633659047,federal institute of technology,3941 archibald way  halls crossroads  tn,US,S2-424724846,federal institute of technology,,0.79,9,same_name_different_addr
S1-633781633,wildlife ministries,1103 cobblefield way  ozark  mo,US,S2-886402197,wildlife ministries,,0.79,29,same_name_different_addr
S1-634902058,department of veterans affairs,708 chase street  baltimore  md,US,S2-720397301,department of veterans affairs,canton  2043 zircon stret  oh,0.79,37,same_name_different_addr
S1-636418002,fresh ice cream llc,207 1st street  ulen  mn,US,S3-888461084,fresh ice cream llc,,0.79,51,same_name_different_addr
S1-637119109,reder  kim and underwood sprott of rio rancho,6265 apache plume road  nm  rio rancho,US,S2-906486258,reder  kim and underwood sprott of rio rancho west,6274 apache plume road  rio rancho  nm,0.6248,80,approx_name_match
S1-637725381,apex point inc,410 dearborn avenue  muscle shoals  al,US,S3-944158844,apex point inc,,0.79,1,same_name_different_addr
S1-63783149,cultural foundation,1937 kennedy drive  fairfax county  va,US,S3-646903290,cultural foundation,casey ln  bristow  virginia,0.79,30,same_name_different_addr
S1-638079818,saragosa  yuhasz and nolan angel,wi  12507 n jacqueline court  city of mequon,US,S3-330362576,saragosa  yuhasz and nolan angel inc,meuqon  12528 n jcqueline ct  wisconsin,0.8167,113,approx_name_match
S1-638554966,division of environmental protection,1020 ridgeway avenue  unit unit 2  rochester  ny,US,S2-969307544,division of environmental protection,pmb 5389  brooklyn  ny  494 p,0.8025,31,same_name_different_addr
S1-639864732,rogers and large praetorian,101 airport avenue  bldg hangar 7 24  city of cumberland  wi,US,S3-382656293,rogers and large praetorian east,wisconsin  cumberland township  103 airport ave,0.7759,50,approx_name_match
S1-639952520,robinson   thomas flag llc,30866 all view drive  running springs  ca,US,S2-507861500,robinson   thomas flag llc,linda lane  linton  in,0.79,2,same_name_different_addr
S1-640262018,villanueva s total logistics,7946 suiter way  hyattsville  md,US,S2-534377957,villanueva s total logistics valley,7953 suiter way  hyattsville  md,0.5571,26,approx_name_match
S1-64109578,coastal custom entertainment associates,43 chinaberry cove  jackson  tn,US,S2-724486520,coastal custom entertainment associates holdings,48 chinaberry cv  jackson townshhip  tn,0.5337,24,approx_name_match
S1-641220040,patel  ward and jackman technologies llc,1377 morrows place  lenoir  nc,US,S3-668988435,patel  ward   jackman northside technologies llc,north carolina  lenoir  1378 1382 morrows place,0.644,24,approx_name_match
S1-641531702,gonzalez  mcmahan and hoffman interprivate,5300 parkview drive  or  unit  1026  lake oswego,US,S2-16455391,gonzalez  mcmahan and hoffman interprivate inc,or  lake oswego  5302  parkview dr,0.863,45,approx_name_match
S1-644114680,arts institute,in  richmond  6015 227,US,S3-755332881,arts institute,,0.85,29,same_name_different_addr
S1-644297471,aurify british llc,801 225 toftrees avenue  patton twp  pa,US,S2-468193917,aurufy british,801 225 toftrees ave  patton twp  pa,0.6759,72,approx_name_match
S1-645099513,galvan  shannah  d d s,7090 highway 100  bon aqua  tn,US,S2-134402550,galvan  shannah  llc center center,tn  bon aua cdp  7095 highway 100,0.5648,99,approx_name_match
S1-645823277,favaus llc,258 yukon avenue  tulsa  ok,US,S2-289698176,favaus llc,colonie  ny  15  hanifin ave,0.8067,3,same_name_different_addr
S1-649161926,golden pub,2280 roosevelt boulevard  unit apartment 5  eugene  or,US,S2-825919303,golden pub,sacramento  ca  2809 grove ave,0.79,37,same_name_different_addr
S1-649916853,board of transportation,1382 branch road  belle  wv,US,S3-564151203,board  of transportation,,0.7793,41,approx_name_match
S1-650357142,sentell  smith and hull,berlin  111 lyman road  ma,US,S3-260971925,sentell  smith and hull eastgate,132 lyman rd  berlin  massachusetts,0.7927,27,approx_name_match
S1-651617451,federal charities,401 campus circle  waukegan  il,US,S2-431530634,federal charities,streator  il  121 2st street,0.8067,25,same_name_different_addr
S1-651808102,nike bevington arc inc,thurmont  md  11649 baugher road,US,S2-662180046,nike bevington partners center,0011670 baugher rd  thurmont  md,0.6426,61,approx_name_match
S1-652010176,delta montessori school center,6107 rattmann road  town of burke  wi,US,S2-653446460,delta montessori school center co,6111 rattmann rd  town of burke  wi,0.608,9,approx_name_match
S1-652539786,sullivan  pacheco   sewell spark pc,4604 15th avenue  wa  spokane valley,US,S2-497065197,sullivan  pacheco    sewell spark pc,angie drive  cedar falls  ia,0.7701,27,approx_name_match
S1-653234193,ronnica reichert custom alternative group,oh  6 maple hill drive  west carrollton,US,S2-401810984,ronnica reichert custom alternative  inc,hlbert  51  ok,0.7644,74,approx_name_match
S1-653451247,federal center inc,1262 trillium court  batavia  il,US,S3-902125422,federal center inc,po box 6549  streamwood  68 winding run lane  illinois,0.79,13,same_name_different_addr
S1-658239526,empire trust,unit d5  133 jabish street  ma  belchertown,US,S2-837526301,empire trust,743 pleasant valley ave  riverside  oh,0.79,57,same_name_different_addr
S1-658274935,3278 fourth st partners company,1240 stringham avenue  unit 211  salt lake city  ut,US,S3-325304011,3278 fourth st partners co,1251 stringham avenue  unit 211  salt lake city  utah,0.5377,53,approx_name_match
S1-658308959,garcia furniture llc,636 3800  north ogden city  ut,US,S2-940077299,garcia furniture coastal llc,647 3800  north ogden city  ut,0.5325,43,approx_name_match
S1-659286122,highland fellowship inc,3005 headly drive  austin  tx,US,S2-206247118,highland fellowship inc,oh  974 poplar street  nelsonville,0.79,19,same_name_different_addr
S1-659593872,tiify,4237 176th street  oh  cleveland,US,S2-592100394,tiify inc   center,ok  1713 119th st  jenks,0.6872,45,approx_name_match
S1-660379039,hensley   crosby hotel inc,315 constance road  suffolk city  va,US,S2-344260457,hensley   crosby hotel harbor inc,319 constance road  suffolk city  va,0.5574,29,approx_name_match
S1-661158946,misoft llc,197 central avenue  unit a  newark  oh,US,S3-351774525,misoft llc,kansas  salina  2620 bret avenue,0.8036,50,same_name_different_addr
S1-661840388,animal welfare initiative,me  28 pine ridge drive  nobleboro,US,S2-618179653,animal welfare initiative,null  tx  259 blanchette street  beauont,0.85,38,same_name_different_addr
S1-663346228,bay charter school,210 7th street  canby  mn,US,S2-835899465,bay charter school,,0.79,11,same_name_different_addr
S1-665319910,board of health,wi  city of onalaska  unit apt 304  353 mason street,US,S3-403610149,board of health,146 main strete  village of dousman  wisconsin,0.7994,43,same_name_different_addr
S1-665521471,owens pediatrics,3556 philsdale avenue  memphis  tn,US,S2-900512516,owens pediatrics,or  1452 sandy ln  hermiston,0.79,13,same_name_different_addr
S1-666254757,deena dhaliwal all titan pc,il  5813 deer creek lane  westmont,US,S2-522712800,deena dhaliwal all titan north pc,5818 deer creek ln  westmont  il,0.8087,75,approx_name_match
S1-666713126,kerstin anderson  do llc,va  smyth county  180 spring hollow road,US,S2-401112843,kerstin do anderson  westgate llc,00201 spring hollow rd  smyth county  va,0.7752,42,approx_name_match
S1-667726310,cason and edmonds orange,md  unit 333  2445 holly avenue  annapolis,US,S3-906587613,cason edmonds and  brokerage,002447 holly ave  pmb 5712  annapolis  maryland,0.6035,57,approx_name_match
S1-667824522,liberty charities,1460 scenic drive  herculaneum  mo,US,S2-883699303,liberty  charities,twentieth ct  sammamish  wa,0.7844,55,approx_name_match
S1-668648963,oncology precision physicians  llc,249 1100  neoga  il,US,S2-986595982,oncology  precision physicians  partners inc,neoga  27 1100  null  il,0.7775,30,approx_name_match
S1-668778032,main street bike shop,301 stewart  meadowlakes  tx,US,S3-986524238,main street bike shop,,0.79,58,same_name_different_addr
S1-669430304,vanni s star pub,tiverton  40 linda road  ri,US,S2-285021407,vanni s star engineering,ri  tiverton  53 linda road,0.7521,49,approx_name_match
S1-669564879,arts fund inc,11212 brista way  austin  tx,US,S2-436911010,arts fund valley inc,autin  tx  11223 1 2 brista way,0.7316,61,approx_name_match
S1-669776366,dorian obrien modern consultants llc,2355 cedar oaks drive  conway  ar,US,S2-186327278,dorian obrien modern consultants southside llc,2360 cedar oaks drive  conway  ar,0.5611,54,approx_name_match
S1-671317576,community program,395 100  bountiful  ut,US,S2-586215427,community program,,0.79,28,same_name_different_addr
S1-673459461,lw optimal aeon pllc,110 depot street  rolling prairie  in,US,S2-160228183,lw optimal aeon corp,119b depot saint  rolling prairie  in,0.7977,57,approx_name_match
S1-675156919,uptown hair studio,ma  unit 1  130 summer street  somerville,US,S2-281300879,uptown hair studio,120 1 2 waverly street  framingham  ma,0.8309,42,same_name_different_addr
S1-67665527,modesta brumbaugh fresh liberty llc,mn  argyle  109 sutton street,US,S2-287369258,modesta brumbaugh fresh liberty ltd,111 sutton street  null  argyle  mn,0.853,55,approx_name_match
S1-676802254,coastal council,1379 whitt lane  clarksville  tn,US,S2-57878618,coastal council,me  portland  86 ashley ln  pmb 487,0.8036,61,same_name_different_addr
S1-677962402,lower learning center care,nc  1518 benjamin parkway  unit b  greensboro,US,S2-271216847,lower learning center care inc,01519 benjamin pkwy  greensboro  nc,0.8376,1,approx_name_match
S1-680806339,nique,2936 barnhill place  xenia  oh,US,S2-233154310,nique,381a middle rd  po box 6071  farmington  ct,0.79,43,same_name_different_addr
S1-681972975,select premier pet care inc,13607 white cliff drive  houston  tx,US,S2-327045469,supreme patriot hsse,13607 white cliff dr  houston  tx,0.5808,22,approx_name_match
S1-682553392,blue barbershop,wills point  tx  2379 3810,US,S2-903078553,blue barbershop,,0.85,29,same_name_different_addr
S1-682762640,cancer fund,320 14th street  west memphis  ar,US,S3-752087811,cancer fund,,0.79,37,same_name_different_addr
S1-6830655,integrated dynamic vendome inc,tn  3350 robeson road  sevierville,US,S2-46840679,partners  integrated dnaihc vendome,3351 robeson road  sevierville  tn,0.5448,20,approx_name_match
S1-683171516,fae woodfork translational llc,tn  manchester  69 expressway drive,US,S3-32500793,fae woodfork translational east llc,80 expressway drive  manchester  tennessee,0.8035,47,approx_name_match
S1-683697064,leola kleinschmidt clear eureka llc,seattle  8402 18th avenue  wa,US,S3-265872818,leola kleinschmidt clear eureka inc,8415 18st avenue  seattle  washington,0.7826,99,approx_name_match
S1-685440567,housing committee,437 walther road  newark  de,US,S2-4062614,housing  committee,near dr  grove city  oh,0.7844,22,approx_name_match
S1-686803444,west iris,459 pietro street  salem  or,US,S2-602305591,west iris,book rd  naperville  il,0.79,4,same_name_different_addr
S1-687915809,trinity synagogue,106 robin hood road  henrico  nc,US,S2-808851266,trinity  synagogue,lindsay  00309 elmwood drive  ok,0.7844,29,approx_name_match
S1-688053718,milhouse safe platinum,705 taylor street  wichita falls  tx,US,S2-324274008,milhouse safe platinum corp,712 1 2 taylor st  wichita falls  tx,0.5392,8,approx_name_match
S1-690146011,happy pizza,austin  554 harrod road  in,US,S3-183725801,happy pizza,ainsworth ave  tacoma  washington,0.85,32,same_name_different_addr
S1-692110158,sweet yoga,114 mayfield drive  michigan city  in,US,S2-771433009,sweet yoga,upper dublin township  1720 hood ln  pa,0.79,24,same_name_different_addr
S1-692242229,rz silver analytics inc,wv  3251 main hewett creek road  lake,US,S2-79089470,rz silver analytics inc,4128 mcallister ave  po box 5332  columbus  oh,0.79,76,same_name_different_addr
S1-692966648,allen diamond taiwan llc,139 webbs mill drive  fort mill  sc,US,S3-481324562,allen diamond partners center,148b webbs mill dr  fort mill  south carolina,0.5739,22,approx_name_match
S1-694245054,summit block inc,10375 irvington bayou la batre highway  irvington  al,US,S2-455406958,summit block inc,,0.79,29,same_name_different_addr
S1-694480570,re allied avalanche inc,1021 lewis street  memphis  tn,US,S2-55263124,re allied avalanche llc,tn  1028d lewis street  memphis,0.8645,1,approx_name_match
S1-694491942,environmental coalition,1108 shepherd lane  cincinnati  oh,US,S2-201708771,environmental coalition,ks  augusta  6264 church road,0.79,9,same_name_different_addr
S1-694655970,eden metropolitan spartacus,1400 alma school road  unit 216  chandler  az,US,S2-621744233,eden metropolitan spartacus llc,1405 alma school rd  chandler  az,0.5589,1,approx_name_match
S1-695607786,lucky bakery,7655 st rte 703  celina  oh,US,S3-781685326,lucky bakery,mylod st  norwood  massachusetts,0.8067,76,same_name_different_addr
S1-695872363,dental care p c,15336 181st avenue  woodinville  wa,US,S3-712896434,dental care p c,,0.79,16,same_name_different_addr
S1-698161773,chiropractic great care  llc,24427 robin hood place  sherwood  or,US,S2-285649779,ensor direct llc,24427 robin hood pl  sherwood  or,0.5853,11,approx_name_match
S1-698552694,diaz  murphy and walsh keycorp inc,1217 18th ave  council bluffs  ia,US,S3-405168691,diaz   murphy and walsh keycorp group,council bluffs  1238 18th ave  iowa,0.7876,12,approx_name_match
S1-699709235,lumeon esports partners,fayetteville  6819 timbercroft lane  nc,US,S3-194974496,lummeon partners  esports,north carolina  fayetteville  6840  timbercroft lane,0.6714,46,approx_name_match
S1-700847247,tarr  bradley and cansino care,6460 harrell drive  pfafftown  nc,US,S2-234110541,tarr  bradley and cansino care  coastal,nc  pfafftown  6481 harrell drive,0.853,49,approx_name_match
S1-701592456,route 29 barbershop,9004 woodmoss lane  unit apt 3b  indianapolis  in,US,S3-483952978,route 29 barbershop inc,9005 woodmoss ln  indiana  unit apt 3b  indianapolis,0.5498,32,approx_name_match
S1-704074527,gilbertine merrit packaging center,737 heartpine drive  mebane  nc,US,S2-799835568,murry merrit packaging center,737 heartpine drive  mebane  nc,0.6962,32,approx_name_match
S1-704238838,regional veterinary clinic llc,wichita  13926 onewood street  ks,US,S2-106244828,regional veterinary clinic inc,3937a wren dr  brownnsburg cdp  in,0.7684,16,approx_name_match
S1-704255149,economic development alliance,6209 matamoros road  rio rancho  nm,US,S3-760219578,economic development alliance inc,,0.7404,24,approx_name_match
S1-705305633,paolina fuentes creative rogers  llc,1461  713 cape ann way  virginia beach city  va,US,S2-560986681,fuentes  paolina creative rogers  corp,va  1461  717 cape ann way  virginia beach city,0.7039,50,approx_name_match
S1-709554753,charette defi corp,washington  dc  1330 massachusetts avenue  unit 421,US,S2-132953804,charette dbbie  llc,1339  massachusetts ave  washington  dc,0.5593,10,approx_name_match
S1-710175601,golden bakery,126 fay street  unit apt 9  frederick county  va,US,S2-207666706,golden  bakery,bremerton  wa  po box 2137  290  tahuyeh pl,0.7829,32,approx_name_match
S1-710337693,harbor fellowship,12846 slade castle court  charlotte  nc,US,S2-566738522,harbor fellowship,love ln  waynesville  nc,0.8067,17,same_name_different_addr
S1-714059515,orthopedic ridge specialists,810 17th street  bellingham  wa,US,S2-593998549,orthopedic ridge specialists llc,appleton st  arlington  ma,0.7647,7,approx_name_match
S1-714739062,downtown massage,5602 209th street  spanaway  wa,US,S2-723046947,downtown  massage,ar  second st  biscoe,0.8029,63,approx_name_match
S1-71496195,bevoix group,711 esk avenue  celina  tx,US,S2-532719711,bevoix group co,724  esk avenue  celina  tx,0.54,19,approx_name_match
S1-716477961,evo,166 mystic street  arlington  ma,US,S2-489806282,evo,,0.79,3,same_name_different_addr
S1-716856347,beum,oh  canton  328 freedom avenue,US,S3-191937137,beum,8700 31st avenue  fl 1  lacey  wa,0.8036,43,same_name_different_addr
S1-718120271,wildlife project,554 paige lane  thousand oaks  ca,US,S2-991541830,wildlife  project,w  harftord  ct  20 hamlin drive,0.7841,17,approx_name_match
S1-71882279,lower learning center llc,1526 sam houston avenue  huntsville  tx,US,S2-538098679,lower learning center inc,tx  houston  911 commodore way,0.766,5,approx_name_match
S1-721123136,family guild inc,32 100  trenton  ut,US,S2-807054591,family  guild inc,,0.7654,27,approx_name_match
S1-723080144,conner safe agriculture llc,3700 valcartier street  bismarck  nd,US,S2-417503164,conner safe  agriculture harbor,nd  bismarck   3707 valcartier st,0.8189,7,approx_name_match
S1-723838639,surgical heritage specialists llc,299 adeles way  hendersonville  nc,US,S3-151634858,surgical heritage specialists llc,,0.79,1,same_name_different_addr
S1-725283331,cox auto sales llc,333 36th street  quincy  il,US,S2-373323548,cox auto sales metro llc,340c 36th st  quincy  il,0.8208,10,approx_name_match
S1-727235503,red seafood,1853 123rd avenue  omaha  ne,US,S2-737857407,red seafood,hollywood dr  null  w chester  oh,0.79,47,same_name_different_addr
S1-728389398,drayify space llc,3405 yupon street  unit a  houston  tx,US,S2-645169661,drayify space partners,tx  3426 yupon st  houston,0.7672,78,approx_name_match
S1-728817667,miller meridian llc,2914 dunmurry road  unit apartment c  dundalk  md,US,S2-42726556,miller meridian holdings,md  2923 dunmurry rd  dundalk,0.7933,1,approx_name_match
S1-729940581,midwest federation,1870 7  mn  maple lake,US,S2-257751046,midwest  federation,,0.7847,23,approx_name_match
S1-730602007,z s   c river llc,820 broadway street  helena  mt,US,S2-610801008,z s   c river inc,mt  helena  825 1 2 broadway st,0.8185,12,approx_name_match
S1-731636759,patriot charities,8630 crescent chase  unit apt 5  johnston  ia,US,S2-147652829,patriot charities,,0.79,63,same_name_different_addr
S1-731817495,ak impact inc,110 16th avenue  columbus  oh,US,S3-266616320,ak impact corp,121d 16th avenue  columbus  ohio,0.7914,1,approx_name_match
S1-732454235,huerta dbdr inc,tx  austin  8016 tisdale drive,US,S2-637404763,huerta dbdr  co,8018  tisdale dr  austin  tx,0.833,47,approx_name_match
S1-735311918,poole charter school llc,wv  evans  2605 evansview road,US,S2-235791304,poole charter  school inc,002608 evansview rd  po box 218  evans  wv,0.7973,2,approx_name_match
S1-735652402,a innovative abrdn,indianapolis  10522 patoka road  in,US,S3-213828404,a innovative abrdn,quebec cir  tooele  utah,0.85,77,same_name_different_addr
S1-737225668,first emanuel,5049 langham place  mobile  al,US,S3-495505037,first emanuel,,0.79,38,same_name_different_addr
S1-737574809,choice payroll industries llc,12 putting green lane  perinton  ny,US,S2-516050270,perinton choice praetorian inc,12 putting green lane   null   perinton  ny,0.5334,30,approx_name_match
S1-737708397,pelosoft blue wealth associates,rockingham county  va  2245 newberry lane,US,S3-140765704,co pelosoft blue wealth associates,2256 newberry lane  rockingham county  virginia,0.799,29,approx_name_match
S1-740354027,christ community church,18230 24  goshen  in,US,S3-931937224,christ community church,,0.79,26,same_name_different_addr
S1-741569890,flint inc,1293 24c street  nd  ruso,US,S3-260716762,flint  ltd,north dakota  ruso   1314 24c street,0.7524,28,approx_name_match
S1-743782328,ei babcock llc,126 franklin street  pottstown borough  pa,US,S3-551265325,ei babcock north llc,pennsylvania  pottstown township  128 132 franklin street,0.7343,70,approx_name_match
S1-744057039,rodriguez  bonita  ph d,12 wendy court  unit i  greensboro  nc,US,S2-850805546,rodriguez  bonita  ph d  corp,16  wendy ct  greensboro  nc,0.5322,15,approx_name_match
S1-744375503,rocky network,10705 huntersville commons drive  unit a  huntersville  nc,US,S2-951100790,rocky  network,,0.7829,53,approx_name_match
S1-744448974,carmela s capital specialists,933 madison avenue  bridgeport  ct,US,S2-573188798,carmela s capital specialists  inc,938 a madison avenue  bridgeport  ct,0.5679,31,approx_name_match
S1-744746991,cancer fund,unit j002  1533 ellis road  durham  nc,US,S3-752087811,cancer fund,,0.85,37,same_name_different_addr
S1-744808891,dental care associates,cincinnati  oh  3546 werk road,US,S2-682089029,dental center co,oh   5559 werk rd  cincinnati,0.6553,12,approx_name_match
S1-745533204,urology total partners,2244 perry drive  canton  oh,US,S2-442760694,urology total partners,halfmoon twp  pmb 7956  pa   232 stable view dr,0.8015,2,same_name_different_addr
S1-746240134,happy grill,1221 walnut street  unit 101  columbia  mo,US,S3-335139599,happy grill,,0.79,45,same_name_different_addr
S1-746535518,otha williams valley catering  inc,903 spring beach way  cary  il,US,S2-855404064,otha williams valley catering  corp,carry  910 spring beach way  il,0.8265,49,approx_name_match
S1-747795550,merrill s bike shop,17 s 8 road 6480  kirtland  nm,US,S3-54796582,james  bike shop,kirtland   17 s 19 road 6480  new mexico,0.5765,35,approx_name_match
S1-748399002,rocky association of xenia,oh  xenia  320 west street,US,S3-687016021,rocky xenia of association central,ohio  325 west st  xenia,0.7471,60,approx_name_match
S1-749353996,metropolitan fuel  inc,3n 739 baert lane  saint charles  il,US,S2-57243402,group metropolitan fuel,3n 741  baert ln  saint charles  il,0.807,2,approx_name_match
S1-751495147,integrated copley,edmond  809 blake court  ok,US,S3-204246854,integrated  copley,1591 castleton ave  staten island  new york,0.7844,4,approx_name_match
S1-754354325,trinity methodist church,240 kelly creek road  ardmore  tn,US,S3-594767907,trinity methodist church,,0.79,32,same_name_different_addr
S1-754374478,division of motor vehicles,245 middle road  acushnet  ma,US,S2-155086617,division of motor  vehicles,,0.7863,36,approx_name_match
S1-755229133,first presbyterian church llc,544 labore road  little canada  mn,US,S2-532423914,first presbyterian church,columbus  oh  003931 frazier road,0.7573,48,approx_name_match
S1-75554576,twisted barbershop llc,n14684 nn  stanley  wi,US,S2-895795984,twisted barbershop,,0.7696,77,approx_name_match
S1-758134027,conn ocean pc,tahuya  wa  151 myrlis joy drive,US,S2-149829205,conn chemical pc,155 myrlis joy dr  tahuya cdp  wa,0.6564,35,approx_name_match
S1-76022436,clear energia,9215 seven hills curve  mobile  al,US,S3-222791604,clear  energia,,0.7829,39,approx_name_match
S1-760647817,main street book store  llc,1036 delhi avenue  cincinnati  oh,US,S2-964790843,main street book store llc,,0.7863,38,approx_name_match
S1-761226068,back alley deli,4350 shining star drive  unit d  sacramento  ca,US,S2-97227677,back alley deli,,0.79,78,same_name_different_addr
S1-764080900,evvie zorrilla  m d   pc,105 7th avenue  yuma  az,US,S3-703034967,evvie zorrilla   pc llc services,yuma  null  0116 seventh avenue  arizona,0.5463,47,approx_name_match
S1-764452248,regional ministries,or  gresham  1014 ivory loop,US,S3-699264880,regional ministries,,0.85,32,same_name_different_addr
S1-768958185,ridge charities,9077 7th avenue  hesperia  ca,US,S2-519754298,ridge charities,state rte 141  gallipolis  oh,0.79,26,same_name_different_addr
S1-768964506,colon and ashworth,3173 banner springs road  fentress county  tn,US,S2-589266583,colon and ashworth partners,3178 banner springs rd  fentress county  tn,0.5417,58,approx_name_match
S1-770613160,commission on motor vehicles,24044 bethel road  babbie  al,US,S2-30472915,commission on motor vehicles,sether ave  glendle  or,0.79,65,same_name_different_addr
S1-770791975,american douglas,ky  bowling green  708 red clover avenue,US,S2-61864529,american   douglas,5327 hickory rd  indianapolis  in,0.7789,3,approx_name_match
S1-772197905,beaudoin  davenport and brown llc,1038 oakwood street  tyler  tx,US,S2-680335813,beaudoin  davenport and brown,8033b 25  rochester  in,0.7395,34,approx_name_match
S1-773393310,holy cathedral,535 39th street  topeka  ks,US,S2-700727925,holy cathedral,2158c industry dr  grants passs  or,0.79,36,same_name_different_addr
S1-776087469,summit capital partners llc,2719 bear paw drive  in  portage,US,S2-968373027,summit capital  partners llc,n st  elwood  in,0.7864,2,approx_name_match
S1-776343346,audrie karp tri state banking inc,ct  windsor locks  32 dickerman avenue,US,S2-600254329,karp  audrie tr  state banking holdings,52 dickerman ave   null   windsor locks  ct,0.6205,79,approx_name_match
S1-778215496,tatum and peck,45187 medleys neck road  leonardtown  md,US,S3-581931273,tatum and peck ltd,maryland  45192a medleys neck rd  leonardtown,0.8194,29,approx_name_match
S1-778217890,jack   meyer columbus llc,osceola  in  10568 edison road,US,S3-53659597,jack   meyer columbus west llc,10579 edison rd  osceola  indiana,0.7924,14,approx_name_match
S1-77827449,commission on housing partners,1401 candlewood court  wheeling  il,US,S2-431594686,commission on  housing partners,,0.7734,4,approx_name_match
S1-779550869,qutech corp,6245 sr 56  london  oh,US,S2-14287504,qutech corp,oh  827 walnut street  urbana,0.8067,22,same_name_different_addr
S1-779891497,willcutt pacific line pllc,430 buckingham road  unit 937  richardson  tx,US,S3-29683166,willcutt pacific line co,richardson  439 buckingham road  texas,0.7097,3,approx_name_match
S1-78005223,fisoft llc,16430 cavendish drive  houston  tx,US,S2-118113555,fisoft llc,n a  675  c fm 2693  tx  new waverly,0.8015,30,same_name_different_addr
S1-78056944,grand antimony inc,1902 mulberry street  van buren  ar,US,S2-533225498,grand antimony inc,,0.79,1,same_name_different_addr
S1-781206198,plumbers union local no 313,city of fitchburg  5498 jan drive  wi,US,S2-459049954,firefighters union local no 314 inc,109c stuart st  city of columbus  wi,0.5384,57,approx_name_match
S1-782593372,anchor ace quantumsphere,ny  liberty  793 dahlia road,US,S3-296123645,anchor ace quantumsphere   inc,95 dahlia road  liberty  new york,0.8074,1,approx_name_match
S1-783611020,sales  mateo   speight llc,27527 rosewood valley drive  katy  tx,US,S2-725712783,sales  mateo speight corp center,tx  027530 rosewood valley dr  katy,0.8456,58,approx_name_match
S1-784560472,spears  figueroa and welch,8456 hawley mills road  new paris  oh,US,S3-318221614,spears  figueroa and welch uptown,ohio  new paris    8467 hawley mills road,0.8323,65,approx_name_match
S1-787161603,lopez assets,2906 albuquerque place  broken arrow  ok,US,S2-949872348,lopez  assets,n32284  schansberg rd   null   blair  wi,0.7823,3,approx_name_match
S1-788170468,inge s heritage liquor pc,ky  2933 boy scout road  ashland,US,S3-977686827,inge s heliatie liquor partners,kentucky  ashland  null  02934 boy scout rd,0.6562,93,approx_name_match
S1-789243175,physical therapy clear specialists,il  east moline  2130 6th street court,US,S2-918907796,physical therapy clear specialists corp,east moline    2143 6th street court  il,0.9285,4,approx_name_match
S1-789471440,lucky bike shop,46 brendan street  stafford  ct,US,S2-16717599,lucky bike  shop,n a  festus  mo  118 henry street,0.7974,46,approx_name_match
S1-790336393,ellis cslm,6643 ives lane  maple grove  mn,US,S3-264317837,ellis cslm co,maple grove  minnesota  6650 ives lane,0.8188,48,approx_name_match
S1-790934041,robinet dennis water llc,il  lake forest  1414 kathryn lane,US,S3-9822859,robinet dennis security services llc,1416 kathryn ln  lake forest  illinois,0.6314,39,approx_name_match
S1-791389905,interfaith foundation,waverly town  314 main street  va,US,S2-432219469,interfaith foundation,wa  puyallup  6205 91st st,0.865,28,same_name_different_addr
S1-791672542,uptown pub,829 highland street  amarillo  tx,US,S3-244071827,uptown pub,houston  texas  8135 1 2 alpine bearberry dr,0.79,38,same_name_different_addr
S1-792013719,hastings   roberson,3244 90th street  village of sturtevant  wi,US,S2-567961859,hastings   roberson,,0.79,8,same_name_different_addr
S1-792431667,christ fellowship,3 martin lane  houston  tx,US,S2-424787486,christ fellowship,537b 7th st  premont  tx,0.8067,39,same_name_different_addr
S1-79318767,divue select apartment inc,lometa  tx  2380 county road 2800,US,S3-465435960,divue select apartment co,389 county road 2800  texas  lometa,0.8291,62,approx_name_match
S1-795863807,frontier college inc,3024 granville avenue  rotterdam  ny,US,S2-195350406,frontier college,vandalia avenue  tulsa  ok,0.751,9,approx_name_match
S1-795877247,north school of medicine llc,marysville  6220 58th street  wa,US,S2-713751905,north school of  medicine,wa  olympia  2416 mookie ln,0.7878,14,approx_name_match
S1-795963195,mccabe nuclear,1160 1st street  unit 408  washington  dc,US,S2-650459999,mccabe nuclear ltd,washington  dc  1161 1 2 first street,0.7759,6,approx_name_match
S1-797544334,iis elite vulcan inc,7725 ballantyne commons parkway  unit 102  charlotte  nc,US,S3-527046957,iis elite  vulcan westgate inc,7726c ballantyne commons pkwy  charlotte  north carolina,0.7411,39,approx_name_match
S1-799062154,straight edge book store,14520 brandywine heights road  brandywine  md,US,S2-76235549,straight  edge book store,,0.7672,60,approx_name_match
S1-799169616,value golden hair studio  llc,il  gurnee  1017 elsie avenue,US,S2-417372709,value golden hair  studio llc,or  19525 mahama place  portland,0.8379,37,approx_name_match
S1-802756302,liberty trust inc,4690 state rt 48  covington  oh,US,S2-885292465,liberty trust  inc,,0.7844,75,approx_name_match
S1-802820306,board of motor vehicles,16 bernice street  ny  johnson city,US,S2-981768072,board of motor  vehicles,dc  2800 quebec street  wshington,0.8008,26,approx_name_match
S1-803221077,metropolitan deli inc,1019 17th street  unit apt 7  norwalk  ia,US,S2-893710996,metropolitan deli inc,,0.79,3,same_name_different_addr
S1-803857917,allied charities,11323 carvel lane  houston  tx,US,S3-312516017,allied charities,clinton dr  houston  texas,0.8088,60,same_name_different_addr
S1-804261167,carney ampercap llc,va  8143 loving forest court  fairfax county,US,S2-347474078,carney motors,8152 loving forest ct  fairfax county  va,0.6066,69,approx_name_match
S1-804322429,opton ventures llc,oh  3610 54th street  cleveland,US,S2-931963498,opton ventures llc,2505 vesson ave  durham  nc,0.79,45,same_name_different_addr
S1-805456992,r  ready  llc,14502 roddy road  thurmont  md,US,S2-103227585,maid nails  co,14502 roddy road  md  thurmont,0.5302,21,approx_name_match
S1-807282337,ketech,152 jones road  lattimore  nc,US,S3-37044014,ketech,,0.79,37,same_name_different_addr
S1-808842069,uptown pilates  llc,120 victoria drive  lower allen township  pa,US,S2-460718380,uptown pilates llc,nc  5705 trevino street  hope mills,0.7847,39,approx_name_match
S1-808877270,knight and lockwood granite inc,1407 huddersfield drive  smyrna  tn,US,S2-665446230,group knight and lockwood granite,tn  1418 huddersfield dr  smyrna,0.7784,48,approx_name_match
S1-809766756,gregson and gates,n1143 barnwood court  village of greenville  wi,US,S2-883362669,gregson and  gates west,n1147 barnwood ct  village of greenville  wi,0.9067,40,approx_name_match
S1-810063602,machado trading el dorado,1339 douglas road  el dorado  ks,US,S3-419916884,machado trading el dorado  inc,1346 douglas road  el dorado cdp  kansas,0.5427,25,approx_name_match
S1-810652559,j   f systems,bel aire  5753 bristol street  ks  fl 0,US,S3-260793074,j   f systhems ltd,5764 brisotl st  kansas  fl  0  bel aire,0.6259,50,approx_name_match
S1-810841510,modern diagnostic concepts llc,tucson  6071 sayal  az,US,S3-879687839,modern diagnostic concepts,bell rd  unit 2032  phoenix  arizona,0.7782,38,approx_name_match
S1-81125196,great fund,ct  litchfield  31 howe road,US,S3-419461280,great fund,4925a sweetleaf drive  riverside  ohio,0.85,20,same_name_different_addr
S1-811916225,rockwall nano pc,3840 juniper hill drive  rockwall  tx,US,S2-391358558,rockwall nano co,rockwall  3845 juniper hill dr  tx,0.7481,17,approx_name_match
S1-812430955,maryville community center,1409 carowinds circle  maryville  tn,US,S3-514147797,maryville community center inc,1430c carowinds circle  maryville  tennessee,0.8239,49,approx_name_match
S1-813615541,cascade family practice,716 chancellorsville drive  wentzville  mo,US,S2-149522034,cascade family practice inc,720 chancellorsville drive  wentzville  mo,0.5691,15,approx_name_match
S1-815401948,lower synchrony inc,kingsbury  286 queens drive  ny,US,S2-162664483,lower synchrony inc,293 queens drive  hudson falls  ny,0.8462,1,same_name_different_addr
S1-817562616,glen burnie dermatology smart group,md  unit k  glen burnie  337 hospital drive,US,S2-263313782,glen burnie urgent care physicians authority,md  glen burnie  7727  overhill road,0.5443,24,approx_name_match
S1-818032155,cascade committee,il  1052 springfield avenue  chicago,US,S2-37572914,cascade committee,6181 scheider rd  freeport  il,0.8067,24,same_name_different_addr
S1-818221925,cascade league,3320 hollybrook court  greensboro  nc,US,S2-162453716,cascade league,stony point school rd  stony point  nc,0.8067,40,same_name_different_addr
S1-818301416,cancer center,4620 menchaca road  austin  tx,US,S3-957620896,cancer central  center,austin  4629 menchaca rd  texas,0.6757,12,approx_name_match
S1-819432839,continental program,fillmore  632 central avenue  ca,US,S2-550068953,continental program,discovery dr  hatfield township  pa,0.85,26,same_name_different_addr
S1-81968537,lucky bakery,ny  23 b ross avenue  norwich,US,S3-476720239,lucky  bakery,,0.8423,47,approx_name_match
S1-820515,shel marzano  cpa,8325 milner avenue  terre haute  in,US,S3-899283034,marzano   shel cpaa,8325 minler ave  terre haute  indiana,0.5469,97,approx_name_match
S1-820864129,marline burke pinnacle redwood l l c,118 wood duck  texarkana  tx,US,S2-519880909,marline burke pinnacle redwood llc,,0.7561,39,approx_name_match
S1-822168720,dynamic research ventures,3245 hanna avenue  cincinnati  oh,US,S2-840801753,dynamic  research ventures,sampson st  des moines  ia,0.7682,1,approx_name_match
S1-823166196,nao polska,1108 marshall avenue  evansville  in,US,S3-419064781,nao polska,tulsacity  oklahoma  8905 quebec avenue,0.8067,62,same_name_different_addr
S1-824116159,dynamic scientific,3934 black road  blountsville  al,US,S2-332601264,dynamic scientific corp,3947 black rd  blountsville  al,0.5338,1,approx_name_match
S1-824712143,holy church,12402 division street  spokane  wa,US,S3-920425482,holy church,new york  auburn  perrine street,0.8067,48,same_name_different_addr
S1-826900772,family federal clinic llc,320 madison road  orange town  va,US,S2-959262370,family federal clinic llc,,0.79,2,same_name_different_addr
S1-827119134,main street yoga,1565 huskey road  mosier  or,US,S3-71721860,main street yoga,connecticut  stamford  62 akbar road,0.8067,69,same_name_different_addr
S1-827576292,fresh bakery inc,1206 b 17th street  temple  unit b  tx,US,S2-557571791,fresh bakery  inc,tx  sisbee  winters st,0.8175,49,approx_name_match
S1-827962113,timber,27613 alpen drive  ca  lake arrowhead,US,S3-769114388,timber corp,california  27615 alpen dr  lake arrowhead,0.8032,5,approx_name_match
S1-828271606,gabriella gochenour pearl inc,brookhaven  ny  64 montgomery avenue,US,S3-97710300,gabriella gochenour pearl group,69 montgomery avenue  brookhaven  new york,0.7879,57,approx_name_match
S1-828483964,pediatric dentistry group p c,9371 garden creek road  buchanan county  va,US,S3-613816746,pediatric dentistry  group p c,hampton city  virginia  00466 wind mill point rd,0.7836,17,approx_name_match
S1-828684436,health alliance,hesperia  ca  9095 quincy avenue,US,S2-866425907,health  alliance,30269  highway 20  republic  wa,0.7837,45,approx_name_match
S1-828692980,pediatric dental specialists partners,547 virgil street  jasonville  in,US,S3-904200130,pediatric dental specialists  partners,washington  longview    5  3044 maryland street,0.8024,35,approx_name_match
S1-829657294,dermatology physicians of newburyport,ma  newburyport  16 coltin drive,US,S3-646067266,dermatology physicians of newbrsuyort coastal,29 coltin drive  newburyport  massachusetts,0.6705,13,approx_name_match
S1-83055148,bureau of aging,39 lansdowne drive  mamaroneck  ny,US,S2-80300269,bureau of aging,main st  glastonbury  ct,0.79,27,same_name_different_addr
S1-832703789,global smith,greensboro  nc  638 millwood school road,US,S2-437776011,global smith llc,641 millwood school road  greensboro township  nc,0.8487,1,approx_name_match
S1-83273810,cozy pilates,md  ellicott city  3534 rosemary lane,US,S2-179335914,cozy pilates,,0.85,40,same_name_different_addr
S1-832965663,select integrated llc,mo  columbia  fl 1  1845 boris drive,US,S3-238777808,select  integrated group,1858 boris drive  fl 1  columbia  missouri,0.7841,7,approx_name_match
S1-833090009,pena   ray,in  410 indiana street  huntington,US,S2-479787867,pena   ray corp,0417 indiana street  huntington  in,0.8533,1,approx_name_match
S1-833219040,regional society,1663 poplar ridge road  alexandria ky  ky,US,S2-208935917,regional  society,east rochester  state rte 172  oh,0.7841,25,approx_name_match
S1-834163511,west health center llc,200 ross road  bldg building h  bridgeport borough  pa,US,S2-273315441,west health center llc,ks  brownell  16091 aa road,0.8025,5,same_name_different_addr
S1-835068816,cozy pilates,11251 san lucas drive  loma linda  ca,US,S2-179335914,cozy pilates,,0.79,51,same_name_different_addr
S1-835222454,bright jab llc,203 canvasback drive  clute  tx,US,S2-56871977,bright jab corp,cluet  224  canvasback dr  tx,0.7931,1,approx_name_match
S1-835506164,marx   kwon care,1476 eden road  abilene  ks,US,S2-964007064,hameed    kwon care,ks  abilene    1476 eden road,0.7193,78,approx_name_match
S1-837152284,anissa juarez desert plains llc,1026 1 2 east street  madison  in,US,S2-863921963,anissa juarez desert plains highland,1026 1 3 b east street  madison  in,0.8408,43,approx_name_match
S1-839635912,ramirez snow llc,204 canyon lake circle  morrisville  nc,US,S3-291688335,ramirez snow ltd,morrisville  205 canon lake circle  north carolina,0.7717,16,approx_name_match
S1-840699953,regional ministries,212 somerset glenn  village of wales  wi,US,S3-699264880,regional ministries,,0.79,32,same_name_different_addr
S1-842547985,corner bakery llc,121 wellesley avenue  spokane  wa,US,S2-364590301,corner bakery llc,pendleton  or  73371 mud springs rd,0.79,37,same_name_different_addr
S1-843851671,indira s mountain tire shop llc,6335 144  mooresville  in,US,S3-65670756,indira s mountain tire shop partners,indiana  mooresville  6344 144,0.7689,72,approx_name_match
S1-84651701,summit ministries,214 small pine drive  garner  nc,US,S2-471598877,summit ministries,kinder lane  vinita  ok,0.79,22,same_name_different_addr
S1-847418689,physical therapy specialists group,1018 19th street  arlington county  va,US,S2-912698187,physical therapy specialists group,4939c 35th pl  portland  or,0.79,7,same_name_different_addr
S1-848227750,protech inc,2220 hartzell street  evanston  il,US,S3-585274333,protech  inc,,0.7817,55,approx_name_match
S1-848556377,dawson valley douglas inc,19558 route j40  keosauqua  ia,US,S3-851204022,dawson valley douglas metro  inc,keosauqua  iowa  19561 route j40,0.7897,24,approx_name_match
S1-849617620,saex inc,2545 anderson station road  unit 902  chillicothe  oh,US,S3-233449992,saex  inc,,0.7789,7,approx_name_match
S1-850996160,perez brc llc,4368 230th avenue  saint francis  mn,US,S2-262644967,perez brc uptown llc,4379 230th ave  saint francis  mn,0.5311,40,approx_name_match
S1-851203312,joelie f  dubrow  p a  lp,2300 lincoln avenue  fort worth  tx,US,S2-820806232,joelie f  p a  dubrow  llc,oakland    2225 old pioneer rd  or,0.584,80,approx_name_match
S1-851451686,shackelford  pruitt   french bright center,68 lillian street  cramerton  nc,US,S3-17540342,shackelford  pruitt and french french appliance center,cramerton  70 lillian st  north carolina,0.6229,43,approx_name_match
S1-852280328,unified diana,2483 purple fountain point  cimarron hills  co,US,S3-113825899,unified diana corp,colorado  2488 purpte fountain pt  cimarron hills,0.7643,28,approx_name_match
S1-853001157,l 9 v illinois corp,123 woodbine avenue  unit unit f  saint louis  mo,US,S3-932556854,l 9 v illinois llc,missouri  saint louis  130  woodbine ave  unit unit f,0.8412,8,approx_name_match
S1-853051756,historical guild,1963 pembroke avenue  unit unit 205  hampton city  va,US,S2-57400786,historical guild,52nd avenue  spanaway  wa,0.8036,29,same_name_different_addr
S1-853294048,crystal marine group,goree  106 1st street  tx,US,S3-878614609,crystal marine group lakeside inc,texas  108 first st  goree,0.7801,2,approx_name_match
S1-855905642,patriot alliance associates,priceville  al  187 friendship road,US,S3-858063525,patriot allnsiacne associates group,alabama  198 friendship road  priceville,0.6565,25,approx_name_match
S1-858005282,enon,nc  94 cotton patch court  burgaw,US,S2-735370163,enon,326 mccotter boulevard  havelock  nc,0.805,24,same_name_different_addr
S1-861551698,gulf trust,minerva  1328 29  ny,US,S2-683000386,gulf trust,ny  rochester  city  54 scrantom st,0.8667,33,same_name_different_addr
S1-861779878,4151 first ave management ltd,55 congress street  unit 181  amesbury  ma,US,S2-150239727,4151 first ave management westgate,amesbury  ma  57 congress street,0.8041,17,approx_name_match
S1-862782345,glyphify battery,915 3rd street  correctionville  ia,US,S2-596231027,glyphufy battery,915 3th st  correctionville  ia,0.6775,83,approx_name_match
S1-863736820,interfaith association,188 murphy lake loop  fortine  mt,US,S2-73672573,interfaith association,mandy ln  hampden township  pa,0.79,36,same_name_different_addr
S1-864211800,north national arcelormittal pllc,ny  6934 proximity lane  victor,US,S2-395977989,north national arcelormittal  pllc,gannett rd  northfield  oh,0.8471,2,approx_name_match
S1-865146205,preferred grade,509 front street  city of spooner  wi,US,S2-10547386,preferred grade corp,512 front street  city of spooner  wi,0.5342,1,approx_name_match
S1-869152848,downtown diner,1219 vail avenue  arlington heights  il,US,S2-832912164,downtown diner,parsons avenue  oh  columbus,0.8067,42,same_name_different_addr
S1-870716156,fresh pilates,906 w summit ave  fergus falls  mn,US,S2-47838206,fresh pilates,hayes street  null  wasington  dc,0.79,43,same_name_different_addr
S1-871313559,alayne s research,21204 s herron road  lakebay  wa,US,S2-552640173,alayne s research co,21209d s herron road  lakebay  wa,0.8781,61,approx_name_match
S1-872554774,national charities llc,1501 mcwhorter road  tn  cunningham,US,S2-531044130,national charities llc,oh  2220 high street  cuyahoga falls,0.79,42,same_name_different_addr
S1-872568002,alecia ninan elite bitwise llc,108 jenness street  lynn  ma,US,S2-116990538,pearson clear biscieince  llc,108 jenness st  lynn  ma,0.5684,69,approx_name_match
S1-872909633,southern highland daedalus,or  unit  c  beaverton  17740 alexander street,US,S3-999793607,southern highland  daedalus ltd,17745  alexander street  unit  c  beaverton  oregon,0.8473,3,approx_name_match
S1-87311662,new life catholic church,il  peoria  1128 thrush avenue,US,S2-596505628,new life catholic church,,0.85,21,same_name_different_addr
S1-874475418,bright cafe,11 talshire lane  sugar land  tx,US,S2-593185504,bright cafe,derek drive  baytown  cdp  tx,0.805,26,same_name_different_addr
S1-874754565,trinity emanuel,504 collins park drive  nashville  unit 104  tn,US,S2-265259760,trinity  emanuel,plateau dr  springfield  oh,0.7974,34,approx_name_match
S1-876467248,patriot coalition llc,ma  arlington  10 revere street,US,S2-522465683,patriot coalition llc,6 rodman st  jamaica plain  ma,0.8233,34,same_name_different_addr
S1-87721155,data mobility union inc,2111 lavender lane  colton  ca,US,S2-711367945,data mobility union inc,2118 lavender ln  colton  ca,0.65,1,same_name_different_addr
S1-877298145,36 hour homecare inc,93 juneberry lane  tuckasegee  nc,US,S3-952293784,36 hour homecare north inc,tuckasegee  north carolina  94 juneberry ln,0.7653,60,approx_name_match
S1-878586124,interfaith project,1237 van buren street  fairfield  ca,US,S2-875719746,interfaith project,,0.79,25,same_name_different_addr
S1-87945479,northern animal hospital,50595 wyandotte drive  granger  in,US,S3-821843571,northern animal hospital,truro drive  chanler  arizona,0.8088,11,same_name_different_addr
S1-882691973,bright ice cream,8550 147th terrace  unit  102  beaverton  or,US,S2-357478428,bright ice cream,7715b pineville matthews rd  charlotte  nc,0.79,67,same_name_different_addr
S1-883901222,blue tavern,mesquite  tx  2215 borman avenue,US,S3-313916254,blue  tavern,5410 feagan st  pmb 8559  houston  texas,0.7817,54,approx_name_match
S1-884053044,opton llc,7161 firwood drive  ferndale  wa,US,S3-821926926,opton llc,texas  cleveland  316 road 5814,0.79,81,same_name_different_addr
S1-884274945,silver book store,121 high avenue  bellefontaine  oh,US,S2-794505858,silver book store,downer pl  auurora  il,0.79,35,same_name_different_addr
S1-885024388,certified fannie inc,greensboro  nc  4401 hicone road,US,S2-572964271,certified riverside inc  services,4404 hicone road  greensboro  nc,0.6227,1,approx_name_match
S1-8850707,i m annaly llc,1108 skyline drive  fl 1  medford  or,US,S3-442465023,i m annaly llc,alexandria  virginia  3308 martha custis drive,0.8025,1,same_name_different_addr
S1-885400725,veify golden costamare llc,7 jordan lane  raymond  me,US,S2-244627923,veify golden costamare llc,,0.79,40,same_name_different_addr
S1-886177691,direct plum,50 grist mill lane  leburn  ky,US,S2-12632297,direct plum,tukwila  13057 56th ave  wa,0.79,13,same_name_different_addr
S1-889162517,heartland initiative,4218 ealy road  east ridge  tn,US,S3-768680782,heartland initiative,ridge circle rd  andersonville  tennessee,0.8233,40,same_name_different_addr
S1-890041218,chapman s entertainment,2138 mt ridge lane  rockingham county  va,US,S2-994058651,chapman s entertainment corp,2149 mt ridre lane  rockingham county  va,0.5416,4,approx_name_match
S1-891314172,minda murphey cascade shore inc,7825 northwinds drive  missouri city  tx,US,S3-176904343,minda murphey cascade shore corp,texas  n a  missouri city    7830 northwinds drive,0.8039,69,approx_name_match
S1-891452602,unified annaly inc,6616 cockerille avenue  takoma park  md,US,S2-900575538,unified annaly riverside inc,6637 cockerille avenue  takoma park  md,0.5304,1,approx_name_match
S1-89263807,regional chiropractic,354 seaver street  unit 2  boston  ma,US,S2-710554912,regional chiropractic ltd,810a randolph st  garrett  in,0.752,52,approx_name_match
S1-89326162,happy book store,ny  greece  10 kingsberry drive,US,S3-605283151,happy  book store,pembrooke court  putnam valley  new york,0.8316,39,approx_name_match
S1-894394446,fresh staffing enterprises,15810 rowe road  little rock  ar,US,S2-556318932,fresh staffing enterprises,,0.79,12,same_name_different_addr
S1-894654752,ailis holloway insurance llp,3959 vista del rey drive  east wenatchee  wa,US,S3-863624064,ailis holloway insurance llc,haverstraw    34 forest dr  new york,0.7617,75,approx_name_match
S1-895268142,custom automation enterprises,8739 old logging trail  town of baileys harbor  wi,US,S2-210125236,custom automation enterprises holdings,8746 old logging trail  town of baileys harbor  wi,0.5638,33,approx_name_match
S1-896975330,cultural council inc,2209 louise lane  norman  ok,US,S2-927778813,cultural council inc,fairview  nc  33 flat creek road,0.79,33,same_name_different_addr
S1-896982601,autism assistance fund,2550 farrel drive  unit 313  columbus  oh,US,S3-856081951,autism assistance fund,arizona  296 83rd pl  scottsdale,0.79,21,same_name_different_addr
S1-897339467,health fellowship partners,massillon  oh  1730 10th street,US,S3-443541055,health fellowship partners,71 gould st  wakefield  massachusetts,0.8067,2,same_name_different_addr
S1-89764935,uptown bike shop,71 32 66 road  middle village  ny,US,S2-188986476,uptown bike shop,yarmouth  me   91 main street,0.79,41,same_name_different_addr
S1-898676436,murray mitsubishi,killeen  tx  2105 beretta drive,US,S3-496749214,murray mitsubishi co,killeen  2116 beretta dr  texas,0.8619,11,approx_name_match
S1-901759753,fleig premier rocky,103 lancelot loop  canton  nc,US,S2-582188062,fleig premier rocky corp,nc  110 lancelot loop  canton,0.8621,27,approx_name_match
S1-902323469,whitman  barbaraanne  dds,7 tupelo  brownsville  tx,US,S3-790876675,whitman  barbaraanne   ddsp,12d tupelo  n a  brownsville  texas,0.7996,33,approx_name_match
S1-906000860,phylys goodson star lincoln,2670 darlene lane  vail  az,US,S3-700253933,phylys goodson star law group,vil  2671 darlene ln  arizona,0.617,123,approx_name_match
S1-906955349,longshoremen union local no 640,6350 transit road  unit suite 3  depew  ny,US,S3-178332317,longshoremen union local no  640 group,6351 transit rd    suite 3  depew  new york,0.5403,54,approx_name_match
S1-907309799,lopez heartland allegro lp,1270 strassner drive  unit unit 3208  saint louis  mo,US,S3-486225024,lopez heartland interiors lp,missouri  st louis  1272 strassner drive,0.61,5,approx_name_match
S1-90773675,ballantyne  hulbert and le pllc,1809 woodsway drive  thomasville  nc,US,S2-703212042,ballantyne  hulbert and le corp,nc  thomasville    1814 woodsway drive,0.8523,42,approx_name_match
S1-908731169,sterling quantumsphere  llc,2127 bandera drive  clarksville  tn,US,S2-220598840,sterling quantumsphere  corp,clarksville  null  2128 bandera drive  tn,0.8402,1,approx_name_match
S1-908903920,tri state program,1602 quinn road  or  woodburn,US,S2-784636476,tri state program,bradley avenue  cambridge  md,0.79,22,same_name_different_addr
S1-909689394,reliable energy concepts pc,802 dixiana drive  owensboro  ky,US,S2-223925796,reliable energy concepts west pc,805  dixiana dr  owensboro  ky,0.551,1,approx_name_match
S1-909740935,pediatric clear associates,1847 belotes ferry road  lebanon  tn,US,S2-654280620,pediatric clear associates corp,4856 belotes ferry road  lebanon  tn,0.5715,1,approx_name_match
S1-911111573,literacy committee,chincoteague town  4354 carpenter lane  va,US,S2-118546618,literacy committee,virginia beach  va  004 d gunter st,0.8625,39,same_name_different_addr
S1-911316590,congregation methodist church,129 299th place  federal way  wa,US,S2-539476626,congregation methodist church,sc  267  autumn leaf ln  clover,0.79,42,same_name_different_addr
S1-91448145,melnik allied staked,nc  unit 421  19329 watermark drive  cornelius,US,S2-48319345,seix vsla lp,cornelius  nc  19329 watermark dr,0.5423,54,approx_name_match
S1-914787319,womens health patriot center llc,336 waters avenue  staten island  ny,US,S2-871171191,womens health patriot center   corp,00337 waters avenue  staten island  ny,0.5383,1,approx_name_match
S1-914818701,little yoga,77 woodhaven drive  trumbull  ct,US,S3-182043268,little yoga,166a mount pleasant road  levant  maine,0.79,27,same_name_different_addr
S1-916555789,delta giant llc,15405 meith street  fortville  in,US,S3-523927912,delta  giant llc,lily claire ln  fuquay varina  north carolina,0.7637,19,approx_name_match
S1-916762067,liberty institute,10623 cenote road  albuquerque  nm,US,S2-28441459,liberty institute,,0.79,38,same_name_different_addr
S1-917042535,barbara s safe analytics,1911 kelmore road  dundalk  md,US,S2-588102777,barbara s safe analytics west,1932 kelmore rd  dundalk township  md,0.5521,3,approx_name_match
S1-918262913,urgent care reliable medicine p c,1258 sarafina drive  prescott  az,US,S2-712572376,urgent cifare reliable medicine llc,1265c sarafina drive  prescott  az,0.6693,1,approx_name_match
S1-918470259,youth foundation,33 briar lane  rockford  il,US,S2-986512624,youth foundation,80th ave e  tulsa  ok,0.79,25,same_name_different_addr
S1-920945433,housing council of granite city,2721 buxton avenue  granite city  il,US,S3-379125083,housing council of granite city llc,illinois  2723 2725 buxton avenue  granite city,0.8298,1,approx_name_match
S1-921799181,family royal physicians of east lyme,71 stoney wood drive  east lyme  ct,US,S2-860545431,family royal physicians of east lyme eastgate inc,73 stoney wood drive  east lyme  ct,0.565,27,approx_name_match
S1-925095367,straight edge diner,unit unit   a  ok  111 perkins road  stillwater,US,S2-886465229,straight edge diner,hot springs national park  344 rock creek road  ar,0.86,41,same_name_different_addr
S1-925125941,smart translational llc,8 justin drive  fl ground floor  columbia  il,US,S2-380288213,smart translational inc,9a justin dr  columbia  il,0.8228,1,approx_name_match
S1-925345541,stephenie s auto sales inc,1403 windsor street  unit a  columbia  mo,US,S2-747386077,stephenie s auto sales,95st street  redmond  wa,0.7534,35,approx_name_match
S1-928443643,kearney  benita  d o  pc,501 balm street  wa  walla walla,US,S3-998137800,pc kearney  benita  d o  north,washington  50 balm street  walla walla,0.6252,106,approx_name_match
S1-9306448,ankrum northwest of portland,2460 sherwood drive  portland  or,US,S2-542412038,ankrum northwest of portland holdings,porltand  or    2473 sherwood dr,0.802,19,approx_name_match
S1-930963153,beth emanuel,3016 anderson road  nashville  tn,US,S2-56363948,bethemanuel,tn  woodsboro road  knoxville twonship,0.8042,33,approx_name_match
S1-931403163,linn village,69300 deer ridge road  sisters  or,US,S2-509815850,linn village corp,sisters  or  69321d deer ridge rd,0.868,1,approx_name_match
S1-932290973,back alley cafe llc,chadron  239 king street  ne,US,S2-942810273,back alley cafe,2st pl  salem  or,0.7622,47,approx_name_match
S1-932829159,physical therapy center  inc,245 roosevelt road  west chicago  il  unit 8 51,US,S3-734445181,physical therapy center  inc,,0.79,48,same_name_different_addr
S1-933115712,fernandina butler  esq   pc,cookson  ok  34425 527 road,US,S3-892652754,fernandina butler  esq   pc,buckley highway  union  connecticut,0.85,70,same_name_different_addr
S1-934463057,global committee llc,2841 montclair place  city of oshkosh  wi,US,S3-898207965,global committee  llc,,0.7852,24,approx_name_match
S1-936168963,toque  llc,bridgeport  ct  340 ezra street,US,S3-822730932,toque llc,idaho  homedale cdp   3436 hunt lane,0.84,39,approx_name_match
S1-937096759,coastal coalition llc,4423 aspenglen drive  houston  tx,US,S3-989358507,coastal coalition llc,kufman  501 cates dr  texas,0.8067,32,same_name_different_addr
S1-938100399,toler global credit inc,6725 501  anson  tx,US,S3-170118035,toler global holdings,anson  6732 1 2 501  texas,0.704,28,approx_name_match
S1-939100852,sherye christenson golden crumrine llc,highland  il  4232 prairie road,US,S3-41609798,sherye christenson golden crumrine ltd,4245 praiire rd  illinois  highland,0.7905,74,approx_name_match
S1-940171652,animal welfare program,19 maryvale drive  webster  ny,US,S2-680016597,animal welfare  program,,0.7857,16,approx_name_match
S1-940451930,liberty initiative corp,or  prineville  2269 elk street,US,S3-56986184,liberty initiative corp,11677  silver meadow ct  fishers  indiana,0.79,22,same_name_different_addr
S1-942041941,north allied beijing llc,ok  muskogee  9900 chimney mountain road,US,S3-680638245,north allied beijing inc,9905b chimney mountain rd  muskogee  oklahoma,0.8633,1,approx_name_match
S1-942073147,unified genomic union inc,226 140th street  fl ground floor  latimer  ia,US,S3-730801708,unified  genomic union inc,,0.7582,2,approx_name_match
S1-942176766,sweet yoga,ny  7 lark street  albany  unit suite g2,US,S2-771433009,sweet yoga,upper dublin township  1720 hood ln  pa,0.85,41,same_name_different_addr
S1-942525109,spann  jenilee s   dpm,tx  9609 prescott drive  austin,US,S3-716005689,partners spann  jenilee s   dpm,9612 prescott dr  austin  texas,0.7313,105,approx_name_match
S1-945428048,ubx fuse inc,4224 carroll dyer road  putnam county  tn,US,S3-808985693,ubx fuse northside  inc,putnam county  4229 carroll dyer rd  tennessee,0.6968,10,approx_name_match
S1-945438031,h 5 clear contracting of vermilion,7911 cemetery road  vermilion  oh,US,S2-936463929,h 5 clear contracting of vermilion llc,vermilion  7913 cemetery rd  oh,0.8756,20,approx_name_match
S1-945668714,pacific trust llc,fl floor 1  buffalo  ny  112 bush street,US,S2-241120385,pacific trust llc,,0.85,23,same_name_different_addr
S1-946974975,margolis star earth,1052 waco avenue  fl 0  wichita  ks,US,S2-470727797,margolis star earth,,0.79,12,same_name_different_addr
S1-947356979,fontaine  coleman and silva corp,w62n604 washington avenue  city of cedarburg  wi,US,S3-746411744,fontaine  coleman and silva ltd,w62n615 washington avenue  city of cedarburg  wisconsin,0.8734,53,approx_name_match
S1-947629397,northern animal hospital,160 15 82 drive  jamaica  ny,US,S3-854982698,northern animal hospital llc,new york  00160 24 82 dr  jamaica,0.7964,11,approx_name_match
S1-947912878,liberty federation,22325 110th place  kent  wa,US,S2-403147296,liberty federation,kansas city  ks  4243c 125th ter,0.79,35,same_name_different_addr
S1-948810114,classic platinum paceline,23 own home avenue  wilton  ct,US,S3-356046553,classic platinum paceline inc,25 own home ave  wilton  connecticut,0.5476,6,approx_name_match
S1-949538901,anderson bright lending inc,230 83rd street  centreville  il,US,S3-265478533,anderson bright lending holdings,centreville  illinois  231 83rd st,0.8014,1,approx_name_match
S1-95002898,ehx beacon nasdaq co,175 reston lane  gilberts  il,US,S2-90159750,ehx beacon nasdaq west co,182d reston ln  gilberts  il,0.7867,19,approx_name_match
S1-950143741,metropolitan program inc,tx  4538 baron road  baytown,US,S2-788696313,metropolitan program,in  bluffton  228 central ave,0.7725,26,approx_name_match
S1-950301325,hernandez   black music,hot springs village  70 almazan way  ar,US,S2-244496568,horizon blackrock inc,hot springs village  ar  almazan way,0.5491,38,approx_name_match
S1-953816836,bright tattoo,4035 wallbrook drive  charlotte  nc,US,S2-834380347,bright tattoo,oh  canton  1123 19nd st,0.79,48,same_name_different_addr
S1-954363550,staggs   molina inc,6402 mulberry branch lane  baytown  tx,US,S2-283895749,staggs   molina partners,baytown  tx  6411 mulberry branch ln,0.8201,22,approx_name_match
S1-956338380,golden metropolitan metlife,5704 frio drive  fort worth  tx,US,S3-672616187,golden metropolitan metlife co,texas  fort worth  5705 frio drive,0.8443,25,approx_name_match
S1-957718320,orthopedic desert associates inc,nc  5718 prescott court  charlotte,US,S3-939980720,orthopedic desert associates llc,,0.7706,2,approx_name_match
S1-958714003,valley fellowship,houston  tx  6635 ave q,US,S2-73702126,valley fellowship,evansville    1319 governor st  in,0.85,25,same_name_different_addr
S1-959019168,eichelberger harbor braemar llc,houston  4907 helmers street  tx,US,S2-672745952,eichelberger harbor farms llc,tx  houston  4911 helmers street  po box 1384,0.7376,20,approx_name_match
S1-95995468,b q howard independence partners,4150 98th avenue  blaine  mn,US,S3-558077814,b q howard independence partners co,4152 98nd ave  blaine  minnesota,0.5391,2,approx_name_match
S1-961056836,meza   mendoza fitness inc,seiling  302 locust street  ok,US,S3-756928295,meza lnc mendoza fitness south,303 locust st  seiling cdp  oklahoma,0.6195,39,approx_name_match
S1-961082052,global trust,504 cooper avenue  cincinnati  oh,US,S3-420669160,global trust,white plains  unit apartment 1a  new york  119 harding avenue,0.8007,34,same_name_different_addr
S1-962979911,federal championsgate,5911 randolph summer shade road  ky  summer shade,US,S3-903015201,federal championsgate ltd,kentucky  summer shade  5922 randolph summer shade rd,0.8338,2,approx_name_match
S1-965087820,pacific institute,816 desaix drive  georgetown  tx,US,S2-333726793,pacific  institute,,0.7844,26,approx_name_match
S1-966173428,sager  ramirez and lucas columbia,11444 e wawasee drive  syracuse  in,US,S2-879912602,farmer aberscsdetn  llc,11444 e wawasee drive  syracuse  in,0.5892,49,approx_name_match
S1-966452897,aurent brands,241 arter avenue  topeka  ks,US,S3-853298465,aurentyn brands llc,241 arter avenue  topeka  kansas,0.6184,38,approx_name_match
S1-967649673,heartland network,3036 sawgrass drive  jonesborough  tn,US,S2-684124606,heartland  network,,0.7844,37,approx_name_match
S1-96965104,slee   durning l l c,spotsylvania county  va  6205 b farms court,US,S2-61120999,slee   durning north l l c,621 b farms ct  spotsylvania county  va,0.7611,13,approx_name_match
S1-969654218,vision bright care,110 marker road  unit 2  versailles  oh,US,S2-544926811,vision bright care,charlotte  424 ideal way  nc,0.79,16,same_name_different_addr
S1-969908145,glynnis bracken  dds  p c  monroe,2725 santiago circle  monroe  nc,US,S2-217278994,glynnis bracken dds p c  monroe summit,732 santiago circle  monroe  nc,0.5466,55,approx_name_match
S1-970388613,cultural fellowship,2565 madison avenue  ogden city  ut,US,S3-84699157,cultural  fellowship,,0.785,15,approx_name_match
S1-975349315,rochella torres  cpa associates,115 magnolia drive  bardstown  ky,US,S2-347357013,rochella  torres  cpa,,0.6791,86,approx_name_match
S1-975784495,e m dominguez smart  llc,1008 14th street  herrin  il,US,S3-954756159,e m dominguez smart  ltd,illinois  1009 fourteenth st  herrin,0.7761,1,approx_name_match
S1-975989846,desert credit llc,33005 rockford drive  solon  oh,US,S2-13905917,desert credit  inc,oh  33014 rockford dr  solon,0.8568,5,approx_name_match
S1-97646276,bay society,239 french meadow road  springfield  vt,US,S2-361200985,bay society,wayne  pierce ave  in,0.79,25,same_name_different_addr
S1-976968111,musselman fast partners,az  1690 yellow brick road  chino valley,US,S2-569383465,musselman fast,oro rd  n a  douglas  az,0.7645,14,approx_name_match
S1-9776817,st  chapel,burtonsville  md  3824 berleigh hill court,US,S2-230271148,st  chapel,4740 park heights ave  baltimore  md,0.8036,44,same_name_different_addr
S1-979008938,heritage project,1320 highland avenue  coos bay  or,US,S2-695424839,heritage project,,0.79,16,same_name_different_addr
S1-980860568,downtown hair studio,819 horne hollow road  culleoka  tn,US,S3-739077198,downtown hair studio corporation,,0.6914,72,approx_name_match
S1-983299417,rev it up tavern,8561 marissa drive  tigard  or,US,S2-853183157,rev it up  tavern,,0.7841,97,approx_name_match
S1-987231535,silver bike shop,7302 sparks branch road  unit a  s irv wagersville  ky,US,S3-782659321,silver bike shop,,0.79,45,same_name_different_addr
S1-987521732,grand intelligence global,6108 hoyne avenue  chicago  il,US,S3-760604835,grand intelligence global holdings,chicago  6115 hoyne avenue  illinois,0.7986,36,approx_name_match
S1-987679607,viv s express motors inc,8937 stoneridge place  montgomery  al,US,S3-191753245,co viv s express motors,alabama  8948 stoneridge place  montgomery,0.7391,105,approx_name_match
S1-987940698,loza  rutherford and gray inc,frankfort  256 strohmeier road  ky,US,S3-848649831,loza  rutherford and gray llc,65 strohmeier road  frankfort  kentucky,0.8111,69,approx_name_match
S1-988893993,metropolitan agricultural,325 tilgner lane  unit 10  dallas  or,US,S2-359845001,metropolitan agricultural,ak  anchorage  3803 iowa drive,0.79,3,same_name_different_addr
S1-990237486,ao national painting llc,553 greywood boulevard  delano  mn,US,S2-890398229,the nelson national painting llc,553 greywood blvd  dleano  mn,0.6036,12,approx_name_match
S1-990910325,cenia llc,11528 old annapolis road  frederick  md,US,S3-544755392,cenia llc,,0.79,13,same_name_different_addr
S1-991140310,evania ferreira  dpm  dds pc,151 logan ranch road  georgetown  tx,US,S3-982995535,evania ferreira  dpm  dds pc,null  texas  north richland hills  905 marti ln,0.79,25,same_name_different_addr
S1-991969698,baril  nari e   d o  llc,15 wren lane  eddyville  ky,US,S3-470214933,baril nari nari e  d o  ltd,kentucky  eddyville  18 wren lane,0.6595,73,approx_name_match
S1-993431475,straight edge bakery llc,8333 bilbo road  orange  tx,US,S2-492734716,straight edge bakery inc services,sam houston pkwy  houston  tx,0.7121,75,approx_name_match
S1-993564472,bingham first,2201 colonial drive  baytown  tx,US,S3-266456062,bingham first,,0.79,1,same_name_different_addr
S1-994576047,heartland pacific transition,2119 lynne drive  north bend  or,US,S2-967081622,heartland  pacific  transition,upton road  harrison  me,0.769,6,approx_name_match
S1-996272910,royal creative union,243 valley view lane  dyer  in,US,S2-180031619,royal creative union ltd,in  250 valley vimw ln  dyer,0.8317,1,approx_name_match
S1-998635900,rhodia h  miller  d d s   dds pc,il  seneca  124 country court,US,S3-407171116,rhodia h  miller  d d s   dds pc care  llc,,0.758,43,approx_name_match
S1-100239651,kolkata medi group,parganas north  kolkata  west bengal  thakurpukur road  south   kathor  p o badu  p s barasat  4 3,India,S2-390663155,kolkata essentials group,hn 31 4 24  thakurpukur road  south   kathor  p o badu  p s barasat  kolkata   null,0.7181,44,approx_name_match
S1-102108436,one infrastructure private limited,pune  maharashtra  bunglow g3 nyati chesterfield s 22 8 mohmmadwadi undri hadapsar,India,S2-893697231,one infrastructure pharmacy pr vate ltd,bunglow g3  nyati chesterfield s 22 15 mohmmadwadi undri hadapsar  pune  maharashtra,0.876,22,approx_name_match
S1-105950548,hari properties private limited,235 rewa bhuvan l  j roadcross sakaramkeer road shivaji park  mumbai  maharashtra,India,S2-378220026,hari properties private limited,maharashtra  hn 29 pl no 11 sr no  253 baner opposite kunal paragar  pune,0.7962,16,same_name_different_addr
S1-106150132,dravin  india  services pvt ltd,d 123  new palam vihar  near little angel school  gurgaon  haryana,India,S3-877394948,dravin  india  mines pvt ltd,door no 950  d 144  new palam vihar  near little angel school  gurugram  gurgaon,0.7744,10,approx_name_match
S1-106566214,ss foundation limited,delhi  part ii  delhi  44  gujranwala town,India,S3-952679293,ss  foundation ltd,a 2 38 safdarjung enclave  new delhi  dl,0.7508,10,approx_name_match
S1-108404412,india  vasantha consultancy private limited,shop no 1a navjeevan soc  r c marg chembur  mumbai  maharashtra,India,S2-51100383,india  vasantha consultancy exports private,shop no 4a navjeevan soc  r c marg chembur  mumbai  maharashtra,0.8977,28,approx_name_match
S1-108436487,nvu kreative private limited,mantra surf club 6   64  kolachikambla bappanadu grama  mangalore  dakshina kannada  karnataka,India,S2-648715531,nvu buildcon privcote limited,mantra surf club 6   73  kolachikambla bappanadu grama  mangalore  karnataka,0.6618,46,approx_name_match
S1-108529099,eastern consultants,house no  0031224  raghunath pally  badhra para  p o  radhanagar road  asansol municipal c  orporation  burdwan  bardhaman  west bengal,India,S2-815279092,eastern  consultants textiles,house no  31225  raghunath pally  badhra para  p o  radhanagar road  asansol municipal c  orporation  burdwan  west bengal,0.8447,6,approx_name_match
S1-109519069,jain engineering private limited,shivam apartment  shop no 05  43 281  mahajati nagar  north 24 paraganas  north 24 parganas  west bengal,India,S3-782027273,jain engineering private limited,sarthana  h no 5 11th floor  surat,0.8571,33,same_name_different_addr
S1-10968549,gopalan employment private limited,d1304 mahindra windchimes  37 2a  arekere  bangalore south  bangalore  karnataka,India,S2-307335460,gopalan employment ventures private ltd,d1305 mahindra windchimes  37 2a  arekere  bangalore south  karnataka,0.8745,58,approx_name_match
S1-110844107,eastern business private limited,1 sc 65 i g  nagar  jaipur  rajasthan,India,S3-829716735,eastern business private limited,h no 015 p  k v rangareddy  tg,0.79,7,same_name_different_addr
S1-110987275,indo marketing private limited,d no 11 518 a z p center  opp zilla parshed office  khamma  khammam  telangana,India,S3-241151619,indo marketing engineering private private,khammam  khamma  h no 0011 521 a z p center  opp zilla parshed office  tg,0.8119,47,approx_name_match
S1-111108208,zc india,garge no 2  status chs ltd 232 sher e punjab cly  mc road andheri  east     mumbai  mumbai city  maharashtra,India,S3-965320944,zc india,h  n  6 4 8  patil colony c t s  no  18290  aurangabad  mh,0.8548,54,same_name_different_addr
S1-111541268,south care private limited,a 103 104 nancy lake home  s no 8 off pune satara rd  pune city  pune  maharashtra,India,S2-850018601,south  care private limited,a2 912 lok gaurav complex  lbs marg opp empire plaza  mumbai  maharashtra,0.8271,42,approx_name_match
S1-112059260,varanasi real private limited,flat no  101 shanti apartment  birdopur  varanasi  uttar pradesh  b 38 195 s  varanasi,India,S2-186286669,varanasi real l l p,b 38 199 s  flat no  101 shanti apartment  birdopur  varanasi  uttar pradesh,0.8656,18,approx_name_match
S1-11240682,aarth agencies,8 1 lal bazar street 3rdfloorroom no 1  calcutta  kolkata  west bengal,India,S3-719548582,pvt aarth agencies ltd,8 22 lal bazar street 3rdfloorroom no 1  kolkata  calcutta  wb,0.7935,13,approx_name_match
S1-112774942,star   sons llp,4863 29 bharat ram road 24 darya ganj  new delhi  delhi,India,S3-226203219,star   sons group llp,h no 4863 33 bharat ram road 24 darya ganj  sonepat  new delhi,0.7952,5,approx_name_match
S1-113335823,enterprises isquare it private limited,242 3 pattanur vanur edaiyanchavadi tindavanam main road  villupuram  tamil nadu,India,S2-261465156,enterprises isquare it public limited,242 16 pattaour vanur edaiyanchavadi tindavanam main road  villupuram  tamil nadu,0.8307,35,approx_name_match
S1-113500529,arihant media private limited,plot no  263  a k  gopal nagar  khatipura  jhotwara  jaipur  rajasthan,India,S3-80310601,arihant media private ltd,c o dnyaneshwar shivsamb dharashive  at   po almala tq ausa  ausa  latur,0.7583,11,approx_name_match
S1-1138216,surya software private limited,door no 480  at nittuvali  r s no  67  hadadi road  davanagere  karnataka,India,S3-973713753,surya software private limited,no 48 9  sruthi  10th main 4th aa cross  nandanam colony  horamavu  bangalore  ka,0.856,11,same_name_different_addr
S1-113950279,bangalore south infra private limited,1 1 4   old no  1 1e   4th floor  7th cross  new  guddadahalli  mysore road  laxmi balaji  bangalore  bangalore south  bangalore  karnataka,India,S3-246879812,bangalore minefrhals ltd,no 1   old no  1 1e  4th floor 7th cross new guddadahalli mysore road above giria  bangalore,0.5643,24,approx_name_match
S1-114075235,best technology limited,1st floor  c wing  emerald apartment parsi panchayat road  mumbai city  andheri east  flat no  102  maharashtra,India,S3-190271072,best technology limited services,g 1  marvel memories chs  ramnagar colony nda pashan road  ps bavdhan  pune  mh,0.7562,17,approx_name_match
S1-114808225,innovative constructions limited,bl j  200 1  sahapur colony  kolkata  kolkata  howrah  west bengal,India,S3-384602711,innovative constructions ltd,1 1a mirza ghalib street esplanade janbazaar  kolkata  howrah  wb,0.759,6,approx_name_match
S1-115424906,shyam traders private limited,35 shree durga karupa  dr  shivarama karanth nagar  bangalore north  bangalore  karnataka,India,S2-800845633,shyam traders public limited,door no 44 shree durga karupa  dr  shivarama karanth nagar  bangalore north,0.8015,32,approx_name_match
S1-115575856,green advisors,403 a nouve apartment  opposite jyoti hotel  near triveni nagar  kurar village  malad   east   mumbai  mumbai city  maharashtra,India,S2-972729939,green advisors,maharashtra  fl  no  8   bora landmark  pl no  5  krishna colony  s  no  91 2  pune,0.795,3,same_name_different_addr
S1-116851652,maa global private limited,sr no  40  pune city  pune  maharashtra  fl no a1  602  sai dwarika,India,S3-577365547,maa global private limited,bldg  no e 2  thane  thane bhivandi road,0.8588,13,same_name_different_addr
S1-116953800,solutions mahashakti travels ltd,f 903  greenwoods chs ltd  m v road andheri kurla rd  mumbai  maharashtra,India,S2-723994804,solutions mahashakti travels exports  ltd,maharashtra  hn 432 f 924  greenwoods chs ltd  m v road andheri kurla rd  mumbai,0.8984,77,approx_name_match
S1-11850680,delhi north east solutions private limited,e 225 b  west karawal nagar  main 20 feet road  delhi north east  north west delhi  delhi,India,S2-646986679,delhi north east,s o sh narayan singhyadav  ph  4 shiv vihar karawal  delhi north east  delhi,0.7535,1,approx_name_match
S1-118901937,shivam exports limited,office no  706  7th floor  grohitam chs plot no  14b  sector  19  vashi  navi mumbai  raigarh  maharashtra,India,S2-166738486,shivam exports pvt limited,s 06 sector 29  gurgaon,0.7521,34,approx_name_match
S1-119032355,tech business,pl no  618  pune  maharashtra  flat no  01 shivtejnagar  sec 18  pcntda,India,S2-720470993,tech business,24    b 6  indira shankar nagari paud road  kothrud  pune  maharashtra,0.805,16,same_name_different_addr
S1-119437981,chennai agro pvt ltd,no  xxi  mahalakshmi nagar  vazhudhalambedu  kundrathur  chennai  kancheepuram  tamil nadu,India,S2-456782109,chennai agro private limited,no   54   andavar street  avvai nagar  chennai  null  tamil nadu,0.8133,3,approx_name_match
S1-119976614,new software llp,103 on 1st floor  ruby mahal  30d  fort cawasji patel street  opp yazdani bakery  mumbai  mumbai city  maharashtra,India,S2-933794227,new software llp,plot 00140 fl no  303  kalpvriksha soc  d p road  s  no  46 1c 1 100  karve nagar  pune  maharashtra,0.7988,24,same_name_different_addr
S1-120452192,kbw promoters limited,bangalore  bangalore north  ngef ancillary industrial estate  mahadevapura  bangalore  karnataka  c 20 3rd floor,India,S2-5163312,kbw singh limited,karnataka  c 20 24rd floor  ngef ancillary industrial estate  mahadevapura  bangalore  bangalore north,0.7441,37,approx_name_match
S1-121303479,international western technologies pvt ltd,449resco work03  regus  level 4  dynasty  a wing  andheri kurla road  mumbai  maharashtra,India,S2-803446776,international western technologies pvt,c 27  dattani nagar no 2s v road borivali  west   mumbai  maharashtra,0.8178,21,approx_name_match
S1-121903321,royal developers private limited,plot no 1215 1422  bhubaneswar  orissa  khordha  khandagiri bari  mouza ghatikia  ps khandagiri,India,S3-952639990,royal developers  private limited,plot no 04  khasra no 49  faizullaganj  lucknow,0.8521,49,approx_name_match
S1-122399045,dynamic energy private limited,flat no 1003  golden rays chs ltd  x wing  c 33 a  shastri nagar  off j p road 4 bunglow  andheri west  mumbai city  maharashtra,India,S3-526110273,dynamic energy private limited,corak p 7  prasad arcade  3rd floor  shornur road  patturaikal  thrissur  680  022  thrissur  patturaickal  keralam,0.8579,38,same_name_different_addr
S1-123154356,bright infotech,shop no 3132 main road near bus stand adampur  jalandhar  punjab,India,S2-898842096,bright infotech,v floor  peninsula chamberd  peninsula corporate park  ganpatrao kadam marg  lower parel  mumbai,0.85,21,same_name_different_addr
S1-123397338,hotel energy private limited,e 37  kh no 22 15  gali no  5  swaroop nagar  delhi  north west delhi  delhi,India,S3-32838340,hotel energy private limited,h 03 icon resi   morbi,0.85,11,same_name_different_addr
S1-12340239,india protech management,c o  sukumar mohanty  jayapur  near nilakantheswar temple  pahala  khordha  bhubaneswar  bhubaneswar  khordha  orissa,India,S2-355131512,india protech management infratech,orissa  door no 83 c o  sukumar mohanty  jayapur  near nilakantheswar temple  pahala  khordha  bhubaneswar  bhubaneswar,0.9098,70,approx_name_match
S1-123418340,vz technologies private limited,nashik  101  anant gaurav  advocate chambers nr  meher signal  maharashtra  nashik,India,S3-89768675,vz technologies public limited,anant gaurav  advocate chambers nr  meher signal  mh  nashik  122  nashik,0.7737,55,approx_name_match
S1-123916067,universal producer private limited,fl no   601  balwant nagar  yashlaxmi blossom appt   nashik  maharashtra,India,S3-493888800,universal producer private ltd,juhu  h no 48 501  mh  mumbai,0.7776,15,approx_name_match
S1-123933736,varshendra food pvt  ltd,12a  dr alagappa road  puruswalkam 1st floor  next to mctm girls school  chennai  tamil nadu,India,S2-19530926,varzhendra food pvt,25  dr alagappa road  puruswalkam 1st floor  next to mctm girls school  chennai  tamil nadu,0.7234,93,approx_name_match
S1-124970618,momentum nidhi  india  private limited,b 81 jigar colony  moradabad  uttar pradesh,India,S3-913938784,momentum niddmi  india  llp,b 94 jigar colony  moradabad  up,0.6209,65,approx_name_match
S1-125097118,parsa charitable trust corp,shop 24  the new asarwa mills emp coop soc  ltd   madhuram park  nr  gauri cinema  highway road  ahmadabad city  ahmedabad  gujarat,India,S3-456755075,parsa charitable trust partners group,h no 24 a the omshree tripurasundari soc  yogi nagar  ioc road b h sona pakr chandkheda  ahmedabad  gj,0.7533,35,approx_name_match
S1-125527556,gujarat infra,c 4 54 safdarjung development area  new delhi  south delhi  delhi,India,S3-969894214,gujarat infra,new delhi  105  delhi  model basti,0.875,13,same_name_different_addr
S1-126304388,bangalore north initiatives private limited,wework salarpuria magnificia  tin factory  78  old madras road  dooravaninagar  bangalore north  bangalore  karnataka,India,S2-438499779,bangalore north dealers pvt  ltd,n a  karnataka  wework salar magnificia  no 78  tin factory  o m r  bangalore north,0.6075,81,approx_name_match
S1-12647250,technologies trinity enterprises private limited,uttar pradesh  h  no 985  ghaziabad  sultan chowk  hindon vihar,India,S3-451224653,technologies trinity enterprises private ltd,,0.7814,3,approx_name_match
S1-128049192,balaji media private limited,tarabai park  block no  08  rajmati apts   kolhapur  maharashtra,India,S3-589375389,balaji media private limited,h no 742 plot no  d 88   d 93  jeedimetla  hyd  hyderabad  tg,0.8579,13,same_name_different_addr
S1-128749121,emerging solutions private limited,c o mahesh chand kilanot  at 11 ganga vihar colony  mathura  uttar pradesh,India,S2-62800419,shri emerging solutions limited,4 66 c o mahesh chand kilanot  at 11 ganga vihar colony  mathura,0.7791,5,approx_name_match
S1-129101563,city business private limited,no 1 2  2nd floor  g s park  park road  tasker town  shivajinagar  bangalore  karnataka,India,S3-280453876,city business private limited,56  bangalore north  bangalore  ka,0.7988,43,same_name_different_addr
S1-129425264,hind international private limited,fno206  2ndf  srisatyatower  govtiticlgrd  prasanthinag  vijayawada  urban   krishna  andhra pradesh,India,S3-87071424,hind llp services,karimnagar  reddy street choppadandi  tg  h no    115,0.6714,13,approx_name_match
S1-129607845,universal infotech private limited,sr no 115 2 kalewadi parisar near kids paradise school charholi bk alandi devachi  pune  maharashtra,India,S2-519339816,universal infotech private limited,quattro iconic  plot no  0273  phase ii  udyog vihar  sector 20  industrial complex dundahera,0.8552,47,same_name_different_addr
S1-129960765,golden management,h 3 residency green opp cyber park building  gurgaon  haryana,India,S3-809178465,golden  management,h no  32  block d  vpo nathupur  gurgaon  gurgaon,0.8632,9,approx_name_match
S1-130842722,extrusions traders private limited,no  12  5th floor  flat 5 a nawab serajul islam lane  kolkata  kolkata  howrah  west bengal,India,S3-98647599,private extrusions traders industries  ltd,17  5th floor  flat 5 a nawab serajul islam lane  kolkata  kolkata  howrah,0.7651,44,approx_name_match
S1-131043462,tirupati care private limited,104  west block  mezzanine floor  southern side p no  273  shikha cb road  ramdaspeth  nagpur  maharashtra,India,S3-842977438,tirupati care private limited,b  304 ghanshyam chs ltd nvghar road  bhayander  opp  north canara bank  mh,0.7954,35,same_name_different_addr
S1-132431089,royal foods private limited,1 22  brundavan colony  rangareddy  hyderabad  telangana,India,S2-455701766,royal foods private limited,lvs arcade  madhapur  71 6  jubilee enclave  hitec city,0.79,14,same_name_different_addr
S1-132958199,lakshmi builders private limited,8 1 332 1  aziz bagh  road next to anand vihar  golconda  hyderabad  telangana,India,S3-841323391,lakshmi builders private limited,florida county  s no  39 keshavnagar  mundhwa  poona  keshav nagar pune,0.79,7,same_name_different_addr
S1-133361136,indian infotech private limited,c o saroj kumar subhash nagar  k hat  purnia  purnia  bihar,India,S3-886277251,indian  infotech private limited,calcutta  16a lake view road              kolkata,0.8195,8,approx_name_match
S1-13341294,global tech private limited,fl 1  fr 5  raja  ramchand  ghat road biswas bagan  north 24 paraganas  north 24 parganas  west bengal,India,S2-847183027,global tech  private limited,6a  brabourn road 8th floor  kolkata  west bengal,0.8616,14,approx_name_match
S1-133582994,nagya food private limited,a ff 11  ramrath owner s association  smita appt   toi press road  opp  hari om complex  ve  jalpur  ahmedabad  gujarat,India,S3-34774075,nagya food private  limited,mumbai  bandra  s n 341 kala nagar,0.8521,101,approx_name_match
S1-133731244,adroit laboratories private limited,plot no  c 179  phase viii b  industrial area  s a s nagar  mohali  punjab  mohali,India,S2-544776333,adroit laboratories public limited,polt no  c 181  phase viii b  industrial area  s a s nagar  mohali  punjab,0.8777,20,approx_name_match
S1-133944663,shiv hospitality pvt ltd,a 2 35  ashoka apartments paschim vihar  new delhi  delhi,India,S3-24990043,shiv hospitality pvt ltd,4735 11 pvt pot no 3  new delhi  central delhi  dl,0.8076,9,same_name_different_addr
S1-133967369,international hospitality private limited,plot no 69 ashtavinayak colony  nagpur  maharashtra,India,S2-595544907,international hospitality private ltd,,0.7695,12,approx_name_match
S1-134933296,developers ascent medical pvt  ltd,jevan deep buildingparliament street  new delhi  central delhi  delhi,India,S2-483207344,developers ascent pvt  ltd  services,26 jevan deep buildingparliament street  new delhi  delhi,0.7457,2,approx_name_match
S1-135417952,mrp  india  vanijya private limited,c o lalita devi  kh no1090  panchwati colony  ghaziabad  uttar pradesh,India,S3-536663658,mrp  india  clusters private ltd,no 66 c o lalia devi  ghaziabad  up,0.5994,23,approx_name_match
S1-135436556,bhatt welfare society co,no 7 156 172nd street  muthamizh nagar  chennai city  chennai  tamil nadu,India,S2-670730277,bhatt welfare society,plot 473 khariar  maruti nagar  orissa,0.7926,45,approx_name_match
S1-136424328,prime exports private limited,old survey no  225 54   225 55  new survey no  225 78 plot no  7  lakshmana road  p  erungudi  chennai  tamil nadu,India,S2-9273249,prime exports private limited,old no  191  new no  166  angappa naicken street  tondiarpet fort st george,0.868,73,same_name_different_addr
S1-136988751,shiv investment pvt ltd,a 42  road no 10  wagle industrial estate  midc  thane  thane  maharashtra,India,S3-394031517,shiv investment pvt limited,no c 96  3rd floor  vellala street  mogappair west  chennai,0.7648,10,approx_name_match
S1-137403692,blx estate center,115 t v industrial estates k ahire marg worli  mumbai  maharashtra,India,S3-508923201,blx estate center public limited,h no 116 t v industrial estates k ahire marg worli  mumbai region  mumbai  mh,0.7877,15,approx_name_match
S1-137444570,new delhi financial private limited,flat no 1101  11th floor  ansal tower 38  nehru place  new delhi  south delhi  delhi,India,S2-718590468,new delhi  financial private limited,a 70  b 1  mohan co operative industrial estate mathura road  new delhi  null  delhi,0.8335,3,approx_name_match
S1-138274677,international it private limited,1904   1905 cyber one  plot  4 6  sector 30a  vashi  navi mumbai  thane  maharashtra,India,S3-549566152,international it private limited,blokc f 810 unit no 101  vistas center  point  sr no 37 mohammad  pune city  null  mh,0.79,19,same_name_different_addr
S1-138601524,kesarinandan logistics private limited,sco 134 sf  d block ranjit avenue  amritsar  punjab,India,S2-612638965,private kesarinandan logistics group ltd,sco 155 sf  amritsar  punjab,0.7384,15,approx_name_match
S1-138647854,smart investment private limited,901 a  9th floor 98 hemkunt tower  nehru place  new delhi  south delhi  delhi,India,S3-836596526,smart investment private limited,,0.79,11,same_name_different_addr
S1-139071199,cochin electron pvt ltd,h no 1110 gadmudshingi kolhapur gadmudshingi  kolhapur  maharashtra,India,S3-220498491,cochin electron group pvt ltd,h no 1111 gadmudshingi kolhapur gadmudshingi  mh  kolhapur,0.837,17,approx_name_match
S1-139669511,management hap infrastructure limited,plots 123456789  chandera  chandra  lalitpur up  lalitpur  uttar pradesh,India,S2-279743476,management hap infrastructure private limited,plots 123456796  chandera  chandra  lalitpur up  lalitpur  uttar pradesh,0.9269,21,approx_name_match
S1-140539724,integra core private limited,c p 10 626  erakkodan arcade  p o pazhur  via mavoor  kozhikode  kerala,India,S3-160637507,integra core holdings pirvftae limited,c p 10 629  erakkodan arcade  p o pazhur  via mavoor  kozhikode  kl,0.8407,24,approx_name_match
S1-140822441,jai red energy private limited,no 49 177 a  second floor syama business centre  nh bypass  vyttila  kochi  ernakulam  kerala,India,S2-746654207,jai red energy agencies private limited,4 9 198 a  second floor syama business centre  nh bypass  vyttila  kochi   null,0.7939,5,approx_name_match
S1-140900440,sree infra limited,west bengal  howrah  57a  topsia road south   kolkata  md jahan gir badsha 3rd floor  kolkata,India,S3-981703204,sree infra private ltd,th floor  fl   4c 319 16  jessore road  kolkata  kolkata  howrah  wb,0.7644,49,approx_name_match
S1-141980573,great consultants pvt ltd,office no  c 28 c 29  third floor  prozone trade center  aurangabad  maharashtra,India,S2-296797290,great consultants pvt ltd,sno a 90 5   91 1  bldg g  fl 102  silver garben  ravet  pune  maharashtra,0.862,19,same_name_different_addr
S1-142196930,sky power llp,unit no 701 a  the palm spring plaza sector 54  sector  45  gurgaon  haryana,India,S3-776704467,sky power llp,11 26 164 6  vartha office lane kothawada,0.79,8,same_name_different_addr
S1-142371021,baba projects private limited,a 87a  ghaziabad  uttar pradesh  sf 1  rampuri chander nagar,India,S3-967452310,baba  projects private limited,sh 15 103 22 b 5  varanasi  shivpur  bharlai,0.8174,74,approx_name_match
S1-14284437,silver it private limited,d 703 new rajput apartment dwarka sector 12  dwarka  south west delhi  delhi,India,S2-980078684,silver it private ltd,hn 785 245  preet vihar  new delhi  delhi,0.7757,12,approx_name_match
S1-143794032,electrum clinic,ramesh nilaya  1st cross  k r extension  tumkur  karnataka,India,S3-775495838,electrumclinic com,m  no  67              pune  nande  tal  mulshi dist  pune,0.7506,25,approx_name_match
S1-145779380,boppana network private limited,no  7  6th cross maruthi nagar thigalarpalya main road peenya second st  age  bangalore  karnataka,India,S3-454096211,boppana network enterprises private private,no   18  6th cross maruthi nagar thigalarpalya main road peenya second st  age  bangalore  bengaluru  ka,0.8386,28,approx_name_match
S1-145780236,mumbai immigration ltd,unit nos 308  gemstar commercial complex  ramchandra lane extn  off malad link roa  mumbai  mumbai city  maharashtra,India,S3-659608592,mumbai immigration,h no 610 611  mumbai city  mh,0.7887,27,approx_name_match
S1-14606248,tirupati infra private limited,midc plot no d 116  bldg no 2  ground floor thane belapur roar  nerul  maharashtra,India,S3-892190542,tirupati infra private limited,shop no  18  uttang bldg vishnu nagar naupada  thane west  thane  mh,0.8705,19,same_name_different_addr
S1-146275752,om consultants,m s rac papers limited  village badnouli  modinagar road  hapur  hapur  ghaziabad  uttar pradesh,India,S2-344957181,sri om consultants l l p,no 81 m s rac papers limited  village badnouli  modinagar road  hapur  hapur  uttar pradesh,0.6422,13,approx_name_match
S1-146635900,india adams finance private limited,217  b block  avani gardens jakkur  ynk  bangalore  karnataka,India,S3-499802622,india  dams  dams finance enterprises private limited,no 238  b block  avani gardens jakkur  ynk  bangalore  ka,0.634,70,approx_name_match
S1-146744640,olympus health pvt ltd,jawala nagar  saharanpur  uttar pradesh,India,S2-260809523,shri olympus health public limited,uttar pradesh  no 77 jawala nagar  saharanpur,0.7632,30,approx_name_match
S1-147476332,modern impex private limited,63old no 7  artillery roadulsoor  bangalore ulsoor  bangalore  karnataka,India,S2-221614446,modern impex private limited,sr no 0015 23 jivhala madhuban society  lane no 02  pune city,0.8583,19,same_name_different_addr
S1-147838990,np academy private limited,house no  1827 behind alchemist hospital sector 21  panchkula  haryana,India,S2-117771802,water malkost private limited,hogse no   1827  sector 21  panchkula,0.5435,16,approx_name_match
S1-147922927,bid services pvt ltd,old no 227  3rd floor thambu chetty street   besides icici bank     parrys  chennai  tamil nadu,India,S2-834490462,public bid services limited,old no 00234  3rd floor thambu chetty street   besides icici bank     parrys  chennai  tamil nadu,0.7993,34,approx_name_match
S1-148144526,prime impex private limited,unit no 44  no 260  third floor domlur layout  2nd stage  bangalore  karnataka,India,S3-152196141,prime impex private limited,ds max sovereign a block flat 314  banglore  bangalore north  ayyapanagar kr puram  ka,0.856,8,same_name_different_addr
S1-148307734,super consulting limited,3 strand roadp o chandernagore  hooghly  west bengal,India,S3-549081362,super consulting limited,mumbai  narayan apartment  flat no  701 main avenue  santacruz  west   hn 357 mayfair boulevard,0.7971,7,same_name_different_addr
S1-148435979,ai works private limited,door no 36 1295  mari amman kovil devaswom  karthikappally  alappuzha  kerala,India,S2-683201587,ai solutions private limited,door no 36 1300  mari amman kovil devaswom  karthikappally  kerala,0.7521,39,approx_name_match
S1-148977933,exim compliance private limited,khasra no 843 gudaura near manish yadav gate  bijnor  lucknow  uttar pradesh,India,S2-795445217,lucknow medicine private limited,no 19  ground floor c o pradeep yadav new gudaura  lucknow  uttar pradesh,0.5623,3,approx_name_match
S1-149095269,tachyon  india  mala private limited,house in saini mohalla near indian oil depot village  bijwasan  delhi  south west delhi  delhi,India,S2-144854579,tachyon  india  mala public limited,d 6 house in saini mohalla near indian oil depot village  bijwasan  delhi  delhi,0.8725,89,approx_name_match
S1-14981577,rv brothers private limited,new delhi  a 6 16  delhi  basement vasant vihar,India,S3-969177662,rv brothers exports,new delhi  basement vasant vihar  new delhi  a 6 27,0.8322,25,approx_name_match
S1-149986685,aditi polytechnic,3 433  mariamman kovil street kelvelur tk  vizhunthamavadi  nagapattinam  tamil nadu,India,S2-844124043,aditi pglytcehnic group,3 454  mariamman kovil street kelvleur tk  vizhunthamavadi  tamil nadu,0.6138,1,approx_name_match
S1-15016759,perfect impex private limited,nai zameen  etawah road  bhind  madhya pradesh,India,S2-166878116,perfect impex private limited,c o shri raosaheb dada wadkar  342 3a   at post ashta  taluka walwa  sangli,0.85,8,same_name_different_addr
S1-150254942,sya morning private limited,65 4 debinibas roadmoon moon apertment ground floor  kolkata  calcutta  west bengal,India,S2-264360171,ya morning private ltd,65 15 debinibas roadmoon moon apertment ground floor  kolkata,0.8223,39,approx_name_match
S1-150334701,unified woods pvt ltd,delhi  212 mandakani alaknanda  south delhi  new delhi,India,S2-986969484,unified w ods overseas pvt ltd,219 mandakani alaknanda  new delhi,0.6505,76,approx_name_match
S1-150338593,shiv consultants private limited,villa no 54  renaissance nature walk basav opp  diya academ hoodi junction  kr pura  m  bengaluru  bangalore  karnataka,India,S3-612367975,shiv consultants infratech infratech private limited,villa no 58  renaissance nature walk basav opp  diya academ hoodi junction  kr pura  m  bangalore  ka,0.7968,38,approx_name_match
S1-152055233,hitech foods private limited,flat no 73 b plot no 73  nagpur  samarth villa  besa  maharashtra  nagpur,India,S3-454242128,hitech foods private limited,h no 45 10 2 167  hyderabad  tg,0.8588,11,same_name_different_addr
S1-15213345,doyens township serilingampalli tours limited,14 263 b  doyens township serilingampalli  hyderabad  telangana,India,S3-994944820,doyens township serilingampalli tours pvt ltd,14 266 b  doyens township serilingampalli  hyderabad  tg,0.853,27,approx_name_match
S1-152412584,dios traders pvt  ltd,r n  135 tera hotel building kashmere gate  new delhi  central delhi  delhi,India,S3-230673117,dios traders ventures  pvt  ltd,r n  137  tera hotel building kashmere gate  new delhi  central delhi  dl,0.8458,69,approx_name_match
S1-15252426,sh   brothers private limited,flat no 603  6th floor  tower k  arihant arden  gh07  sector 1  greater noida west  bishrakh  gautam buddha nagar  uttar pradesh,India,S3-761249963,sh   brothers private limited,,0.85,34,same_name_different_addr
S1-152733846,das services of patancheru,h no 10 98 plot no 2 and 3  ground and 1st floor  ramaraju nagar  sangareddy  patancheru  medak  telangana,India,S3-464398253,das service of patancheru exports,medak  patancheru  tg  h no 0 105 plot no 2 and 3  ground and 1st floor,0.7361,55,approx_name_match
S1-152799998,space academy,flat no 416  2nd block  4th floor shree tower  near khallikote college  berhampur  ganjam  orissa,India,S2-901279804,space academy ventures,h no 420   2nd block  4th floor shree tower  near khallikote college  berhampur  odisha,0.8465,8,approx_name_match
S1-152884887,guru products pvt ltd,gurgaon  h no 5142 2nd floor prem nagar part 2  shri ram colony  c o waquar azam  haryana,India,S2-681086229,guru products limited,h no 67 c o mohammad kasim baheri  brahmnan moradabad  moradabad,0.7609,10,approx_name_match
S1-153187342,urban foods private limited,447 20 north nilachal friends park  birati  kolkata  parganas north  west bengal,India,S3-528584663,urban foods private limited,c o mohd basir mbhola miya 1344 azad bunkar colony  nagpur,0.79,75,same_name_different_addr
S1-15325433,jayantilal   co,4 201 1 bharathi residency patamata bazar  gollapudi  vijayawada  krishna  andhra pradesh,India,S3-12223640,mr jayantilal   co public limited,krishna  vijayawada  no 4 201 14 bharathi residency patamata bazar  gollapudi,0.7197,27,approx_name_match
S1-153406212,avicala rewards pvt  ltd,c o b  nandan prasad  103  sachi palace  s  k  puri  phulwari  patna  bihar,India,S3-95037975,avicala rewards pvt   ltd,30  ahmedabad,0.786,29,approx_name_match
S1-155542136,ajna trading ltd,equity towers plot no 5  haveli  maharashtra  pune  s no 187  cts 1099 16  4th floor  aundh sanghvi nagar,India,S3-184248739,pvt ajna trading ltd,equity towers plot no 10  s no 187  cts 1099 16  4th floor  aundh sanghvi nagar  pune  haveli,0.869,50,approx_name_match
S1-155986582,mumbai marketing corporation,mumbai  mumbai city  maharashtra  c 2 floor grd plot no 370 c wing new mazagaon chs ltd sardar balwantsingh rd,India,S2-35249633,mumbai marketing  corporation,plot 544 403  4th floor  morya classic  landmark iii  off link road  andheri west  mumbai,0.8672,47,approx_name_match
S1-156089810,caravan college,plot no 18to21  shiv industrial estate  shed no 3 vavdi industrial area  near falcon pump  gondal rd  rajkot  gujarat,India,S3-621593376,caravan college holdings,rajkot  plot no 018to42  gj  null,0.7616,21,approx_name_match
S1-156310861,shree traders private limited,central delhi  delhi  1856 57 khari baoli  delhi,India,S3-333654111,shree  traders private limited,door no 283  alwarpet  chennai,0.8191,36,approx_name_match
S1-157268011,new delhi producer private limited,a 21  lgf  lajpat nagar iii  new delhi  south delhi  delhi,India,S3-892022178,new delhi producer private limited,c 65  south delhi  south east delhi  dl,0.8731,16,same_name_different_addr
S1-157367827,elite mass private limited,c o balavant singh  danupur christ nagar vns  varanasi  uttar pradesh,India,S2-70060992,star limited private investments,uttar pradesh  c o panna lal  basani vns  bachai  chanauli  baragaon  varanasi,0.5372,44,approx_name_match
S1-157540178,astbhuja  india  technology private limited,iscon house  b h rembrandt building  nr  k  p  hostel  opp  associated petrol pump  off c  g  road  ahmadabad city  ahmedabad  gujarat,India,S3-647739207,vd technology private ltd,iscon house  opp associated petrol pump near rembrandt building  off c g  road  ahmedabad  gj,0.5597,54,approx_name_match
S1-157576137,seven producer private limited,f 1  201 barra  8  kanpur nagar  barra  kanpur nagar  uttar pradesh,India,S2-778786783,seven producer private limited,block a 540 kh  no 254 opposite surya  bar  petesur pithesur  nagpur rural,0.85,8,same_name_different_addr
S1-158506336,jay products private limited,siddhivinayak developers 503 shivshakti sra co ophsg society cts 55 57 carter road no 7borivali east  opposite a  mumbai  mumbai city  maharashtra,India,S3-121477846,jay products private ltd,hno 127 block a ist floor  sec  5 rajender nagar  ghaziabad,0.7631,10,approx_name_match
S1-158964312,bengaluru it private limited,no m19 2th main 5th cross jp nagar 1st phase  bengaluru  bangalore  karnataka,India,S3-931050958,bengaluru it  limited,first floor  bangalore  bengaluru  ka,0.7521,29,approx_name_match
S1-159459305,rdv association private limited,4th floor  ten square  lullanagar  pune city  pune  maharashtra  office no 401,India,S3-987905996,shaili stl private limited,office no  504  5th floor  ten square  lullanagar  pune city  pune  mh,0.6205,71,approx_name_match
S1-159465892,innovative impex,11  industrial estate  ratlam  madhya pradesh,India,S2-73148308,innovative  impex,plot no  a 43 1  site no 4  industrial area  sahibabad,0.7941,12,approx_name_match
S1-160097780,silver care,seethammal road  alwarpet  madras 10   alwarpet  tamil nadu  chennai  no  10  madras 10,India,S2-882234977,silver care ltd,,0.7513,43,approx_name_match
S1-160283460,dear traders private limited,54 15 1 27  gf  j r enclave near balaeasu chruch  seethammadhara  visakhapatnam  vishakhapatnam  andhra pradesh,India,S3-736406335,dear infratech private limited services,54 15 1 34  gf  j r enclave near balaeasu chruch  seethammadhara  vizag  vishakhapatnam,0.6591,66,approx_name_match
S1-160705241,tirupati properties private limited,mahipalpur  delhi  flat no 102 g f  plot no 445 b  block k kh no 765  gali no 12  viswa appt  south west delhi,India,S2-203309570,tirupati  properties private limited,delhi  414 89  hemkunt chambers nehru place  delhi,0.8258,31,approx_name_match
S1-1619778,lakshmi builders limited,flat c 312 3rd floor  plot no gh 01  sector 1  noida  gautam buddha nagar  uttar pradesh,India,S2-191039347,lakshmi builders private limited,plot  71 c 310  sector 10  noida  uttar pradesh,0.7987,7,approx_name_match
S1-162043765,palm marketing private limited,no 13 4 5  bharathi nagar first floor  police quarters road  ganapathy  coimbatore  tamil nadu,India,S2-320771264,palm marketing  private limited,allawalpur  post khimsepur mohhamdabad,0.8334,22,approx_name_match
S1-163073580,shyam international school pvt ltd,indore  124 kanchan bagh  madhya pradesh,India,S2-780368757,shyam international  school,,0.7556,2,approx_name_match
S1-163932311,apex systems private limited,shop no  4  vashveen apartment  a wing  seven bunglows  j p road  versova  andhe  ri west  mumbai  mumbai city  maharashtra,India,S3-432019978,apex systems private limited,flt no 402 plt no 31  akola  mh,0.856,11,same_name_different_addr
S1-164015083,laxmi constructions private limited,501 3b  flat no b 906  the turf bt kawade road  nehaveli  pune city  pune  maharashtra,India,S3-655962795,laxmi constructions sweets private limited,501 5b  flat no b 906  the turf bt kawade road  nehaveli  pune city  pune,0.8696,11,approx_name_match
S1-164027437,sai ventures private limited,no 6  seethamma road alwarpet  chennai  tamil nadu,India,S2-100887868,sai ventures private limited,c o vasant baburao chavan at post babulgaon tal pandharpur dt solapur  pandharpur,0.85,29,same_name_different_addr
S1-164774483,new delhi health,shop no 115  1st floor  harsha comp lsc gazipur  new delhi  delhi,India,S2-27783831,new delhi health llp,shop no 12  1st floor  harsha comp lsc gazipur  new delhi  delhi,0.9443,5,approx_name_match
S1-164968332,ssp marketing pvt  ltd,41 495 1 dg villa valiyavila elipode road  elipode thirumala p o thiruvananthapuram  thiruvananthapuram  thiruvananthapuram  trivandrum  kerala,India,S2-798930178,ssp marketing pvt ltd,office no  1402  14th floor  mayuresh chamber  plot number 60  sector number 11  cbd belapur navi mumbai  thane,0.7855,56,approx_name_match
S1-165502168,sky properties private limited,620  shyamal iconic  shyamal cross road  132 ring road  ahmadabad city  ahmedabad  gujarat,India,S3-608990555,sky properties private limited,plot 215 5  manu panchal industrial estate  nr indiranagar opp amaraiwadi torrent power  amaraiwadi  ahmedbad  ahmedabad,0.796,8,same_name_different_addr
S1-166075393,classic hospitality private limited,bangalore  ground floor  dr narassimhaiah road bhel layout  pattanagere rajarajeshwari  nagar  no 418  bangalore  karnataka,India,S2-770952781,classic hospitality private limited,580 1  katha no  2923 2580 1  e block  sahakaranaga  bangalore north  karnataka,0.8096,47,same_name_different_addr
S1-166328677,adharshila shelters private limited,h no m70a g f  malviya nagar near by apj school  new delhi   delhi  south delhi  delhi,India,S3-823011052,adharshila shelters exports private,h no m81a g f  malviya nagar near by apj school  new delhi   delhi  south delhi  dl,0.8858,20,approx_name_match
S1-168361556,east infrastructure,kuriackal house  ward 24  door no 730 a  sra 100a  chevarambalam po  kozhikode  kozhikode  kerala,India,S2-755727073,east ifastrcunfe limited,b3 30 kuriackal house  ward 24  door no 730 a  sra 100a  chevarambalam po  kozhikode  kozhikode  kerala,0.704,19,approx_name_match
S1-169301799,galaxy food,darjeeling  c o jamil aktar  mallabari  naxalbari  west bengal,India,S2-191441929,galaxy food private limited,94 c o jamil aktar  mallabari  naxalbari  darjeeling  west bengal,0.8935,52,approx_name_match
S1-170049248,kochi industries,door no 126  3rd floor  dd milestone  s a road  kadavanthra jn   kochi  ernakulam  kerala,India,S2-698459621,kochi,door no 494 door no 39  2475 b1  lr towers sjrra 104  s janatha rd  palarivattom  kochi  keralam,0.75,7,approx_name_match
S1-170920150,chennai developers private limited,2a 2nd the varisite vist  16 17 vasu street  kilpauk  chennai  tamil nadu,India,S3-181816675,chennai developers private limited,no 80  1st floor  muthu nagar plaza  l b road  adyar  chennai  tn,0.856,7,same_name_different_addr
S1-171370049,amritvani solutions limited,office no 1  gr  floor 5 212  la laxmi nagar  new delhi  east delhi  delhi,India,S3-267672269,amritvani solutions overseas limited,offiec no   2  null  east delhi,0.7747,8,approx_name_match
S1-171711165,east impex private limited,salarganj  near pani tanki  bahraich  uttar pradesh,India,S2-832686214,east impex private limited,3 6 20  rajagopalapuram  vinnamala naidupeta  naidupeta,0.79,9,same_name_different_addr
S1-17257821,anilesh enterprises private limited,indiranagar  karnataka  bangalore  h no 79 1 domalur village,India,S2-591581438,anilesh developers private limited,h no 79 10 domalur village  indiranagar  bangalore,0.7756,37,approx_name_match
S1-172833277,sai group,b 3 3232 vasant kunj  new delhi  north delhi  delhi,India,S2-107426901,sai group,c o chetna devi  vip colony  near maya hospital  loharu road  jawahar nagar  satnali,0.85,21,same_name_different_addr
S1-173485676,dhenkanal chemicals private limited,plot no  5051 muktadeipur sasan  dhenkanal  orissa,India,S2-865112312,dhenkanal wine private l mited,plot no  5054 muktadeipur sasan  dhenkanal  odisha,0.6534,63,approx_name_match
S1-173630103,shree foundation,no 26  kns college  thirumenhalli village  bangalore  karnataka,India,S3-659946919,shree foundation,door no g 983 raghu kunj old arvind mahila college road kadamkuan  patna,0.8658,49,same_name_different_addr
S1-174038869,premier construction private limited,flat no 901  lotus  boulevard tower10 sec 100  noida  gautam buddha nagar  uttar pradesh,India,S3-231578888,public premier construction limited,912  lotus  boulevard tower10 sec 100  noida  gautam buddha nagar  up,0.7515,9,approx_name_match
S1-175698628,my investments private limited,delhi  s f prop no 665 6 kh  no  439 shahbad mohd pur  south delhi  flat no b 3  delhi,India,S3-491016912,my investments private limited,s 422 9 gk ii  delhi  south delhi,0.8725,13,same_name_different_addr
S1-175759225,hotel consultants private limited,pushpavilas arcade cmc 11 1011a  11 1011b  11 1011c  cherthala north part  cherathala p o  alapuzha  cherthala  alappuzha  kerala,India,S2-993437616,hotel consultants hardware private limited,pushpavilas arcade cmc 11 1013a  11 1011b  11 1011c  cherthala north part  cherathala p o  alapuzha  cherthala  kerala,0.8687,4,approx_name_match
S1-176491429,sanya trading private limited,s 10  janta store  bapu nagar  jaipur  rajasthan,India,S3-890153686,sanya trading private ltd,,0.7583,24,approx_name_match
S1-177349354,hitech constructions,1 palibharman  aring  goverdhan  mathura  uttar pradesh,India,S2-431925718,hitech  constructions,no 32 c o m s hiracharamalu bas  the pavillion  commercial  bangalore north,0.7852,5,approx_name_match
S1-17772869,bhanu   brothers pvt ltd,old no 10  seethammal colony 2nd cross street  alwarpet  chennai  no 2  tamil nadu  chennai,India,S2-736908982,bhanu   brothers exports pvt,no 13  old no 10  seethammal colony 2nd cross street  alwarpet  chennai  tamil nadu,0.8898,77,approx_name_match
S1-177789737,dernier ventures  india  private limited,sco   134  sector   46  gurgaon  haryana,India,S2-318875853,private dernier constructions  india  limited,07 sco   145  sector   46  gurgaon  haryana,0.6339,25,approx_name_match
S1-178378599,fortune investments private limited,c 84 sector b basant vihar  aliganj lucknow  lucknow  uttar pradesh,India,S3-283046833,fortune investments private limited,no 1 137  surya nagar extension  madurai,0.85,8,same_name_different_addr
S1-179116972,bright tech private limited,annapurna apartments  flat   2c  2nd floor 5h cornfield road  ballygunj  kolkata  kolkata  howrah  west bengal,India,S3-971766512,bright tech private ltd,malapuram  keralam  door no 13 161,0.7548,43,approx_name_match
S1-179648366,creative construction private limited,kolkata  4 fairlie place suite no 6066th floor  calcutta  west bengal,India,S2-86525930,creative construction private limited,h no 236 102  sidarth tower  opp  manohar mahal,0.8579,7,same_name_different_addr
S1-181681302,icc techno private limited,mumbai  maharashtra  mumbai  saki vihar road  plot 7 maruah estate,India,S3-889154474,icc techno group private ltd,plot 8  maruah estate  mumbai  mh,0.7709,38,approx_name_match
S1-181831672,revolve public school care,sf no  257 11g  site no 9  shri mahaganapathi avenue  coimbatore north  coimbatore  tamil nadu,India,S2-829684568,revolve public school care overseas llp,sf no  57 15g  site no 9  shri mahaganapathi avenue  coimbatore north  tamil nadu,0.8878,43,approx_name_match
S1-181865092,rim arcade llp,a 59  sri ganashakthi  kachohalli  magadi main road  bangalore north  bangalore  karnataka,India,S2-605636327,rim arcade limited,a 72  sri ganashakthi  kachohalli  magadi main road  bangalore north,0.9042,31,approx_name_match
S1-182927088,new ventures private limited,66  5  rangwala flats  opp ganeshgali nr mahade  ahmadabad city  ahmedabad  gujarat,India,S2-103471588,new ventures private limited,,0.79,37,same_name_different_addr
S1-183036941,shin brothers private limited,today homes ridge residency  tower   d flat   1003  sector   135  noida  gautam buddha nagar  uttar pradesh,India,S3-844545740,green private limited center,door no 356 o 508  today homes ridge residency  sector 135  gautam buddha nagar  noida  up,0.5377,24,approx_name_match
S1-183041879,consulting hassan services corporation,c o ramesh prasad  gp13419 gandhi nagar  gopalganj  bihar,India,S3-669637031,consulting hassan farmer corporation,h no 8 c o ramesh prasad  gp13419 gandhi nagar  gopalganj  br,0.8445,17,approx_name_match
S1-183275997,msr bus private limited,parganas north  kolkata  bengal eco intelligent park  techna  block em  plot no 3  sector v  salt lake  tower 1  west bengal,India,S2-453668493,msr  bioplantech private limited,no   59 dr  abani dutta road  p s  golabari  howrah  west bengal,0.5947,95,approx_name_match
S1-183959144,sun tech private limited,29 17  kendua main road  kolkata  kolkata  howrah  west bengal,India,S3-711691911,sun  tech private limited,s m complex no 8a  vellore,0.7589,26,approx_name_match
S1-183994158,perfect impex private limited,pune  hill view residency  s 112 nr sai sayaji nagar warje  fl no d 4  pune  maharashtra,India,S3-857859119,perfect impex private limited,c 1   13  tapdiya park  n   4  cidco  aurangabad  mh,0.856,8,same_name_different_addr
S1-184943226,unicorn   sons private limited,f 50  venus appt   13th floor r g thadani marg  worli sea face  mumbai  maharashtra,India,S2-556846583,mumbai information pvt limited,f 50 venus apartments 13th flr g thadani marg worli sea face  mumbai  maharashtra,0.578,21,approx_name_match
S1-184964985,ace marketing llp,a 35  bajaj nagar  jaipur  rajasthan,India,S2-817751785,ace marketing  ltd,,0.7515,13,approx_name_match
S1-185066940,white investment private limited,no  2924  third floor  14th cross  k r  road  banashankari ii stage  bengaluru  bangalore  karnataka,India,S3-343829968,white  investment private limited,door no 201 b wing geetanjali chs buenavista khernagar bldg no29b bandra  east   mumbai city  bombay,0.8223,21,approx_name_match
S1-185251088,apex technology private limited,403  monterossa premises  chs 90ft road ghatkopar e  mumbai  maharashtra,India,S3-510547574,apex technology private limited,anaisha elegance  fl 1  s no  17 pl 21  kondhwa kd  pune  mh,0.79,31,same_name_different_addr
S1-185801893,bright tech private limited,c o d no 3 150  muniappa layout  kurungai nagar  pollachi tamilnadu  coimbatore  tamil nadu,India,S3-637202954,bright tech trading private ltd,c o d no 3 159  muniappa layout  kurungai nagar  pollachi tamilnadu  coimbatore  tn,0.8379,18,approx_name_match
S1-189113505,kodoli satara build private limited,plot no   w 36  suvarna laghu udyog slu  behind shubhyan motors  post   kodoli  sat  ara  kodoli satara  satara  maharashtra,India,S2-325098868,kodoli  build group private limited center,plot no   w 45 6  suvarna laghu udyog slu  behind shubhyan motors  post   kodoli  sat  ara  kodoli satara  maharashtra,0.7856,84,approx_name_match
S1-19005796,pune services pvt ltd,pl 7 sn 39 1  michel so  bh  petrol pump dhanori  pune  maharashtra,India,S3-570284509,pune services  pvt ltd,pune  502  mh,0.8459,14,approx_name_match
S1-190201379,hotel builders private limited,house no 12  daswel  satana  nampur  nashik  maharashtra,India,S2-748749584,hotel builders private ltd,,0.7599,28,approx_name_match
S1-190324958,premier hospitality llp,b 531  f f kh no 222 gali no 6  pusta 2  sonia vihar  north east  delhi,India,S2-680799075,premier hospitality llp,b t vi 407 b ettivilayilkallumkadavu pathanapuram p o  kollam,0.8565,13,same_name_different_addr
S1-19091134,international energy private limited,b1 tower  3rd floor  golden enclave old airport road  bangalore  karnataka,India,S2-433423865,international energy private limited,karnataka  office no  201 1st floor  radiant karel building  bangalore south,0.8737,8,same_name_different_addr
S1-191122329,amplus brothers pvt  ltd,west bengal  north 24 parganas  bl b fl 5 h 1056  dakshindari road lp 28 22  24 pgs north,India,S2-191685107,amplus brothers ventures pvt,bl b fl d 5 h 1077  dakshindari road lp 28 22  24 pgs north  west bengal,0.8003,38,approx_name_match
S1-19131506,trippy   brothers corporation,apeejay house  130  apollo street  mumbai  maharashtra,India,S3-690488264,trippy   brothers enterprises  corporation,72 apeejay hose  130  mumbai  apollo street  mh,0.8016,53,approx_name_match
S1-191703612,expressions traders private limited,plot no n2 3  irc village  bhubaneswar  khordha  orissa,India,S3-541471354,expressions traders enterprises private ltd,plct no n2 10  irc village  bhubaneswar  khordha  orissa,0.8729,10,approx_name_match
S1-192304702,unique marketing private limited,brigade road  no 133  karnataka  bangalore,India,S3-423442122,unique marketing private limited,b3 1041  huda 2  panipat,0.85,5,same_name_different_addr
S1-192803180,aa telecommunicationsprivate ltd,bright towersiind floor college road  trichur  thrissur  kerala,India,S2-984893504,aa energies ltd,97 bright towersiind floor college road  trichur  kerala,0.5995,1,approx_name_match
S1-193053851,one power private limited,no 4 sarvanand sadan1st floor 5th road khar  west   mumbai  maharashtra,India,S3-614681244,one power private limited,8 68 jangalapeta kalva orvakal mandal  kurnool,0.79,18,same_name_different_addr
S1-193348808,lincoln educational society,door no 31 19a5  flat 106 fern icon  ambelipadam road  vyttila  ernakulam  kerala,India,S3-383396225,mr lincoln educational society ventures,vyttila  keralam  ernakulam  no 31 19a9,0.743,35,approx_name_match
S1-193477835,services inter fund pvt ltd,309  howrah  kolkata  west bengal  p  k  guha road  ground floor  kolkata,India,S2-456515081,services inter fund pvt ltd,keralam   19 200 b d  pandikkad road manjeri p o  malappuram  malappuram,0.805,1,same_name_different_addr
S1-193615519,pioneer energy pvt ltd,flat no 106 tower 4 rps savana sector 88  faridabad  haryana,India,S2-471851841,pioneer energy private ltd,door no 64 2 5 np  ambattur industrial estate sidco  ambattur,0.7517,23,approx_name_match
S1-193782784,koramangala bangalore technologies private limited,11  ist block  koramangala bangalore  bangalore  karnataka,India,S3-781948963,koramangala 7th block infratech private limited,no 80  koramangala 7th block  bangalore  ka,0.5347,15,approx_name_match
S1-194371016,jay logistics private limited,house no  1226 kamatghar  bhiwandi  thane  maharashtra,India,S3-367855606,jay logistics private limited,thane  mh  402  thane,0.8667,23,same_name_different_addr
S1-194724210,delhi laboratory private limited,16a  block ug  usha kiran building  naniwala bagh  commercial complex  near akash cinema  a  zadpur  delhi  north delhi  delhi,India,S2-426103676,delhi ventures private limited,block a 524 17a  block ug  usha kiran building  naniwala bagh  commercial complex  near akash cinema  a  zadpur  delhi  delhi,0.7711,62,approx_name_match
S1-194814795,hari investment private limited,mercantile building4th flr e block 9 12 lal bazar street  kolkata  howrah  west bengal,India,S2-168180893,hari investment,d 229  acharyya jagadish bose road  5th floor  room no  5a  crescent tower  kolkata  kolkata  west bengal,0.7523,17,approx_name_match
S1-194978566,jay producer private limited,kolhapur  1st floor kolhapur eng  association building  shivaji udyamnagar  maharashtra,India,S3-18321989,jay producer private limited,no   72 mudhagere village maddur taluk  mandya,0.85,21,same_name_different_addr
S1-195066638,niji learning pvt ltd,plot no  217  pimpalgaon mahadeo  ardhapur  nanded  maharashtra,India,S3-583495423,niji  learning industries pvt,no 222  ardhapur  nanded  mh,0.7426,35,approx_name_match
S1-195126603,ghaziabad media private limited,khasra no  1098  c block  gali no 2 vikas nagar  siddique nagar  ghaziabad  uttar pradesh,India,S2-330677267,ghaziabad media limited,h  no  158  ii a  ground floor panchkula chhapraula  g  b nagar  ghaziabad  uttar pradesh,0.7772,23,approx_name_match
S1-195131805,vellore solutions private limited,vellore  no 1 infantry road corporation main building cantonment opposite to bsnl office  tamil nadu  vellore,India,S3-393663198,vellore solutions  private limited,vellore  tn  no 28 61  vellore  ground floor  east main road  gandhi nagar,0.861,39,approx_name_match
S1-195218425,aditendra silk private limited,no 18 10  big street  bhuvanagiri  chidambaram  cuddalore  tamil nadu,India,S3-953701690,aditendra silk  limited,door no 18 21  chidambaram  cuddalore  tn,0.7999,44,approx_name_match
S1-195278794,indian foundation pvt ltd,office no  5  883  budhwar peth  pune  maharashtra,India,S2-65506261,indian foundation private limited,no  829 19  shrikrishna heights  gajaann co  op society  ganeshkhind  road  pune city  maharashtra,0.7725,15,approx_name_match
S1-195631100,mumbai housing private limited,34 b f block sitram bldg2nd floor palton road  mumbai  maharashtra,India,S3-477029117,mumbai housing private ltd,5a 57  mumbai  mh,0.7342,45,approx_name_match
S1-195661383,nagreeka consulting  india  llp,227 9 athghara rajarhat  purbasha appartment  kolkata  kolkata  howrah  west bengal,India,S2-615490440,nagreeka consulting group llp services,227 20 athghara rajarhat  purbasha appartment  kolkata  kolkata  west bengal,0.6895,21,approx_name_match
S1-196086237,ss products private limited,upadhyaypur  post suraimanpur tahsil bairia district ballia  uttar pradesh i  n  ballia  uttar pradesh,India,S3-441292967,ss products limited services,c o kamal kumar village sundiyava  bareilly  up,0.7162,14,approx_name_match
S1-196257812,east finance pvt ltd,block g  flat 103  jal vayu towers  new town  north 24 parganas  west bengal,India,S3-661598683,east finance ltd,atithi abasan g 2 c block 43 g t road post konnagar  hooghly  wb,0.7516,15,approx_name_match
S1-196406689,sainik farms milk public limited,84e  c 6 lane  sainik farms  new delhi  delhi,India,S3-72223699,sainik farms milk enterprises public limited,89e  c 6 lane  south delhi  sainik farms  dl,0.8013,75,approx_name_match
S1-197362248,hotel producer private limited,shyam viharrff 2 raghunathpur  kolkata  calcutta  west bengal,India,S3-5831441,hotel producer private limited,block e 172 c 27  elbee apartment salabatpura  surat,0.85,21,same_name_different_addr
S1-198194817,sigma  india  media limited,maharashtra  satara  preet pratik ayodhya nagari colony agashivnagar malakapur karad dist satara tal  karad,India,S2-247591818,sigma  india   media limited,h no 5th floor  paville house  off veer savarkar marg  mumbai  maharashtra,0.8418,15,approx_name_match
S1-198692352,alg college private limited,359  sector 28  g21 dlf  gurugram  gurgaon  haryana,India,S3-277197458,alg college industries private ltd,h no 32 361  sector 28  g21 dlf  gurgaon  gurugram,0.7998,32,approx_name_match
S1-19873540,kalla welfare society,kh no  75 237  ground floor nehru enclave  village alipur  delhi  north west  delhi,India,S2-617336339,kalla welfare society llp,d 99  nr estate  bicholi  hapsi by pass road  indore,0.773,16,approx_name_match
S1-198893552,piyush educational society,house no  1447 sector 11  panchkula  haryana,India,S3-460407525,piyush educational,house no 73  alwar,0.7896,68,approx_name_match
S1-198912411,new law chambers private limited,khurd auto nagar  p no  42 saheb nagar  hyderabad  telangana,India,S2-850106861,m s new law chambers ventures private limited,p no  d 55 saheb nagar  khurd auto nagar  hyderabad  telangana,0.8311,25,approx_name_match
S1-199291999,harur mansions private limited,dharmapuri  tamil nadu  harur  raslmptti villge  no 1 1027 1028 1029 old,India,S2-49026108,yash sales private  limited,d no 5 2  kombur village harur main road  harur tk   dharmapuri dt  tamil nadu,0.5376,72,approx_name_match
S1-19957498,heavy investments ltd,2 102 4  2nd floor  es complexnear sobhana theatre mejestic garden  balanagar  hyderabad  telangana,India,S2-868707972,heavy investments ltd,n a  c o ramesh kumar bangdel  pokhai jote  siliguri  darjiling,0.79,57,same_name_different_addr
S1-199752196,kohinoor square private limited,1 laxmi vihar  ranade rod shivaji park  dadar  mumbai  maharashtra,India,S2-101869486,kohinoor square public limited,h no 14 laxmi vihar  ranade rod shivaji park  dadar,0.7861,1,approx_name_match
S1-20012236,sai  india  services private limited,kolkata  4th floor  2a sarat bose road  kolkata  flat no 4c  howrah  west bengal,India,S3-152082925,sai  india  services industries private limited,flat no 6c  4th floor  2a sarat bose road  kolkata  kolkata  howrah  wb,0.8899,20,approx_name_match
S1-200414072,engineering traders limited,plot no  73  second floor  bhawani dham  phase  2  narela shankari  bhopal  madhya pradesh,India,S3-642742981,engineering traders private limited,no 82  second floor  bhawani dham  phase  2  narela shankari  bhopal  mp,0.8825,32,approx_name_match
S1-200640606,gardenia   brothers limited,gomtinagar lucknow  lucknow  uttar pradesh  d 1 122 vipul khand,India,S3-311804384,gardenia   brothers infratech limited,d 1 143 vipul khand  gomtinagar lucknow  lucknow,0.8464,11,approx_name_match
S1-200929202,raj developers pvt ltd,office no  41  v mall  ground floor  thakur complex  borivali east  kandivali east  mumbai  maharashtra,India,S2-846099710,raj developers limited,gala no  l 72  targalli  jarimari  kurla west  mumbai  maharashtra,0.7564,13,approx_name_match
S1-201666871,pune organisors private limited,eeshan  g 48 5  sector no 1 pcndta indrayani nagar  bhosari  pune  maharashtra,India,S2-775678418,pune organisors  private limited,no 105   a wing  alliance nisarg  s no  127 1 32  choudhari park  wakad  p  une  pune  maharashtra,0.857,22,approx_name_match
S1-202167277,rf nidhi llp,8 44 k  kerala  naos ark  1st floor  angamaly south po  angamaly  ernakulam,India,S2-981827642,rf impex llp,8 48 k  naos ark  1st floor  angamaly south po  angamaly  kerala,0.6795,69,approx_name_match
S1-205483106,ss constructions private limited,no  304  9th cross  kashi nagar  yelachenahalli  kanakapura road  bangalore  karnataka,India,S3-492893391,ss constructions private ltd,patna  p c  colony kankarbagh patna  phulwari sharif         f 104,0.7627,7,approx_name_match
S1-205731992,imagine vidyalaya,2  bangalore  1st floor  5th main  rms layout  p o road   sanjay nagar  bangalore  karnataka,India,S2-61921870,imagine manufacturing,no  118 7  1st floor  5th main  rms layout  p o road   sanjay nagar  bangalore,0.6078,24,approx_name_match
S1-20604279,sky engineering private limited,rajkot  anand nagar colony blockno 3 flat no h 129 anand nagar  gujarat  rajkot,India,S2-809888109,sky  engineering limited private garments,anand nagar colony blockno 3 flat no h 130 anand nagar  rajkot  gujarat,0.8737,39,approx_name_match
S1-206074433,universal food private limited,flat no 1102  11th floor  tower sun 6 migsun roof  ghaziabad  uttar pradesh,India,S3-285591287,universal food private limited,door no 96 c o radhika k  14 191  valayamparambu  edathara  po parli  palakkad,0.8558,66,same_name_different_addr
S1-206451447,chandranth gift private limited,e 46  kalachand para  garia  south 24 parganas  west bengal,India,S2-830641937,khandranth gift private,no 3 46 e 46  kalachand para  gfria  south 24 parganas  west bengal,0.7557,116,approx_name_match
S1-206623484,arham solutions llp,block5  harivillu apartments puppalaguda  manikonda  rajendranagar  hyderabad  flat   401  telangana  rangareddy,India,S3-277283486,arham pharmaceuticals llp,flat   408  block5  harivillu apartments puppalaguda  manikonda  rajendranagar  rangareddy  hyderabad  tg,0.7237,14,approx_name_match
S1-20672236,sai seva samiti,139  3rd floor  seksaria  chambers  nm road  fort  mumbai  maharashtra,India,S3-247816923,sai seva  samiti,door no 352  tc 14 750  observatory lane  vikas bhavan  thiruvananthapuram  trivandrum,0.7837,13,approx_name_match
S1-206978186,lakshmi foundation private limited,h no 850 65  vighnahar lambo  junnar  pune  maharashtra,India,S3-189737750,lakshmi foundation private limited,building no xxi  159  ernakulam  keralam  corrazone panadas  kalamassery,0.8588,32,same_name_different_addr
S1-207326169,prime impex private limited,kottayam  kerala  shree bhawan  elloothara  sh mount  p o nagampadam,India,S3-981787548,prime impex private limited,1 10 72 14 flat no 502  arnolds residency road no 2 chikoti gardens  secunderabad  hyderabad  tg,0.79,17,same_name_different_addr
S1-207538213,bangalore comtrade private limited,c 507  salarpuria sattva aspire chikkagubbi village  kannur  bangalore  karnataka,India,S3-122589028,bangalore comtrade  private limited,no c 18  4th  n  block dr  rajkumar road  rajajinagar  bangalore  bengaluru  ka,0.8497,67,approx_name_match
S1-207640804,raghavendra nursing home,mh 318  rao harnath marg kapashera  new delhi  south west delhi  delhi,India,S3-426646008,raghavendra nursing home private limited,mh 319  rao harnath marg kapashera  new delhi  south west delhi,0.9265,59,approx_name_match
S1-20875410,fortune surya agro,9th floor  c 904  s no  133 4a  casa feliz  wing c kadwasti  magarpatta  hadapsar  pune  maharashtra,India,S2-556500782,fortune surya agro enterprises corp,30th floor  c 904  s no  133 4a  casa feliz  wing c kadwasti  magarpatta  hadapsar  pune  maharashtra,0.8889,6,approx_name_match
S1-210516080,dream producer private limited,ram asre s o ram nihor yadav  village mahagipur  po pakhawaiya  mirzapur  uttar pradesh,India,S3-373108012,dream producer private limited,shanti deep  ambedkar path baily road  patna,0.85,12,same_name_different_addr
S1-210574814,global consulting private limited,r o 323  nibr corporate park  cts no 669 670  671 andheri kurla rd  opp vaishali hotel safed pool  kurla west mumbai  mumbai  maharashtra,India,S2-715636867,best produer  private limited,nibr corporate park cts no   669 670 671 andheri kurla road  opp vaishali hotel  safed pool  kurla west  mumbai  maharashtra,0.6466,36,approx_name_match
S1-211655552,ace construction private limited,5  gadodia market  khari baoli  delhi,India,S2-772858556,ace construction private limited,delhi  56  gr flat  kh no 494  pacnhsheel colony  new delhi,0.8,19,same_name_different_addr
S1-211886927,orient   sons pvt  ltd,shop no  138  new garin market gharaunda karnal  karnal  haryana,India,S3-170404965,m s orient   sons limited,door no 9 42 shop no  142  hr  new garin market gharaunda karnal  gharonda,0.5552,1,approx_name_match
S1-212959935,infovision laboratories  india  ltd,401 36 turner road ii 4th flr  nr  tava restaurant  bandra west  mumbai city  maharashtra,India,S3-932820037,infovision laboratories  india  ventures  ltd,a 410 36 turner road ii 4th flr  mumbai city  bandra west  mh,0.818,47,approx_name_match
S1-213987716,bright exports private limited,adajan  a 202  surat  shilalekh  opp green arcade l p savani road  gujarat,India,S3-993686037,bright exports  private limited,,0.8334,32,approx_name_match
S1-215702717,andheri mumbai shakti private limited,sagar heights sagar tech plazaandheri kurla rd sakinaka junction opp hotel sudershan  andheri mumbai  mumbai  maharashtra,India,S2-105741854,andheri mumbai shakti enterprises private limited,h no 90 sagar heights sagar tech plazaandheri kurla rd sakinaka junction opp hotel sudershan  andheri mumbai,0.9097,7,approx_name_match
S1-21591150,niladri estate pvt ltd,2691 11th main 2nd stage  rajainagar  bangalore north  bangalore  karnataka,India,S2-267818651,niladri fashions pvt ltd,no 26 92 11th main 2nd stage  rajainagar  bangalore north  karnataka,0.6885,20,approx_name_match
S1-216176199,pune agro limited,sr no 26 15  29 17  fl no  906 building d  rich county  ambegaon bk  pune  maharashtra,India,S3-717916737,pune agro ltd,h no 487 82 9  navipeth  kamal building  lbs road c o kishor papers  pune  mh,0.7594,8,approx_name_match
S1-216537811,shree nursing home,karnataka  no  69  bangalore south  bangalore  south end b main road  jayanagar 9th block,India,S2-900088515,shree nursing home,6 6 b t  road  talpukur  kolkata,0.8088,8,same_name_different_addr
S1-217022433,bombay energy private limited,s 12 sfs flatspanchsheel enclave a 1  new delhi  south delhi  delhi,India,S3-369651380,bombay energy private ltd,a 85 19 block no  9 govind nagar  kanpur,0.7695,10,approx_name_match
S1-218184885,golden properties private limited,house no  284  third floor  ward no  2  kh  no  1151 3  mehrauli  new delhi  south west delhi  delhi,India,S2-840608217,golden properties private ltd,no  496  one world centre 16th flr  tower2a senapatibapatmarg  mumbai,0.7813,12,approx_name_match
S1-218223527,gujarat projects limited,uttar pradesh  ghaziabad  2nd floor  krishn r 8 9  raj nagar  b 6,India,S2-583275221,gujarat projects private ltd,flat no 304  tower a 8  casa greens 1  sector 16  greater noida west  noida  uttar pradesh,0.7516,28,approx_name_match
S1-219083694,sk   partners,c o yadavrao bhagwanrao makhale narali  dist yavatmal  yavatmal  maharashtra,India,S2-965025549,sk   partners ltd,neelam kumari c o p   4  luxmi nagar  jandli  ambala,0.7771,43,approx_name_match
S1-219805374,hitech estate pvt ltd,c 173 radha garden  mawana road  meerut  uttar pradesh,India,S3-142427656,hitech estate private ltd,1th floor  407  vihav business square  near hcg hospital sun pharma road  vadodara,0.7507,16,approx_name_match
S1-219967140,red estate private limited,26 2178  f2  willingdon enclave  a block 6c pandit karuppan road  thevara  kochi  ernakulam  kerala,India,S3-790148456,red estate llp,c 26 2191  f2  willingdon enclave  a block 6c pandit karuppan road  thevara  kochi  ernakulam  kl,0.8452,73,approx_name_match
S1-220005629,best enterprises limited,tilak marg  c scheme  rajasthan  house no  a 2 3  jaipur,India,S3-988868948,best enterprises limited,hn 483 building no 35  2760  c1  devaraparambil  thammanam  ernakulam  edappally  keralam,0.8568,2,same_name_different_addr
S1-221357857,seven healthcare private limited,no  23   24  dr  besant road  kumbakonam  thanjavur  tamil nadu,India,S3-520756626,seven healthcare private ltd,,0.7627,12,approx_name_match
S1-222171287,ritz properties private limited,maharashtra  pune  c o shoei finishing private limited  gate no 118 alandi markal road taluka    khed  pune,India,S3-940174911,ritz properties infratech pricne limited,no   39 c o shoei finishing private limited  pune,0.7996,80,approx_name_match
S1-222195626,unique trading pvt ltd,c 23  1st floor  qutub vihar phase 1 near dwakra sector 19  delhi  new delhi  delhi,India,S3-999193205,unique trading enterprises,c 44  1st floor  qutub vihar phase 1 near dwakra sector 19  delhi  new delhi,0.9224,14,approx_name_match
S1-222731544,shree systems private limited,shop no  20  ground floor aks colony  patiala road  zirakpur  tehsil dera bass  i  mohali  punjab,India,S3-25629565,shree systems private limited,plt no 3017 a  egmore nungambakkam  chennai,0.8568,43,same_name_different_addr
S1-223252435,sun products llp,c o  vinda devi  kewata salkhan  sonbhadra  uttar pradesh,India,S2-45149156,sun products,sr no 65 pathan height flat no 304  azad hind colony handewadi  pune,0.7552,9,approx_name_match
S1-224257214,jai   sons private limited,flat no 202 tower 1  emami swanlake apts  tirumalagiri  hyderabad  telangana,India,S3-242298062,jai   sons private limited,,0.85,48,same_name_different_addr
S1-224468411,tacit  india  innovations pvt ltd,karnataka  jc road  bangalore  no  97 ramayya lakshmayya garden,India,S3-311223639,tacit  india  innovations infratech pvt ltd,door no 0110 ramayya lakshmayya garden  jc road  bangalore  ka,0.8505,10,approx_name_match
S1-22450937,vision logistics private limited,no 14  davanagere  karnataka  davanagere  opp national convent  nijalingappa layout  davanagere,India,S3-305000307,vision  logistics private limited,,0.8188,16,approx_name_match
S1-22455978,ss projects private limited,house 409  1st room  gr floor  jain madir marg  old g b road  bandra  mumbai  mumbai city  maharashtra,India,S3-541457749,ss projects  private limited,door no 90  rajapalayam,0.8316,27,approx_name_match
S1-224734959,hitech developers,no 76 wb   block ganesh nagar 2 shakarpur  delhi  east delhi  delhi,India,S3-920952951,hitech  developers llp,door no 252 c nagala park  kolhapur,0.7778,7,approx_name_match
S1-224891682,bombay golden solutions private limited,ahmedabad  172 c  gujarat  sumel business park 2  b h ambica mill compound  nr vanijya bhavan  kankaria,India,S3-547674840,bombay golden solutions technologies private limited,ahmedabad  177 c  sumel business park 2  b h ambica mill compound  nr vanijya bhavan  kankaria   gj,0.9169,25,approx_name_match
S1-225029423,momentum exim private limited,gl 10 jail road  new delhi  west delhi  delhi,India,S2-130588829,momentum private limited center,no  825 16  c  45  sai vihar chs jui nagar  navi mumbai,0.6405,48,approx_name_match
S1-2258132,lakshmi impex,wz 50b f floor palam village near tanki wali gali  new delhi  delhi,India,S3-204118145,lakshmi  impex,chennai   null   new no   28,0.8522,12,approx_name_match
S1-226375217,tech power private limited,11 1 unnaw gate bahar  jhansi  jhansi khas jhansi  up  jhansi  uttar pradesh,India,S3-886175619,tech power limited,howrah  138 1  prince gulam hussain shah road  kolkata  kolkata,0.6907,8,approx_name_match
S1-226650877,anand foundation private limited,innov8 skcl tech square guindy  2nd floor  skcl tech square no 14 sp  sidcot v k industrial estate guindy  guindy park  chennai city corporation  chennai  tamil nadu,India,S3-140336181,anand foundation private limited,h no 52b kali temple road  calcutta,0.8556,24,same_name_different_addr
S1-226852528,balaji trading private limited,house no  3 3  ground floor  block b  double storey  new delhi  west delhi  delhi,India,S2-815570868,balaji trading private limited,no 17 shah waris house  3rd floor 1  deby chowdhury road  kolkata  kolkata,0.8714,15,same_name_different_addr
S1-228427997,shiv shree consultancy private limited,no48   oldno53 firstmainroad  gf 3  b a enclave c i t nagar  chennai 35   chennai 35   chennai  tamil nadu,India,S2-340415811,shiv shree logistics private,no55   oldno53 firstmainroad  gf 3  b a enclave c i t nagar  chennai 35   chennai 35,0.8316,36,approx_name_match
S1-228654078,bombay investments private limited,nulon house ishwar nagar10th mile stone mathura road  new delhi  south delhi  delhi,India,S3-288639894,bombay investments general,nulon house ishwar nagar23th mile stone mathura road  south  south delhi  dl,0.8452,13,approx_name_match
S1-228806910,baba infotech private limited,abhijit  7th floor mithakhali six road  ellisbridge  ahmedabad  gujarat,India,S3-695593478,baba infotech private limited,h c 8  civil township  rourkela orissa,0.85,7,same_name_different_addr
S1-229015723,indo engineering private limited,4 2409  bhola nath nagar  2 floor  bihari colony  shahdara  delhi,India,S3-681166695,indo engineering private limited,medak  tg  plot no  301,0.79,24,same_name_different_addr
S1-229698320,pna solutions,no 63  thottakudiyam palayam  vempathy  anthiyur  erode  tamil nadu,India,S2-873874631,pna solutions public limited,74   thottakudiyam palayam  vempathy  anthiyur  erode  tamil nadu,0.6864,31,approx_name_match
S1-230166797,classic producer private limited,siv   26  housing colony  durgapur  bardhaman  west bengal,India,S3-572712462,classic producer private limited,c o jakkampushpa valli  west godavari  narasapuram,0.8607,19,same_name_different_addr
S1-232191568,golden developers private limited,ground floor  ma hinglaj nagar  gandhi path west  lalarpura  jaipur  rajasthan  c 109 a  jaipur,India,S2-616569484,golden developers private limited,no 00345 c o lal chand meena  ward no 02  ballupura  sikar  rajasthan,0.8625,39,same_name_different_addr
S1-232222866,vaayu tradex limited,c 4  second floor  badli industrial area phase iii  delhi  north west delhi  delhi,India,S3-800270252,vaayu devi,910 c 25  second floor  badli industrial area phase iii  new delhi  north west delhi  dl,0.6094,33,approx_name_match
S1-232351212,shyam outfits private limited,flat no 502 plot no 5  sector 11 sanpada  thane  maharashtra,India,S3-415375301,private shyam outfits holdings limited,no 505  plot no 5  thane  mh,0.7367,64,approx_name_match
S1-232599621,bright constructions private limited,ix 6782  shyam gali  gandhi nagar  delhi  east delhi  delhi,India,S3-277900241,bright constructions private limited,ag 101  new delhi  north west,0.8615,18,same_name_different_addr
S1-233123622,shiva logistics private limited,karnataka  bangalore  519 2nd main a block rajajinagar,India,S3-71022263,shiva logistics private limited,5 565  medak  rangareddy  tg,0.79,11,same_name_different_addr
S1-233266833,collectorate p o contractors corp,243 f 1  annai nivas  kullanoor nirmala nagar  collectorate p o  dharmapuri  tamil nadu,India,S2-467310741,collectorate p o contractors group  corp    7099569816,h no 48 f 1  annai nivas  kullanoor nirmala nagar  collectorate p o  tamil nadu,0.8369,28,approx_name_match
S1-23448480,ram ventures pvt ltd,flat no 29 91 multitech towers b  mohali  punjab,India,S3-438012140,ram ventures hardware pvt limited,29 94 multitech towers b  mohali,0.7492,17,approx_name_match
S1-234959964,big investments private limited,house no  3 024  vipul khand 3  lucknow  uttar pradesh,India,S3-684225706,big investments private limited,flat no 303 tower 15 orchid petal sector 49 sohna road  gurgaon,0.8575,3,same_name_different_addr
S1-235120552,big marketing private limited,new hind house  3  n  m  marg ballard estate  mumbai  maharashtra,India,S3-117640891,big marketing private limited,privi house a 071 ttc  mumbai  mumbai city,0.8688,14,same_name_different_addr
S1-237792281,baba enterprises pvt ltd,room no 2  mahamai devi welfare society  ashish nagar  khoprepada  wakipada  kaju plot road  near sai niwas bungalow  juchandra  naigaon east  taluka vasai  district palghar  mumbai  vasai  thane  maharashtra,India,S3-261360313,smt baba enterprises furniture,room no 13  mahamai devi welfare society  ashish nagar  khoprepada  wakipada  kaju plot road  near sai niwas bungalow  juchandra  naigaon east  taluka vasai  district palghar  mumbai  vasai  thane  mh,0.8054,53,approx_name_match
S1-238337855,gaba developers private limited,isha apartment  flat no  a 1  ground floor  rh 40  rhaghunathpur  d b nagar  north 24 parganas  west bengal,India,S3-957750186,gaba developers public limited,h no 7 isha apartment  flat no  a 1  ground floor  rh 40  rhaghunathpur  north 24 parganas  d b nagar  wb,0.873,6,approx_name_match
S1-240385680,sarayu point private limited,groma house  office no b 2 8 9 10 plot no  14c  sec 19  vashi  navi mumbai  maharashtra,India,S3-62483095,sarayu point ltd,23 a rabindra saranips hare st  kolkata  south 24 parganas,0.6756,65,approx_name_match
S1-240661426,gujar trading limited,340 2 18 plot no  18  gali no  1 friends colony industrial area  shahdara  delhi  north east  delhi,India,S3-615366869,gujar trading private  limited,gurgaon  sadar bazar           unit 60 and 607 6th floor tower b  unitech cyber park sector 39 gurugram,0.679,20,approx_name_match
S1-241101584,all systems,a 3 159  second floor  janakpuri  new delhi  west delhi  delhi,India,S3-914846317,all systems,unit no  bs  galaxy diamond plaza  plot no  c 1a  sector  4  greater noida west  gautam buddha nagar,0.856,8,same_name_different_addr
S1-241287857,shree global private limited,shubham hospital  salaya road  village dharampur  taluka khambhalia  jamanagar  jamnagar  gujarat,India,S2-760836194,shree global private limited,no c 2nd floor  9  prakash building  dadasaheb rege marg  shivaji park  dadar w   mumbai,0.85,19,same_name_different_addr
S1-241794283,xw agrochem private limited,no 65b  1 st street dharapuram road  thillai nagar  tirupur  coimbatore  tamil nadu,India,S3-823711294,private xv agrochem ltd,65b  1 st street dharapuram road  thillai nagar  tirupur  coimbatore  tn,0.6594,95,approx_name_match
S1-241971687,white power private limited,sharmistha co op hsg soc ltdbldg no 2 senapati bapat road  pune  maharashtra,India,S2-644047189,white power public limited,maharashtra  sharmistha co op hsg soc ltdbldg no 13 senapati bapat road  pune,0.8779,27,approx_name_match
S1-242495659,india  maatara cargo,plot no 147 f f ta block om vihar uttam nagar  delhi  west delhi  delhi,India,S3-971763384,india  maatara cargo,new delhi  dl  south delhi  f 1 5,0.8676,11,same_name_different_addr
S1-243728484,vintron group,mohali  punjab  booth no  15 phase 3b2 sector 60  mohali,India,S3-709596235,m s vintron group limited,pb  mohali  block a 00102 booth no  15 phase 3b2 sector 64,0.7581,1,approx_name_match
S1-243803413,united agro pvt ltd,c o sasanka mohanta  plot no 991  khata no 114  asana  bisoi  rairangpur  mayurbhanj  orissa,India,S3-234095429,united agro  pvt ltd,balotra  no 583 e   246  barmer  2nd phase  industrial area,0.841,89,approx_name_match
S1-244060043,lfs india private limited,uttar pradesh  jhansi  medical  jhansi  jhansi  datia gate,India,S3-653648782,lfs skill  private  limited,no 23 datia gate  jhansi  medical  jhansi  jhansi,0.7177,14,approx_name_match
S1-24560631,shree exports private limited,17 1  lalitha arcade  outer ring road nagarabhavi 1st block  2nd stage  bangalore  karnataka,India,S3-940394167,shree exports private limited,first floor  opposite grama panchayath office  main road  aralumallige  doddaballapur  bangalore  bangalore rural,0.8025,16,same_name_different_addr
S1-248220106,bankey rock private limited,b 165  pocket 4  j j  colony  binda pur  uttam nagar  delhi  west delhi  delhi,India,S2-642617199,8ankey rock private limited,c   5    72  phase   iii  new delhi  delhi,0.7715,94,approx_name_match
S1-248221333,shiv business private limited,pune  nr mittal farm  behind jadhav residency  maharashtra  haveli  gat no 96,India,S3-876707624,shiv  business private limited,hn 569 zo 43  mumbai city  bombay,0.8191,12,approx_name_match
S1-249762350,tutor imperia private limited,bank of india hsc soc   thane  deendayal road  near samrat hotel  dombivli  w   maharashtra  dombivli,India,S3-479838510,tutor imperia  industries private limited,no 69 bank of india hsc soc   deendayal road  near samrat hotel  dombivli  w   thane              dombivli,0.917,79,approx_name_match
S1-250457925,balaji builders private limited,b   50  1st floor dayanand colony  lajpat nagar   iv  new delhi  south delhi  delhi,India,S2-740144668,balaji builders private limited,66 fourth floor  gali no 6  pratap nagar mayur vihar  east delhi,0.8114,9,same_name_different_addr
S1-250677846,maa care private limited,s o  shri ram gopal ji tendukheda  ward no  8  tendukheda  narsinghpur  madhya pradesh,India,S3-809550932,maa care private limited,guna  mp  goraghat  no  878 c o krashak jagrati farmer producer company limited by pass road  ashok nagar,0.8603,18,same_name_different_addr
S1-251518586,urban power private limited,a 16 vishwakarma colony  lal kuan m b road  new delhi  south delhi  delhi,India,S2-461576106,urban power private limited,no 00218 servent qtr no  57  sidhartha enclave  new delhi  delhi,0.8658,9,same_name_different_addr
S1-252113038,jf technologies llp,no 1321 122  royal placid layout  harlur 3rd phase  somasundra palya  hsr layout  bangalore  karnataka,India,S3-10540871,jf technologies industries llp,no 321 129  royal placid layout  harlur 3rd phase  somasundra palya  hsr layout  bangalore  ka,0.8621,70,approx_name_match
S1-252337429,white gujarat food pvt ltd,plot no 52 53  d 9  graficon paradise  nibm road  near sunshree gold  kondhwa  pune  maharashtra,India,S3-727397788,white gujarat services pvt ltd,plot no 52 58  d 9  graficon paradise  nibm road  near sunshree gold  kondhwa  pune  mh,0.8054,30,approx_name_match
S1-253094596,kmg durga private limited,fateh ka tiba adarsh nagar  rajasthan  jaipur  j 151,India,S3-374466192,kmg ianvestmatns private limited,h no   9  dharwad  dharwar,0.5711,38,approx_name_match
S1-253675675,indian communication private limited,shree ganesh niwas  sarvodaya mitramandal  magannathuramrd  bailbazar  opp  kmspschoo  l  kurla w  maharashtra  mumbai city  mumbai  flat158,India,S3-356722333,indian communication limited,hn 508 flat162  mumbai  mumbai city,0.7586,22,approx_name_match
S1-255345011,hotel energy llp,door no  17 20  chekkala vilakom  kappil p o  chirayinkeezhu  thiruvananthapuram  trivandrum  kerala,India,S3-222491622,m s hotel energy llp  restaurant,door no 17 27  chekkala vilakom  kappil p o  chirayinkeezhu  thiruvananthapuram  trivandrum,0.7992,25,approx_name_match
S1-256734682,andromeda labh new delhi,36a  e block  uttam nagar  new delhi  north delhi  delhi,India,S2-800675274,andromeda educare new delhi,93a  e block  uttam nagar  new delhi  delhi,0.7581,99,approx_name_match
S1-25684741,guru producer private limited,c 127  g f  new delhi  west delhi  delhi,India,S3-805873161,guru producer private ltd,,0.7583,4,approx_name_match
S1-256908344,chawla junior  india  private limited,176 th 9 th main  hongasandra  bangalore south  bangalore  karnataka,India,S2-37492904,chawla junior  india   holdings,door no 179  th 9 th main  hongasandra  bangalore south  karnataka,0.8316,69,approx_name_match
S1-257255070,arohan law chambers,erode  tamil nadu  voc street  kollamapalayam  no 5  erode,India,S2-976852591,arohan law chambers infratech,h no 14   voc street  kollamapalayam  erode  tamil nadu,0.8767,14,approx_name_match
S1-257834010,raj india private limited,h  no  9 587 1 1b  beside om shanti enklave  aland road  gulbarga  karnataka,India,S3-569734188,raj india private ltd,d 3 1 288  vikalp khand  gomti nagar  lucknow,0.7598,22,approx_name_match
S1-258480362,kalkaji glass,delhi  w e a karol bagh  17 a  new delhi  139,India,S3-624968945,kalkaji developer,38 a  139  w e a karol bagh  new delhi,0.6455,7,approx_name_match
S1-2586884,north infra private limited,star galaxy complex  dakbanglow road  po  hajipur  ps  hajipu  r twon  1st floor  hajipur  bihar  vaishali,India,S3-764240228,north infra private limited,c o suprio mukherjee  15 b 1 12  sepco township  bardhaman,0.85,40,same_name_different_addr
S1-258842966,coimbatore herbal group,no 6puliyakulam road pappanaickenpalayam  coimbatore  tamil nadu,India,S2-426228352,coimbatore fast group,tamil nadu  no 17puliyakulam road pappanaickenpalayam  coimbatore,0.7654,27,approx_name_match
S1-259004139,mango interaction  india  private limited,2nd cross hb layout  k  ushal nagar  kg halli po  39  karnataka  bangalore  bangalore north,India,S2-202485644,mr mango interaction  india  enterprises private,046  2nd cross hb layout  k  ushal nagar  kg halli po  bangalore north  karnataka,0.7957,3,approx_name_match
S1-259159255,india trading limited,shree arcade  2  jogendra kavi raj row 4th floor  room no 408  kolkata  howrah  west bengal,India,S3-74199691,india  trading limited,no 50 c o shankar ramji naik  mangaldas park  navapur  navapur  nandurbar,0.8322,6,approx_name_match
S1-259299887,life medical centre,no 695  16th mainiv  t  block  jayanagar bangalore  bangalore  karnataka,India,S3-644240942,life medical centre,bangalore  ka  door no 34 6  bengaluru  1st floor  marutiseva nagar banaswadi main road,0.8643,3,same_name_different_addr
S1-259548846,india mills limited,10f  shyama prasad mukherjee road  iqra niwas  1st floor  kolkata  kolkata  howrah  west bengal,India,S3-517097371,india financial limited,c 23f  shyama prasad mukherjee road  iqra niwas  1st floor  kolkata  calcutta  howrah,0.7225,41,approx_name_match
S1-259551164,apex business,c o subhendu garu so bidhan garu fatepur bahitrakunda  marishda  medinipur  e   midnapore  west bengal,India,S3-744721344,apex business,11  13  mumbai,0.79,69,same_name_different_addr
S1-259623306,shree medical centre,shop no  t 05  plot no 21   22  khivansara highstreet  aurangabad  aurangabad  maharashtra,India,S2-322416653,shree medical centre,b 2  c wing  flat no 206  shilpitha royal apts  sadaramangal road  shakthi layout kodige  halli  bangalore,0.8556,49,same_name_different_addr
S1-25967035,new delhi energy private limited,delhi  khasra no 785  village kirari suleman nagar  delhi abadi known as balb  ir vihar  new delhi  plot no 24  new delhi,India,S2-435065403,new delhi energy private limited,k 1 5  lgf  kailash colony  new delhi  delhi,0.863,45,same_name_different_addr
S1-259861300,tech properties pvt ltd,h no 8 2 316 a 7 4  road no  14 banjara hills  hyderabad  telangana,India,S3-105822596,tech properties private limited,h no 501  nandini residency  tirumalagiri  hyderabad  tg,0.7714,9,approx_name_match
S1-262092423,mumbai agency llp,4 banoo manor  azad road andheri  east   mumbai  mumbai city  maharashtra,India,S3-976008433,mumbai agency llp,mumbai city  door no 82,0.8131,19,same_name_different_addr
S1-262719803,sayonara management corporation,fl8 prestige garnet pl 20 ashok nagar bhamburda  maharashtra  pune,India,S2-322575035,shri sayonara  management ventures corporation,plot 355 fl8 prestige garnet pl 33 ashok nagar bhamburda  pune  maharashtra,0.8079,24,approx_name_match
S1-262786033,cm researchcenter private limited,h no 2014 alsand  khanapur  vita   khanapur  sangli  maharashtra,India,S3-528240179,um researchcenter  private limited,h no a 2019 alsand  khanapur  vita   khanapur  sangli,0.8207,46,approx_name_match
S1-263303675,sai trading ltd,d  no  22 6 63 1  gulzar house kali kaman  charminar  hyderabad  telangana,India,S3-118693925,sai trading,cb 11  ground floor  e 1 block  beech building manyata embassy business park  outer rin  g raod  bangalore,0.758,44,approx_name_match
S1-263571281,black food private limited,m s lenik chs ltd versova road andheri west  mumbai  mumbai city  maharashtra,India,S3-196452304,black food  private limited,no 10  salem bye pass road  near aavin milk diary  krishnagiri  krishnagiri  n a,0.8372,11,approx_name_match
S1-263821396,sjv automotive pvt ltd,no  107  industrial suburb  ii stage  yeshwanthpur  bangalore  karnataka,India,S2-979372291,sjv automotive exports pvt,door no 109   industrial suburb  ii stage  yeshwanthpur  karnataka,0.838,5,approx_name_match
S1-263907561,sibi creations llp,bb 33a  dda flats  janakpuri  new delhi  delhi,India,S2-866389550,dr sibi creations pvt ltd,delhi  bb 38a  dda flats  janakpuri  n a,0.7489,30,approx_name_match
S1-264828431,katni hotels limited,patna  bihar  b 152 east boring canal road,India,S2-637538885,katni hotels enterprises,b 163 east boring canal road  patna  bihar,0.9027,31,approx_name_match
S1-264864373,abhaya ventures ltd,kh no 139 main road near hindon river near khera devta mandir dallupura  vasundhra enclave  east delhi  delhi,India,S2-197400009,abhaya ventures group,kh no 14 main road near hindon river near khera devta mandir dallupura  vasundhra enclave  delhi,0.8949,34,approx_name_match
S1-265374050,psquare soft pvt  ltd,maharashtra  borivali west  s v p road borivali west mumbai  mumbai  shop no 17 ganjawala apts,India,S3-220258366,psquare properties pvt  ltd,26 ganjawala apts  s v p road borivali west mumbai  borivali west  mumbai  mh,0.7018,30,approx_name_match
S1-265452768,alpha food private limited,101 plot no  19 f f  sagar plaza laxmi nagar distt centre  new delhi  east delhi  delhi,India,S3-69110391,alpha food private limited,h no 31karnal road  delhi  dl,0.8067,15,same_name_different_addr
S1-265757155,solutions bijendra software pvt  ltd,row house no 32  edenn garden rhchs  survey 167 168  wakad  pune  maharashtra,India,S3-704074083,solutions big investment pvt ltd,,0.5472,46,approx_name_match
S1-265826401,hari investments pvt ltd,bangalore  6 12  primrose road gurappa avenue  karnataka,India,S2-319086376,hari investments private ltd,h no   14 k no14  2  annd reddy layout  bangalore south  karnataka,0.7678,33,approx_name_match
S1-265835553,anand food private limited,sco no 5  bhagwati enclave  vill  satiye wala  distt  ferozepur  ferozepur  firozpur  punjab,India,S2-3195072,anand food limited,sco no 1 16  bhagwati enclave  vill  satiye wala  distt  ferozepur  ferozepur  punjab,0.8954,15,approx_name_match
S1-266509020,odisha services private limited,c o farukh s o ismail ward no 15 ferozpur jhirka  tehsil ferozp  ur jhirka  ferozpur jhirka  mewat  haryana,India,S2-291472884,private odisha services ventures limited,c o farukh s o ismail ward no d 36 ferozpur jhirka  ferozpur jhirka  mewat,0.7504,110,approx_name_match
S1-267006998,wyn developers of mumbai private limited,ta 2  gitanjali nagar  bharti building  c 3 20  borivali west  mumbai  mumbai city  maharashtra,India,S3-931158147,private wyn sugar of mumbai  limited,ta 23  gitanjali nagar  bharti building  c 3 20  borivali west  mumbai  mumbai city  mh,0.7216,5,approx_name_match
S1-267260179,bangalore developers llp,b 104  map enclave apartment  vignana naga 3rdmain road  adarsh vista row house road  bangalore  karnataka,India,S2-972568227,bangalore developers llp,flat no c004 157 sy no 28 1  28 2  37   36 1 4th cross  bangalore  karnataka,0.8611,41,same_name_different_addr
S1-26744867,solutions sanjivini swarna private limited,e 37  2nd avenue  besant nagar  chennai 600 090  tamil nadu,India,S2-529525113,sanjivini llp center,block e 611 23 49  loco scheme 2nd street  jawahar nagar  chennai  tamil nadu,0.6543,22,approx_name_match
S1-268188222,ace infrastructure pvt ltd,surat  gujarat  surat city  60  61  global textile market  2nd fl shop e 2359,India,S2-320469067,ace  infrastructure,c o shivaji bhise flno906  winga fortunesrushti sno4  pune city,0.7539,22,approx_name_match
S1-268754629,swati polytechnic,flat no b 21  2nd floor  chaithanya nest apartments 9a  rathna nagar  ganesapuram  teynampet  chennai  tamil nadu,India,S3-648957542,swati polytechnic industries,flft no b 28  chennai,0.762,13,approx_name_match
S1-268911340,shubh palms private limited,c o jamirul hasan  motipur  motipur  balrampur  up  tulsipur  balrampur  uttar pradesh,India,S2-676609695,shubh construction private limited,no 7 c o jamirul hasan  motipur  motipur  balrampur  up  tulsipur  uttar pradesh,0.7807,59,approx_name_match
S1-26893077,sati bakery private limited,telangana  hyderabad  h no 6 1 339 2  3  padmarao nagar secunderabad,India,S2-130127205,earn sati limited private,6 52 13 2  padma rao nagar colony  sangareddy  telangana,0.5604,48,approx_name_match
S1-269050172,manarcadu das pvt ltd,manarcadu  kottayam  kerala  puliyileth house ayrattunada  building no xiv 64,India,S2-373683432,manarcadu das public limited,building no xiv 7 7  puliyileth house ayrattunada  manarcadu  keralam,0.8209,22,approx_name_match
S1-269165987,consultancy united therapies private limited,mumbai city  shabir niwas blk no 1 mahakali rd  near shashikant hotel  andh  eri  e   mumbai  maharashtra,India,S3-470336402,consultancy united therapies limited private group,shabir niwas blk no 12 mahakali rd  null  mumbai city  mh,0.8328,42,approx_name_match
S1-26954635,shiv food private limited,8 2 686 6 d 9  2nd floor  roxana fortune complex  road no  12  banjara hills  hyderabad  telangana,India,S3-826379789,shiv food private limited,offcce no 529  pune city  pune,0.7968,10,same_name_different_addr
S1-269655556,blue raj developers private limited,athani  karnataka  belgaum  h no 973 b 13 sles computers near shankar nagar,India,S2-487014726,blue raj developers enterprises private limited,door no 973 b 17 sles computers near shankar nagar  athani  karnataka,0.8805,49,approx_name_match
S1-269833186,green tech private limited,west delhi  new delhi  h  no 12  delhi  3rd floor  road no  7,India,S3-367169685,green tech private limited,nk 1  ghaziabad,0.85,12,same_name_different_addr
S1-269959073,bangalore labs private limited,10  rogers road  301  regal haven  richards town  bangalore  karnataka,India,S3-250148538,bangalore  labs private limited,no  10  bangalore,0.7924,22,approx_name_match
S1-270606893,green trading private limited,x 4  midc  bhosari general industrial area  pune  maharashtra,India,S3-362769684,green trading private limited,no 104 ecohouse premiseschsl  vishweswar nagar  aareyrd  goregaon east  mh  mumbai,0.85,15,same_name_different_addr
S1-270844066,ae diamonds ltd,c o ajay kumar s o sudesh pal singh thamber  ambala  haryana,India,S3-973182939,ah ltd partners,no 9 c o ajay kumar s o sudesh pal singh thamber  ambala  hr,0.5625,34,approx_name_match
S1-271624165,indore solutions private limited,c o antim bisan badole 25  chitra baag khandwa road  indore  madhya pradesh,India,S2-336585643,indore solutions private limited,vaibhav chambers 7 1  ushaganj  chhawant  indore  madhya pradesh,0.8737,65,same_name_different_addr
S1-271919310,eastern care pvt ltd,4337 38  bharaio wali gali  jogiwada nai sarak  delhi,India,S3-787973907,eastern care pvt ltd,h no 301 lig i 28  housing board colony  nalgonda  miryalguda,0.79,14,same_name_different_addr
S1-272119494,atithya food llp,127 w 26 keshav nagar  kanpur  uttar pradesh,India,S2-53486098,mr atithya food pvt ltd,door no 127 w 35 keshav nagar  kanpur  uttar pradesh,0.7271,4,approx_name_match
S1-272502609,dinesh technology private limited,in c o karamveer s o mamhi a 18 8 khanpur greater noida gautam budh  nagar  noida  gautam buddha nagar  uttar pradesh,India,S2-639473323,dinesh infrastructure private limited,in c o karamveer s o mamhi a 18 12 khanpur greater noida gautam budh  nagar  noida,0.7575,56,approx_name_match
S1-273494161,arav beverages private limited,shop no 32  1st floor  new sanatan dharam market laxman mandir  bharatpur  bharatpur  rajasthan,India,S3-389786873,arav beverages private limited,mohali  plot no f 00335 phase 8 b s a s nagar  mohali,0.8565,49,same_name_different_addr
S1-273876585,sun producer llp,flat c 301  flr 3rd  avishkar garden chs poonam vihar  mira road east  thane  maharashtra,India,S3-830895867,sun producer llp,3 1 48 2a  sri sai nilayam  saroornagar  k v rangareddy  tg,0.79,15,same_name_different_addr
S1-273933648,ydj developers limited,tamil nadu  munees nagar  vilampatti road  no 1 653  sivakasi  virudhunagar,India,S3-717968010,ydj d velopers holdings limited,no 1 66  sivakasi,0.5876,15,approx_name_match
S1-274480025,exact   co,office no  1  mayfair towers   ii  pune city  pune  maharashtra,India,S2-32546895,exact co industries,office no    3  mayfair towers   ii  pune city  pune  maharashtra,0.8945,18,approx_name_match
S1-27556884,best properties private limited,767 5 kotwal complexbhandarkar road shivajinagar  pune  maharashtra,India,S3-191025912,best  properties private limited,hno  0016 1 24 b a 7 1  green land colony  saidabad  hyderabad  tg,0.7562,59,approx_name_match
S1-275909115,my constructions private limited,l 1 19 hauz khas  new delhi  south delhi  delhi,India,S3-923423897,my constructions private limited,,0.85,13,same_name_different_addr
S1-276565934,anh jal pvt ltd,bangalore  karnataka   3 4  bangalore north  no2  thirumenahalli  agrahara layout main road,India,S3-127349379,anh jal infratech pvt ltd,3 15  no2  thirumenahalli  agrahara layout main road  bangalore,0.7467,27,approx_name_match
S1-277012998,alankrita strategic private limited,jaiplaza  83  veerdurgadasnagar  3rdfloor  pali  rajasthan,India,S3-815786854,alankrita strategic overseas private limited,no 61 jaiplaza  83  veerdurgadasnagar  3rdfloor  pali  rj,0.8441,7,approx_name_match
S1-277860403,bikaner cattle private limited,114b 115 a indl  area rani bazar  bikaner  rajasthan,India,S2-93095563,bikaner systems private limited,rajasthan  114b 136 a indl  ara rani bazar  bikaner,0.7508,67,approx_name_match
S1-278097764,shankar solutions,gala 3  pearl glass compd  ib patelrd  nr puja hotel  goregaon east  mumbai  maharashtra,India,S2-903445699,shankar  logistics,gala 14  pearl glass compd  ib patelrd  nr puja hotel  goregaon east  maharashtra,0.7292,8,approx_name_match
S1-278149635,india mover private limited,no 39  11th cross  indira nagar  1 st stage  bangalore  karnataka,India,S2-739851423,india mover group private limited,karnataka  no   46   11th cross  indira nagar  1 st stage  bangalore,0.9056,7,approx_name_match
S1-278736426,lakshmi infotech llp,c o mahendra kumar suda ward no 31  ratangarh   m  ganesh dhora ratangarh  churu  rajasthan,India,S3-969832396,dr lakshmi infotech llp constructions,c o mahendra kuamr suda ward no 52  churu  ratangarh   m  ganesh dhora ratangarh  n a  rj,0.7626,28,approx_name_match
S1-2788429,uic group of companies,khasra no 3  gurugram  gurgaon  haryana  gurugram  dharamniwas first floor,India,S2-158812366,uic group of companies group,door no   74 dharamniwas first floor  khasra no 3  gurugram  gurugram  haryana,0.9147,11,approx_name_match
S1-279165758,galaxy food private limited,303  anandbaugh chs  old mumbai pune road  thane  maharashtra,India,S3-806345338,galaxy food private limited,r  n  35  mumbai  mumbai city  mh,0.8007,16,same_name_different_addr
S1-27986145,bombay biotech private limited,pune  occ 1 h no  1254  shivajinagar  maharashtra  pune,India,S2-755432891,bj viitn private limited,null  occ no 9 office g 5 933 1b 1 1 shivajinagar  pune  maharashtra,0.5708,67,approx_name_match
S1-279888945,al software private limited,pcp s4 p1 e027  pintail park city  sultanpur road  lucknow  uttar pradesh,India,S3-772602168,al software corporation,nandurbar              286 5,0.6955,15,approx_name_match
S1-280306145,ww cheese limited,13 10  kalai compound gandhi park  aligarh  uttar pradesh,India,S3-860841907,limited ww cheese exports,13 17  kalai compound gandhi park  aligarh  up,0.7178,67,approx_name_match
S1-281193577,royal power private limited,c o sanatan mondal  sundalpur  karimpur i  nadia  west bengal,India,S3-430311598,royal power  private limited,null  h no 103 wing a  akola,0.8316,45,approx_name_match
S1-281642940,highland traders private limited,c o yadavrao bhagwanrao makhale narali  dist yavatmal  yavatmal  maharashtra,India,S2-411732930,highland,,0.6667,79,approx_name_match
S1-281841442,delta trading pvt ltd,bhogwara bhogwara  prayagraj  ugrasenpur  allahabad  uttar pradesh,India,S3-806069030,delta trading pvt ltd,surat city  surat  second floor  plot no  89  unique square  opp  shubham k mart  singanpore road  no 00227,0.85,5,same_name_different_addr
S1-281854509,beautiful services private limited,calcutta  kol  1 r n mukherjee road 5th floorsuit no 53 p s hare street  west bengal,India,S3-218755702,beautiful purchase prvcae limited,3rd floor  null  shaikpet  hyderabad,0.6808,48,approx_name_match
S1-282082671,gujarat logistics pvt ltd,03 dhamhar dhamhar  ayodhya  allapur  ambedkar nagar  uttar pradesh,India,S3-164811895,gujarat logistics pvt ltd,plot 463  b 705  advant navis park  tower b  sec 142  gautam buddha nagar  noida  up,0.7968,12,same_name_different_addr
S1-282874160,white properties limited,c o sanjay kumar singh  sagar computer p o gram purani bazar post  jhajha thana  jhajha  jamui  bihar,India,S2-522901026,white properties limited,5  vijaya apartment  bajaj road  vile parle  west,0.79,10,same_name_different_addr
S1-282921724,bhopal software private limited,plot no  45  sahkar nagar trilanga  bhopal  madhya pradesh,India,S2-575293808,bhopal business private limited,h no  44 e 08 ground floor sahkar nagar trilanga  bhopal  madhya pradesh,0.71,37,approx_name_match
S1-283239087,jaipur cargo,406  mansarovar plaza madhyam marg  mansarovar  jaipur  rajasthan,India,S2-277620865,jaipur cargo,lg 1  khasra no  282  uttam bhudev residency  jaipur  rajasthan,0.81,2,same_name_different_addr
S1-283326885,alpha vaastu private limited,17 31a  tr nair road  elamthuruthy kalady  kuttanellur  thrissur  kerala,India,S2-647857883,mr alpha vaastu group private limited,hn 917 17 52a  tr nair road  elamthuruthy klady  kuttanellur  thrissur  kerala,0.7615,55,approx_name_match
S1-283389705,alliance trading limited,plot no 22  sakar vihar colony  mayur park road  harsul  aurangabad  maharashtra,India,S2-604215983,llp alliance trading,plot no 35  sakar vihar colony  mayur park road  harsul  aurangabad,0.8221,30,approx_name_match
S1-284374471,hip brothers ltd,khasra no  1026 plot no b 18 3  shyam vihar phase 2 vill dindarpur near mata mandir  new delhi  south west delhi  delhi,India,S3-552668644,hip  brothers holdings ltd,khasra no  102 plot no b 18 3  delhi  south west delhi  dl,0.7737,26,approx_name_match
S1-284655491,neptune trading private limited,cb 385 ist floorring road naraina  new delhi  west delhi  delhi,India,S3-606261408,neptune  trading private limited,sa  159 e 10a chitragupt  nagar colony ramrepur  varanasi,0.8211,2,approx_name_match
S1-284906082,big products private limited,holding no 12 7  cricle  no 230 add didarganj  sampatchak  patna  bihar,India,S2-211325611,big products private limited,no   12 c o rahul kumar s o vipin pd singh  chak gulamuddin urf kishunpur  patedhi belsar  hajipur  bihar,0.8673,37,same_name_different_addr
S1-285819342,nabadiganta seva private limited,shop no 18  paras tierea  sector 137  noida  gautam buddha nagar  uttar pradesh,India,S3-600177486,nabadiganta seva overseas private,27  paras tierea  sector 137  noida  gautam buddha nagar,0.7788,40,approx_name_match
S1-285904998,bombay healthcare private limited,plot c 20g block near mca  bandra kurla complex  mumbai  maharashtra,India,S2-523174701,bombay healthcare private ltd,zillion biz center  no 23  1st main  st bed road 4 th block  koramangala  bangalore,0.7719,47,approx_name_match
S1-286963599,creative it private limited,1st floor  room no  5 8 1a sir william jones sarani  kolkata  kolkata  howrah  west bengal,India,S3-286609466,creative it  private limited,306  hyd  hyderabad  tg,0.7716,54,approx_name_match
S1-28736313,al finance private limited,504a 1  mumfordganj  allahabad  uttar pradesh,India,S3-144503655,al finance limited,,0.7168,42,approx_name_match
S1-287665364,farm global private limited,plot no  13  village garoli khurd  railway road  gurgaon  haryana,India,S3-323761133,farm global ventures  private,door no 16  village garoli khurd  gurgaon  railway road  hr,0.7963,19,approx_name_match
S1-288110671,baba products private limited,level 20  building 5c  dlf epitome  dlf cyber city  gurgaon  haryana,India,S3-9464289,baba products private limited,plot 895 d  201  lucknow,0.85,9,same_name_different_addr
S1-288506579,qj trades,1 18  shalimar park  bhola nath nagar  shahdara  new delhi  delhi,India,S2-918128797,qj  trades,door no 952 house no 29  3rd floor malka ganj road  blk ua  jawahar nagar  new delhi  delhi,0.7979,46,approx_name_match
S1-289052648,laxmi business private limited,no 41  bull temple road  bangalore  karnataka,India,S2-391748110,laxmi business private limited,c o sau somitra kishanrao  raikar  pimpala  tq pathari  sailu,0.85,6,same_name_different_addr
S1-289113391,rfz apollo pvt ltd,flat no  201  the pearl city apartment  plot no 12b  sai pruthvi enclave  kondapur  hyderabad  rangareddy  telangana,India,S3-115754910,rfz apollo pvt ltd,shop no 2  kolkata  raja dinendra street,0.8568,87,same_name_different_addr
S1-289379541,paramount traders private limited,c8 1503  prateek grand ci  siddharth vihar  ghaziabad  uttar pradesh,India,S2-624911233,paramount traders private,,0.7571,30,approx_name_match
S1-28966563,vijay projects private limited,c 57  third floor lajpat nagar 1  new delhi  south delhi  delhi,India,S3-449361289,vijay projects  private limited,plot 546 wz 704 a 2nd floor shiv nagar  new delhi   null   dl,0.865,14,approx_name_match
S1-290854838,shree world private limited,a 107  a 108  patel nagar  shiwar mos sirsi road  bindayka  jaipur  rajasthan,India,S2-788952273,private quality  giedia  trades limited,a 107  a 108  patel nagar  shiwar mos sirsi road  bindayka  jaipur  rajasthan,0.6422,45,approx_name_match
S1-290998092,fund manufacturing llp,g 22 135 sector 7  rohini  delhi,India,S3-88468137,fund manufacturing exports llp,g a 22 135 sector 4  delhi  rohini,0.8633,30,approx_name_match
S1-291035216,amravati india private limited,upland banspani  joda  kendujhar  orissa,India,S2-310737282,amravati india ventures,door no 35 upland banspani  joda  odisha,0.7602,35,approx_name_match
S1-291053387,classic infotech limited,plot no  74  vanmali park  raw house  near yogi chowk  punagam  surat  gujarat,India,S2-415234281,classic infotech ltd,plot 639 altf mpd tower  1   2floor  golf course  sector 43  dlf qe,0.7582,18,approx_name_match
S1-29135289,dhoot chemicals limited,off unit 303  maharashtra  pinnacle sr n north main rd sangamwar  pune,India,S3-469517800,dhoot chemicals pvt ltd,off unit 00312  pune,0.7797,25,approx_name_match
S1-291969556,aspen sangh corp,second floor door no 59 4107  hassan s building  near canara bank  kozhikode  kerala,India,S3-921324620,dr aspen sigandhh ventures corp,kozhikode  kl  kozhikode  second floor door no 059 4110  hassan s building  near canara bank,0.5402,32,approx_name_match
S1-292026116,consultancy enterprises technologies private limited,no  13 413  2nd floor  deepa towers  deepa junction  tiruvalla  pathanamthitta  kerala,India,S2-762909629,consultancy enterprises technologies limited,no  13 418  2nd floor  deepa towers  deepa junction  tiruvalla  kerala,0.8775,38,approx_name_match
S1-292077330,vidhi polytechnic,shop 4  pl 215 216  shakar  rec ulkanagari  garkheda  aurangabad  maharashtra,India,S3-80001958,vidhi  polytechnic,,0.8444,82,approx_name_match
S1-292476887,sun tech private limited,house no pvt no 771c  plot no 21 khasra no 39 21  delhi  north west delhi  delhi,India,S3-711691911,sun  tech private limited,s m complex no 8a  vellore,0.8283,15,approx_name_match
S1-293245928,aum foundation,fl a 401 ashtagandha phase iii  s no 114 baner  pune city  pune  maharashtra,India,S3-704009997,aum foundation,d no 19 10 805 4  mangalore  dakshina kannada,0.8571,25,same_name_different_addr
S1-293372493,red agro private limited,s  no  232 1  wing no  a1 704  lalwani vastu  sakore ngr   viman ngr   pune  maharashtra,India,S2-494642877,red agro  private limited,c opramod kumar hadargarh  rd near sri ram vatika  nawabganj  null,0.8293,59,approx_name_match
S1-293517052,indian infrastructure,tc 11 174  a 100  kanaka nagar  kowdiar po  thiruvananthapuram  thiruvananthapuram  trivandrum  kerala,India,S2-774801278,indian infrastructure,g 480  rodd no  9a v k i  area,0.85,9,same_name_different_addr
S1-294383888,star products private limited,8c 1  superior house  rajpur road  civil lines  delhi  north delhi  delhi,India,S2-915008171,star products private limited,no    971 143   2nd main road  iv block  rajajinagar  bangalore,0.8579,14,same_name_different_addr
S1-294883772,hitech impex private limited,284 3 konddwa dhawade  haveli  pune  maharashtra,India,S3-273887745,hitech impex private limited,h no 133  phase 4  udyog vihar  gurgaon  gurugram,0.79,41,same_name_different_addr
S1-29585139,sahay enterprise limited,flat no 217  2nd floor  trimurti heights opp  sunbright school  ambegaon bk   pune  maharashtra,India,S2-646628833,starshine medical public  limited,flat no 217  2nd floor  trimurti heights opp  sunbright school  ambegaon bk   pune  maharashtra,0.6505,17,approx_name_match
S1-296199281,balaji healthcare llp,peedampally post  door no  4 146 pappampatty main road  tamil nadu  coimbatore,India,S2-976891324,balajihealthcare,jl  52 near reliance tower  nh 6 domjur salap  balyl jagachha,0.7646,9,approx_name_match
S1-296208425,shivam trading,no 2a jai durga complex  no 60  100 feet road  1st avenue  chennai city corporation  chennai  tamil nadu,India,S3-214222735,shivam trading,mint street  sowcarpet  chennai  tn  plot 676 401,0.8565,9,same_name_different_addr
S1-296213150,indo foods private limited,haryana  bhiwani  h  no  174  g floor  uttam nagar loharu road,India,S3-155753895,indo foods private limited,c 62 m i d c jejuri tal purandar  pune,0.85,11,same_name_different_addr
S1-296611263,ace ventures private limited,kerala  ernakulam  chettakulathinkara  303 a  kunnathunad,India,S2-953840329,ace ventures private limited,dhor no 117 1st floor kshb colony  chalakkudy  kerala,0.8607,10,same_name_different_addr
S1-298647040,dristi buildwell  india  private limited,h no 85  street no 3  punia colony  sangrur  punjab,India,S3-40590922,private dristi buildwell  india  holdings  limited,h no 86   sangrur  pb,0.7396,69,approx_name_match
S1-299126471,arihant investment private limited,a 303 bhavani complex  bhavani shankar road  dadar west  mumbai  maharashtra,India,S3-266947627,arihant investment private limited,no  230 8985 a wing atmaseva building kannamwar nagar opp rohidas balwadi  vikhroli  mumbai city,0.863,9,same_name_different_addr
S1-299229922,shakti foundation private limited,17 162  kummaraveedi  chittoor  andhra pradesh,India,S3-711083876,shakti foundation private limited,h no   29  hig chinta complex  80 feet road  anna nagar  a vellalapatty,0.79,14,same_name_different_addr
S1-299496963,birbhum trading pvt ltd,73a rs no 1 1 pal  nr fulbai mata temple  b h kapadiya health club  ambanagar   2  surat  gujarat,India,S3-818460858,birbhum trading limited,block g 774  c o muhammad shahid ward no 14  chandauli,0.7309,63,approx_name_match
S1-29956222,swastik investments private limited,0 1  floor 0  plot 126  neeru silk mills  harisch  mumbai  maharashtra,India,S3-472787824,swastik investments  private limited,road no 5  tg  shaikpet  2 293 82 a 29 1 g 1  kandukur,0.7823,32,approx_name_match
S1-300909207,mumbai real private limited,unit no 202  2nd floor  everest classic  plot no 390  v p  road  khar  west   mumbai  mumbai city  maharashtra,India,S2-858000661,mumbai real private limited,a 202  gokul cresents samayukta chs ltd  koldongri lane  no 2  andheri east  mumbai  maharashtra,0.8714,5,same_name_different_addr
S1-301421537,pelf connect  india  clinic,flno 802 yash tower dp rd sno 161 162 nr annpurna so aundh pune 41  1007  pune  maharashtra,India,S3-646891018,pelf portfolio   india  clinic,flno  802 yash tower dp rd sno 161 162 nr annpurna so aundh pune 42  1007  greater bombay  pune  mh,0.7561,38,approx_name_match
S1-301778578,east developers private limited,plot 53  upper ground floor  block t extention  uttam nagar  new delhi  west delhi  delhi,India,S3-724493936,east developers private limited,tola utari singhwara darbhanga  patna  darbhanga,0.85,9,same_name_different_addr
S1-301875055,indian global limited,59 t block bhavani hbcs  sree complex  kathragupa  bangalore south  bangalore  karnataka,India,S3-565530318,indian global limited,no 195 sn 1204  1 42 kamla arcade j m road  pune,0.79,14,same_name_different_addr
S1-302593292,ram business private limited,1a raja subodh mullick squarethird floor  kolkata  calcutta  west bengal,India,S3-224178722,ram business private limited,,0.85,17,same_name_different_addr
S1-30383959,smart engineering private limited,g 3  black diamond chs ltd   khar danda road near bank of indiadand pada khar  w   mumbai  maharashtra,India,S2-142979847,smart engineering private ltd,sf 9  city square opp  science city road  sola  ahmedabad,0.7719,42,approx_name_match
S1-30385270,credential care pvt ltd,102 12  first floor  veeraraj complex  kamaraj bazzar  bodinayakanur  theni  tamil nadu,India,S2-967079696,credential care pvt ltd,,0.79,20,same_name_different_addr
S1-304646003,global industries pvt ltd,flat no  301  ayyappa towers  vi   phase  hig plot nos  163  164   165  kphb  kukatpally  hyderabad  telangana,India,S3-91397085,global industries pvt ltd,no 46 c o mrityunjoy ghosh boso dhaniakhali hooghly  hooghly,0.856,9,same_name_different_addr
S1-305306065,great foundation private limited,office no  312  raheja plaza premises chs  mumbai  maharashtra,India,S3-512203559,great foundation private limited,orbit  plot no 30c  part of sy no 83 1  shaikpet  hyderabad  tg,0.8575,6,same_name_different_addr
S1-306039209,huzurabad biochem pvt  ltd,2 74  karim nagar  telangana  huzurabad  kanukulagidda,India,S2-967243654,huzurabad biochem ventures pvt,2 79  kanukulagidda  huzurabad  telangana,0.6714,60,approx_name_match
S1-306305139,great builders llp,w o kaushal  bikaner  rajasthan  b 5 26 sudershana nagar  bikaner,India,S3-285148132,great builders pharmacy l l p,no 33 w o kaushal  b 5 26 sudershana nagar  bikaner  rj,0.8497,6,approx_name_match
S1-306320411,neptune importers pvt ltd,mr chetan saini  s o   gyan singh saini 179 d  3rd floor  khikri  malviya nagar  new delhi  south delhi  delhi,India,S2-293281291,neptune centreprivate pvt  ltd,13 mr chetan saini  s o   gyan singh saini 179 d  3rd floor  khikri  malviya nagar  new delhi  delhi,0.7463,20,approx_name_match
S1-307795581,ipk energy private limited,lmcpl  57 1a  1st floor  unit 72  devarabisanahalli junction  outer ring road  bellandur pos  t  bangalore  karnataka,India,S3-454405702,ipk  energy private limited,202 a interface 8 a heights palm court com link road magad  w  mumbai city  mumbai,0.7625,31,approx_name_match
S1-307963555,all builders private limited,plot no 199  200  aakruthi lake view township  ghanapur  hyd  k v rangareddy  telangana,India,S3-169902187,all builders private limited,a 30  mumbai city  mumbai,0.85,39,same_name_different_addr
S1-308072316,safe collective private limited,greens maple  f1004 opp pud umjee paper mill thergaon  pimpri  pune  maharashtra,India,S3-676235945,kites college pr vate limited,greens mapple f 1004  opp pud umjee paper mill  pune city  pune,0.5432,4,approx_name_match
S1-309617466,ventures gandhar minerals private limited,flat no 140 4th floor blk j sector 16 rohini ph 2 near sarder colony  rohini  north delhi  delhi,India,S3-306455206,ventures gandhar tradex private limited,flat no 143 4th floor blk j sector 16 rohini ph 2 near sarder colony  rohini  north delhi  dl,0.8302,8,approx_name_match
S1-310756888,jain products private limited,401  akshar stadia  beside pinewood hotel b h patel avenue  off sg highway  bodakev  ahmedabad  gujarat,India,S3-778234365,jain products private limited,c o bhupendra ratansi bhatia  bombay,0.79,45,same_name_different_addr
S1-31076532,kudos brothers bangalore north,no 536  amarjothi layout  100 feet  bangalore north  bangalore  karnataka,India,S2-678233220,kudos brothers bangalore n rth overseas,h no 539   amarjothi layout  100 feet  bangalore north  karnataka,0.7592,35,approx_name_match
S1-311342747,shakti power private limited,maharashtra  karvir  rs no 710 a 4 711 4  pl no 29 vishvachanra apt  kolhapur,India,S2-682564993,shakti power private ltd,s 4 suyojit modern point  plot no 218 opp  police parade ground  sharanpur roa  d  nashik  maharashtra,0.7789,11,approx_name_match
S1-31143250,solutions abhyudaya metals co,fl 305  tulsi sapphire chs  pl b 1a  sec 8  ulwe  panvel  raigarh mh   maharashtra,India,S3-295898376,solutions abhyudaya metals co,b3 40 5  kolkata  howrah,0.85,22,same_name_different_addr
S1-311547245,sai ventures limited,i 12  dsidc industrial co  rohtak road  nangloi  new delhi  west delhi  delhi,India,S2-713108550,sai ventures limited,plot no 4 4 b 1  kangasiyali chokdi kothariya solvent  nr  a n  gym  rajkot gondal highway  rajkot,0.85,14,same_name_different_addr
S1-312058598,primus marketing,off no 710 city tower abc to 208 f  pno 188 a tp scheme cts no 14  114  2 boat club r  oad  pune  maharashtra,India,S2-134474260,primus marketing pvt ltd,off no 710 city tower abc to 208 f  pno 188 a tp scheme cts no 17    114  2 boat club r  oad  pune  maharashtra,0.9567,47,approx_name_match
S1-312458078,singh public school,p no  205  flat no  b  04  krishna heights rajved  huzur  bhopal  madhya pradesh,India,S3-540396311,shri singh public school pvt ltd,p no    214  flat no  b  04  krishna heights rajved  huzur  bhopal  mp,0.8103,10,approx_name_match
S1-312499034,urban food private limited,survey no  9 amudagondapally village baglur berikai road  hosur taluk  hosur  krishnagiri  dharmapuri  tamil nadu,India,S3-423544366,urban food private limited,shanti nagar  bhagath nagar shanti nagar  karimnagar           h no 08 3 84 sharada nilayam,0.8562,29,same_name_different_addr
S1-312519376,uppal enterprises private limited,plot no 32  survey no 174  phase iii  cherlapally ia  uppal  hyderabad  telangana,India,S2-908951092,uppal private  group enterprises limited,plot no 35  survey no 174  phase iii  cherlapally ia  uppal  telangana,0.846,47,approx_name_match
S1-313170461,apf pharmaceuticals private limited,c o rajesh kumar sharma  flat no  6 sanatan mistrilane  oriapara  2nd floor  howrah  west bengal,India,S3-864719559,apf financial private limited,73 c o rajesh kumar sharma  howrah,0.5999,17,approx_name_match
S1-314221623,baba developers private limited,3 301 veer mahal chs  dr  ambedkar road  opp  bharatmata cinema  lalbaug  lower parel  mumbai  mumbai city  maharashtra,India,S2-267475970,baba developers private limited,hn 401 green villa no 12  1st a main beml township road  g m palya  new thipp  asandra,0.7944,24,same_name_different_addr
S1-314714703,vrisa agro private limited,kendujhar town  orissa  pabitradiha keonjhar  kendujhar  c o sri amit kumar singh,India,S3-267912594,vrisa jewellery private limited,hn 859 22  kolkata  howrah  wb,0.5779,25,approx_name_match
S1-314843281,ea shields pvt ltd,m v square  no 4 14  soundarapandian street  ashok nagar  chennai city corporation  chennai  tamil nadu,India,S2-831813646,ea shields pvt  ltd,609   arawali heights  adarsh  girwa,0.7847,6,approx_name_match
S1-316001378,hari foods limited,h  no 570  c  chordhe  murud  raigarh mh   maharashtra,India,S2-251349914,hari foods,c o sou  chhabubai kamthe  s  no  40 3 ambegaon bk  haveli  maharashtra,0.7584,12,approx_name_match
S1-316828829,universal agro,11 60  pm palem  aphb col  madhurawada  visakhapatnam  rural   visakhapatnam  vishakhapatnam  andhra pradesh,India,S3-959332410,universalagro,h no 401  p p r lakeview residency kukatpally  hyderabad,0.755,12,approx_name_match
S1-317497520,sriperumbudur ventures limited,plot no 22  3rd street  annai abirami nagar  koluthuvancherry  iyyappanthangal  tamil nadu  sriperumbudur  kanchipuram  tamil nadu,India,S2-230242848,sriperumbudur ventures overseas limited,no 4 24  3rd street  annai abirami nagar  koluthuvancherry  iyyappanthangal  tamil nadu  sriperumbudur  tamil nadu,0.8801,65,approx_name_match
S1-317731126,study services private limited,sector 29  noida  noida  1283  gautam buddha nagar  uttar pradesh,India,S3-670155562,study services public limited,noida,0.6333,52,approx_name_match
S1-31923142,mount park,plot no 671  neulpur  chandikhole  jajpur  orissa,India,S2-382960200,modline fertilizer ltd,plot no 671  neulpur  chandikhole  orissa,0.5306,8,approx_name_match
S1-32026644,vrindavan management private limited,d no 2 2 135  p no3 4 503  sai mahati residency  tirumalagiri  hyderabad  telangana,India,S2-359153924,vrindavan management holdings private ltd,2 2 148   p no3 4 503  sai mahati residency  tirumalagiri  telangana,0.8469,52,approx_name_match
S1-320672534,osl shipping pvt ltd,sco no 30  second floor  sector 55  cabin 4  phase 1  s a s nagar  mohali   rupnagar  punjab,India,S3-340295010,osl osl shipping exports  pvt,block a 205 sco no 34  second floor  sector 55  cabin 4  phase 1  s a s nagar  mohali   s a s nagar  pb,0.8114,21,approx_name_match
S1-32072514,rooptech indian llp,thane  f24 the affaires  plot no 9 sanpada  thane  maharashtra,India,S2-266439403,rooptoch llp services,f24 the affaires  plot no 9 sanpada  thane  maharashtra,0.7082,53,approx_name_match
S1-321549307,shiv investment private limited,plot no  12 hissa no  8 survey no 6 saravali village  bhiwandi  thane  maharashtra,India,S3-698999329,shiv investment  private limited,no   901  winga  floor no 9  park side 1 raheja estate  kulupwadi  borivali  e   mumbai city  mumbai,0.8397,38,approx_name_match
S1-322918339,innovative properties limited,pt  6  7  8  9   10  sy 55 millennium sqare building  gachibowli kondapur  hyderabad  telangana,India,S3-447922222,innovative properties,imt manesar nr neel metal products ltd  village bas kusla  manesar,0.7515,27,approx_name_match
S1-323689444,sxd technocrats limited,unit no 5  plot no 7  gf  mohan sadan  lsc block bh  delhi  north west delhi  delhi,India,S3-23808020,sxd technocrats llp,unit no g 9  north west delhi  dl,0.7979,9,approx_name_match
S1-323784182,numero  india  ventures private limited,flat no 208  2nd floor  block a  type 2bhk  gangotree green  ps airfield  bhubaneswar  khordha  orissa,India,S2-406582249,numero  ndla  ads private limited,h no 210   2nd floor  block a  type 2bhk  gangotree green  ps airfield  bhubaneswar  orissa,0.7205,78,approx_name_match
S1-324511556,everlike financiers pvt ltd,3599b plot no 23 ff office no f 21 top imperi sangamner  ahmednagar  maharashtra,India,S2-258758765,everlike financiers infratech pvt,3600b plot no 23 ff office no f 21 top imperi sangamner  ahmednagar  maharashtra,0.8891,42,approx_name_match
S1-324762657,jain consultancy limited,183  first floor f 3  thirukural munusamy street  panneer nagar  mogappair west  mogappair  chennai  tamil nadu,India,S2-723522782,jain consultancy limited,h no 215 220 kalbadevi roadabhinandan market 4th floor  mumbai,0.7962,45,same_name_different_addr
S1-32481488,silver food private limited,delhi  9a 29  wea  ground floor pusa road  karol bagh  new dellhi  central delhi,India,S3-747690742,silver food private limited,,0.85,10,same_name_different_addr
S1-328042830,shree healthcare private limited,h no 12 2 709 c 145  padmanabhanagar  mehdipatnam  hyderabad 28   hyderabad  telangana,India,S2-744782726,shree healthcare private limited,,0.85,21,same_name_different_addr
S1-328180587,new delhi environment private limited,south delhi  135 a gautam nagar  delhi  new delhi,India,S3-893353509,new delhi environment private limited,west delhi  b a 10  dl  new delhi,0.8909,1,same_name_different_addr
S1-328184570,al technologies private limited,c o nanhe lal gangwar bye pass road near block nawabganj  nawabganj  bareilly  uttar pradesh,India,S2-546863430,india  guru technologies private limited,c o tejendra k  gangwar  amrita khas pilibheet  pilibhit  bisalpur  uttar pradesh,0.624,26,approx_name_match
S1-32842714,services veda studio private limited,tulsi apartmenbt flat no1warmali road vishrambag  sangali  sangli  maharashtra,India,S2-897707671,services veda studio infratech private limited,tulsi apartmenbt flat no22warmali road vishrambag  sangali  maharashtra,0.8737,1,approx_name_match
S1-328918974,monika trading private limited,flat no  303  laxmi residency opp  madhav dispensary  lalitpur colony  gwalior  madhya pradesh,India,S2-992147810,monika trading  infratech private,no 14   laxmi residency opp  madhav dispensary  lalitpur colony  gwalior  madhya pradesh,0.8597,35,approx_name_match
S1-329196433,gujarat properties private limited,elagaan biztech labs 1st flr 19 k n g reddy layout arekere mico layout  bannerghatta road  bangalore  karnataka,India,S3-938072653,gujarat properties private ltd,p k building 18 1521 c  calicut  kozhikode,0.7734,49,approx_name_match
S1-329368725,uvs retails limited,a 504  maharashtra  mumbai  chaitanya towers appa saheb marathe marg  prabhadevi  mumbai city,India,S2-566191719,uvs retails infratech limited,block c 959  a 508  chaitanya towers appa saheb marathe marg  prabhadevi  mumbai  maharashtra,0.8321,26,approx_name_match
S1-330396368,fortune products pvt ltd,c o subhankar sarkar  government colony  raghunathganj   i  murshidabad  west bengal,India,S3-207159765,fortune products ltd,house no 26 e 186  darjeeling  siliguri  wb,0.742,29,approx_name_match
S1-330726974,silver foundation,704  7th floor b wing  ramdav paradise  indralok  thane  maharashtra,India,S3-475305123,silver foundation,silver arck 1s floor officeno 11 gondal road nr malaviya petrol pump  null  rajkot,0.7965,10,same_name_different_addr
S1-332068461,construction bindal construction pvt ltd,central delhi  delhi  gandhi gali  fatehpuri  73 39 first floor ishwar market  delhi,India,S3-154202974,construction bindal construction enterprises pvt,no 73 40 first floor ishwar market  delhi  central delhi  dl,0.8279,41,approx_name_match
S1-332253627,sen engineers private limited,kekri  dorai ka rasta kajipura  ajmer  c o rajmal tirupati nagar  rajasthan,India,S3-794624652,sen engineers public limited,no 40 c o rajmal tirupati nagar  ajmer  kekri  rj,0.8062,98,approx_name_match
S1-332344423,east construction private limited,unit no  1201  b wing  12th floor  the capital  plot c 70  g block  bkc  bandra  mumbai  maharashtra,India,S3-250023753,east construction private limited,thrissur  keralam  10 37 117  thrissur,0.85,4,same_name_different_addr
S1-332610120,sandeep software,h no 1 naveen colony beside aadarsh school goshainganj  ayodhya faizabad  faizabad  uttar pradesh,India,S3-466672903,software sandeep holdings,door no 12 naveen colony beside aadarsh school goshainganj  ayodhya faizabad  faizabad,0.6924,1,approx_name_match
S1-332938268,eway enterprises center,kolkata  calcutta  west bengal  1 gupta lane,India,S2-49609181,eway enterprises center overseas,22 gupta lane  kolkata  west bengal,0.832,33,approx_name_match
S1-333162949,smart vinimay llp,gut no  115 6  at ranjankhol  post tilaknagar  tal rahata  dist ahmednagar  shrirampur  ahmednagar  maharashtra,India,S2-98426653,smart vinimay,h n  213  koulage tal kagal  kolhapur  maharashtra,0.7785,4,approx_name_match
S1-333342364,ram foundation pvt ltd,maharashtra  worli  mumbai city  23 45  b d d chawl  ganpat jadhav marg,India,S3-229433569,ram foundation pvt ltd,,0.85,14,same_name_different_addr
S1-334274033,om estate private limited,117 1  near mahajan wadi  shrirampur   ahmed nagar  maharashtra,India,S3-550191400,om  estate private limited,raigarh mh   mh  h  no  9 2070,0.7505,13,approx_name_match
S1-334432341,tindivanam sai private limited,no 33  ground floor third cross  jayapuram  tindivanam  villupuram  tamil nadu,India,S2-824919242,tindivanam  india  pr vate limited,tamil nadu  no  71  govt kinaru street  tindivanam,0.5907,3,approx_name_match
S1-33462641,vijay hospitality private limited,ii floor  hs 1 6  sector a  sitapur road sch  aliganj  lucknow  uttar pradesh,India,S3-280737367,vijay hospitality  private limited,block a 0726 house  148  null  jhansi  babina cantonm  up,0.8415,11,approx_name_match
S1-334714523,tanvi finance,h no 1447 e 184 behind  lalganj police station  nagpur  maharashtra,India,S2-195989161,tanvi finance overseas,h no 1447 e 195 behind  lalganj police station  nagpur  maharashtra,0.891,79,approx_name_match
S1-334781520,krishna lakshmi properties private limited,ravindra corp compound13 3 pishivli kalyan  thane  maharashtra,India,S3-104578944,krishna lakshmi properties limited,ravindra corp compound13 8 pishivli kalyan  thane,0.896,1,approx_name_match
S1-335123164,jpl cosmetics limited,flat no  1402  dheeraj gaurav heights chsl  andheri link road  andheri  west   mumbai  mumbai city  maharashtra,India,S2-620526376,mr jpl cosmetics private limited,maharashtra  flat no  1403  dheeraj gaurav heights chsl  andheri link road  andheri  west   mumbai,0.8135,17,approx_name_match
S1-335442491,galaxy hospitality private limited,sy 11 krishe emerald serilingampally mandal  kondapur  hyderabad  rangareddy  telangana,India,S3-332117113,galaxy hospitality  private limited,sanjay kumar gupta s o kedar nath gupta r o pratap enclave wazir ganj  n a  shahajahanpur  shahjahanpur,0.8354,10,approx_name_match
S1-336038258,apex institute of technology limited,thane  shelton shape  sec 15 cbd belapur mumbai  maharashtra  thane  104 a wing,India,S2-484665391,apex institute of technology,hira moti building gajdhar bandh road santacruz w   mumbai  maharashtra,0.7803,3,approx_name_match
S1-336373152,lg ship private limited,w 5 19 western avenue sainik farms  new delhi  south delhi  delhi,India,S3-579412544,lg finvest private limited,flat no 01  h no 1 98 3 f 4 suvarna kuteer  madhapur  sherlingampall  y ghmc  rangareddy  tg,0.573,61,approx_name_match
S1-337104617,delhi express limited,plot no  16  floor ground  block d  g t karnal road  landmark na  sma indl area  delhi  north west delhi  delhi,India,S2-265322729,delhi express private ltd,hn 562 house no 679  khasra no 680  ground floor a block  baba colony  burari  delhi  delhi  delhi,0.7623,33,approx_name_match
S1-337623990,deli seva samiti,indore  indore g p 44 45  gopal  bag colony  manikbag road  madhya pradesh,India,S2-741450555,deli seva samiti holdings,indore g p 0044 50  gopal  bag colony  manikbag road  indore  madhya pradesh,0.9034,13,approx_name_match
S1-337800426,real energy private limited,no 68 2  gunjur palya  bangalore north  bangalore  karnataka,India,S3-128992690,real energy private limited,block b 944 h no   172  moh   bankva  tehsil   bansd ballia  ballia,0.8583,18,same_name_different_addr
S1-338264947,sai business limited,b401  ukn interlaken  gururaja layout  bangalore north  bangalore  karnataka,India,S2-617334430,sai business holdings,door no 309   16th cross sadashivanagar  karnataka,0.7328,43,approx_name_match
S1-338550926,pitamber advisors,1605purvankara palm beach  bangalore east ceo center  bangalore north  bangalore  karnataka,India,S2-57855170,pitamber holdings  dvisors,h no 1616purvankara  palm beach  bangalore east ceo center  bangalore north  karnataka,0.6692,22,approx_name_match
S1-33864078,life power private limited,b2 402 apeksha chs ltd sundervan complex lokhandwala road andheri west  mumbai  mumbai city  maharashtra,India,S3-366529683,life power  private limited,,0.8309,35,approx_name_match
S1-339064724,enaar systems private limited,anand swroop near truck union siyana road  aurangabad  bulandshahr  uttar pradesh,India,S2-540836476,shyam private limited  center,uttar pradesh  438  village ravani kateri  bulandshahr  siyana  siyana,0.5456,51,approx_name_match
S1-339276563,southern ventures,no 173  ngn street new siddhapudur  gandhipuram  coimbatore  tamil nadu,India,S3-478851414,southern ventures,h no 05 9 22 35   35a  hyderabad,0.8588,14,same_name_different_addr
S1-339738711,bn sansar llp,office no  213  2nd floor  century centre  kanta stree vikas gruh road  rajkot  gujarat,India,S2-432762108,8n sansar ventures llp,rajkot  office no  217  rajkot  gujarat,0.6047,38,approx_name_match
S1-33993870,jai advisors,new delhi  9chanderlok lok enclave pitampura  north delhi  delhi,India,S3-687544304,jai advisors,,0.85,3,same_name_different_addr
S1-340122967,maa trading private limited,989 6   g i d c  makarpura  vadodara  gujarat,India,S2-306454436,maa trading exports private ltd,989 10 3   g i d c  makarpura  vadodara,0.784,39,approx_name_match
S1-340606970,zyd kripa,bagichha sahi  mali sahi  boudhnagar nac  boudh  orissa,India,S3-291385558,zy  kripa,no 96 bagichha sahi  mali sahi  boudhnagar nac  boudh  orissa,0.7519,32,approx_name_match
S1-342042795,international hospitality private limited,14th floor  tower 5b dlf epitome dlf cyber city phase 3  gurugram  gurgaon  haryana,India,S2-595544907,international hospitality private ltd,,0.7695,12,approx_name_match
S1-34314482,taransh hill limited,s no  157  jivan nagar  nr pinaka hotel  tathwade  pune city  pune  maharashtra,India,S2-941203828,taransh fabrocs private limited,m s udyog prerna  c o atu  near perfect fitness club  pune city  maharashtra,0.5788,70,approx_name_match
S1-343553512,mumbai precast ltd,vilco centre  114 e  4th floor  subhash road  opp  garware  vile parle east  mumbai  maharashtra,India,S3-416416092,mumbai llp infratech education,door no 67 a wing  third floor  vilco  centre  subhash rd  mumbai,0.5407,33,approx_name_match
S1-343695796,unicus shoe private limited,plot no 1632 15509  khatan  no 1330 10531  pandra  bhubaneswar  khordha  orissa,India,S2-798692650,tsi private shoe limited,maharashtra  office premises no   708  7th floor  d wing  neelkanth business park  vidyavihar  wes  t   mumbai,0.5888,97,approx_name_match
S1-344161176,bharat power,bulandshahr  ushmanpur road  naveen mandi  khurja  uttar pradesh,India,S3-5209204,bharat power,,0.85,8,same_name_different_addr
S1-345156737,infrastructure satpuda bajrang pvt ltd,802  gulmohar heights  samarth ramdas marg  juhu shopping centre  juhu  vile parle    west   mumbai  mumbai city  maharashtra,India,S2-344922696,infrastructure satpuda bajrang pvt  ltd,no 713 201  alexandra house  5  k n marg  gamdevi  maharashtra,0.7999,32,approx_name_match
S1-345275093,high logistics private limited,mumbai  maharashtra  4 j a allana roadallana house colaba  mumbai,India,S3-775516040,high logistics private ltd,h no 8 3 228 105  hyderabad,0.7599,27,approx_name_match
S1-345319752,sk finance private limited,abhangganrajnagar  behindgurudwara  buldhana  maharashtra,India,S2-56118277,limited sk finance holdings services,maharashtra  buldhana  no 20 abhangganrajnagar  buldhana,0.7101,19,approx_name_match
S1-346143154,sun hospitality private limited,no 744  c 2 block bda flats  bangalore north  bangalore  karnataka,India,S2-59203642,sun hospitality  private limited,5  mustafabad  chhatrapati sambhajinagar  aurangabad,0.774,11,approx_name_match
S1-346144137,premier real pvt ltd,no 382  2nd street extn  lakshmanan nagar  coimbatore south  coimbatore  tamil nadu,India,S3-90991327,m s premier real l l p,no 393  2nd street extn  lakshmanan nagar  coimbatore south  senjerimalaiad  tn,0.7502,22,approx_name_match
S1-346224939,kcs nursing home,epip  bengaluru  bangalore  38 40  karnataka  bengaluru,India,S3-149493128,kcs nursing home exports,38 41  bengaluru hq region  bengaluru,0.7422,43,approx_name_match
S1-347169604,lakshmi   co,01 shahji ka bagicha  near bus stand kuchaman city  nawacity  nagaur  rajasthan,India,S2-316848205,lakshmi co,3rd floor  8f  topsia  1st lane  lp 95 1 10 6 2  topsia,0.7733,58,approx_name_match
S1-347363974,kolkata products private limited,p 36 india exchange place4th floor r no 51d  kolkata  calcutta  west bengal,India,S2-648139672,kolkata products,h no 531 krishna building  suite no  1001  1002  224  a j c  bose road  10th floor  kolkata  park circus  kolkata  west bengal,0.7581,20,approx_name_match
S1-347771430,east developers private limited,1388  sector  b  pocket  i  vasant kunj  south delhi  delhi,India,S3-724493936,east developers private limited,tola utari singhwara darbhanga  patna  darbhanga,0.79,23,same_name_different_addr
S1-348822656,raghav engines llp,s no 243  k i d compound  poman  palghar  vasai  thane  maharashtra,India,S2-28619106,raghav engines exports,s no 250  k i d compound  poman  palghar  vasai  maharashtra,0.877,20,approx_name_match
S1-348955230,vision producer private limited,103  azelia  prestige residency  waghbil naka  ghodbundar road  thane  maharashtra,India,S3-647633262,vision producer private limited,door no   42  karnal alpha intl city,0.79,22,same_name_different_addr
S1-349841865,singrauli technology private limited,circuit house road  singrauli  sidhi  madhya pradesh,India,S2-553708534,singrauli industries,house no  65  lig packhora  waidhan  singrauli  madhya pradesh,0.72,22,approx_name_match
S1-350576658,my investments,kuppam engineering collge mallanur cross  peddabangarunatham  kuppam  chittoor  andhra pradesh,India,S3-961120297,my investments,samanta vihar chandrasekhar pur  orissa  plot no m 43  bhubaneswar  khordha,0.85,28,same_name_different_addr
S1-350774462,sjb do private limited,p no 41 sahajanand society kothrud  pune  maharashtra,India,S3-948055374,sjb  learning privaet limited,pune  mh  pune  door no a 676 p no 54 sahajanand society kothrud,0.6261,22,approx_name_match
S1-35138738,shakti projects private limited,no 9  2nd street  karpagam avenue r a  puram  chennai  tamil nadu,India,S3-450139015,shakti projects private limited,277 35 614 599 35 614 599 chowdeshwari layout yelahanka  bangalore,0.79,10,same_name_different_addr
S1-351732638,east hospitality llp,pune  a 303  pune  kapil abhijat  near cummnis  dahanukar colony  s 30 1a 1  kothrud  maharashtra,India,S2-454254506,east hospitality ltd,,0.7625,17,approx_name_match
S1-351764593,ghaziabad capital limited,tower 17  ahinsha khand 1  ats advantage  indirapuram  ghaziabad  uttar pradesh  ghaziabad  192,India,S2-861200790,ghaziabad capital llp,uttar pradesh  plot 58 193  tower 17  ahinsha khand 1  ats advantage  indirapuram  ghaziabad,0.9099,31,approx_name_match
S1-352174148,smart global private limited,udupi  narayaneeyam  moodahadu village yedabettu  sasthana  karnataka  udupi  1 145,India,S3-194227336,smart global public limited,door no 488 1 148  narayaneeyam  moodahadu village yedabettu  sasthana   null   ka,0.7898,21,approx_name_match
S1-352846174,laxmi infra private limited,plot no 16 gaurabagh  lucknow  uttar pradesh,India,S2-759123628,laxmi  infra private limited,udhavrao bajirao andhale  h no a 282 nath nagar  ptd  tal  pathardi  dist  a  nagar  pathardi,0.8284,10,approx_name_match
S1-353400368,sky hospital,3a 53  vishnu garden near bhatt sahab road  new delhi  north delhi  delhi,India,S2-434511860,sky hospital enterprises,delhi  3a 60  vishnu garden near bhatt sahab road  new delhi,0.9025,1,approx_name_match
S1-353775955,sumati global ltd,shop no 26  m g marg  shiv colony  pnb bank  safidon  jind  haryana,India,S3-567048842,sumati  global ltd,c o aktarujjaman molla  vill barat kamdebpur  magrahat   ii  south 24 parganas,0.8239,25,approx_name_match
S1-353901128,green trading private limited,507 royal ensign  a 6  prithvi raj road c scheme  jaipur  rajasthan  jaipur,India,S2-944127125,green trading  private limited,h no 17 sno 17 a 17 b 22 2 1d 22 2 1a 1   nrashik nashik nashik  m corp    nashik,0.7786,27,approx_name_match
S1-354071106,gold engineering,20 3 a  sahapur colony  block j  kolkata  kolkata  howrah  west bengal,India,S3-653917589,goldengineering,sr no  12 c bld flat no  pune,0.7556,10,approx_name_match
S1-355114180,solutions aero solutions partners,4 netaji subhas road 1st flr  kolkata  calcutta  west bengal,India,S2-494571963,solutions aero solutions partners holdings,door no 8 netaji subhas road 1st flr  kolkata,0.8131,21,approx_name_match
S1-356831357,sir swayam private limited,hotelmaljikakamrajain market  churu  rajasthan,India,S3-607833225,sir swayam industries private,no   27 hotelmaljikakamajain market  churu  rj,0.7453,88,approx_name_match
S1-35718458,jai advisors,4405 1  basement 5  ansari road  darya ganj  new delhi  central delhi  delhi,India,S2-46581289,jai advisors advisors ventures,4405 8  basement 5  ansari road  darya ganj  new delhi,0.8101,12,approx_name_match
S1-357189779,sunny services ltd,c ovijay prakash yadav pn  yadav sarvodaya nagar  sadar  gorakhpur  uttar pradesh,India,S3-936183132,sunny services asoiatgs,616 c   408  ground floor  indira nagar  lucknow  up,0.7008,34,approx_name_match
S1-357276001,sparsh education private limited,2189 shadi khampurwest patel nagar  new delhi  central delhi  delhi,India,S2-935764658,private 5parsh education group limited,shadi khampurwest patel nagar  new delhi  central delhi  delhi,0.6887,66,approx_name_match
S1-357634337,smart power private limited,2 4  israel mohalla  office   103  humera arcade samuel street  khoja galli  mumbai  mumbai city  maharashtra,India,S3-597254654,smart power private limited,block g 281 at post pangarital  barshi  pangari dist solapur  solapur  mh,0.79,45,same_name_different_addr
S1-358292408,kahlon blossom private limited,47  12th cross  bharathiyar road r s palaya  bangalore  karnataka,India,S2-891620435,shri kahlon blossom overseas private limited,g 48  12th cross  bharathiyar road r s palaya  karnataka,0.7502,70,approx_name_match
S1-359048512,kandivali west services,a 103 anshul heights off link road extn  nr vasant complex khandivali west mumbai  kandivali west  mumbai  maharashtra,India,S2-118699935,kandivaliwest,a g 1301 shiv shrushti chs ltd  mahavir nagar  link rd  abv nexa showroom  kandivali west  maharashtra,0.7751,20,approx_name_match
S1-360426827,naval brothers pvt ltd,bg 303 sanjay gandhi transport nagar  new delhi  north delhi  delhi,India,S3-281350579,naval brothers overseas pvt ltd,bg 304 sanjay gandhi transport nagar  north delhi  new delhi  dl,0.8726,30,approx_name_match
S1-360701087,wonder ships center,c o shivamadaiah   72  anekal  bangalore  karnataka,India,S2-590099027,wonder sfcheps  center infratech,karnataka  h no   49 c o shivamadaiah   72  anekal,0.6883,43,approx_name_match
S1-361418621,bonanza advisors,10 11 phulwari apartmentsshahu college road opp state bank colony no 2  sahakarnagar pune  pune  maharashtra,India,S3-498266635,bonanza advisors enterprises,10 32 phulwari apartmentsshahu college road opp state bank colony no 2  mumbai  sahakarnagar pune  mh,0.8606,45,approx_name_match
S1-361421905,indian care private limited,a p h no 105 barloni tal  madha  solapur  maharashtra,India,S2-46372252,indian care,g no  472  r  nagar  tal  khed  dhore bhamburw  pune  maharashtra,0.7502,8,approx_name_match
S1-361734445,vinita   sons pvt ltd,gat no 118 1  dhanore  tal khed dist pune  pune  maharashtra,India,S2-546465098,vinita   s ns ventures pvt ltd,gat no 118 1  dhanore  tal khed dist pune  maharashtra,0.8015,32,approx_name_match
S1-362537274,best services pvt ltd,pottankal  thondiyil p o peravoor  thalassery  kannur  kerala,India,S2-668658033,best services ltd,bbc pada bhawanipatna  kalahandi,0.7325,24,approx_name_match
S1-362947480,all infotech private limited,k 7  dera mandi road  mehrauli  new delhi  delhi,India,S2-755976607,all infotech private limited,old no  15   new no  14  subbarayan street  stuartpet  arakkonam,0.8594,9,same_name_different_addr
S1-362996258,white hospitality private limited,b101  walnut block  prince  greenwoods  66 vanagaram  ambattur  tiruvallur  tamil nadu,India,S3-234673897,white hospitality private limited,door no 239 74  patna  anchal  naubatpur,0.85,82,same_name_different_addr
S1-363354580,seaview  india  producer private limited,bose road  lucknow  10 c  uttar pradesh  lucknow,India,S2-576291909,seaview  india  producer holdings private,14 c  bose road  lucknow,0.7835,27,approx_name_match
S1-363878875,maa constructions private limited,office no 137  1st floor  sunrise chamber  minibazar  surat city  surat  gujarat,India,S3-537138840,maa constructions private ltd,,0.7639,24,approx_name_match
S1-363999149,alpha global private limited,pardhan enclave village  delhi  1st floor gali no 1 blk d  north delhi,India,S2-623884724,alpha global private limited,a 314  patparganj indl area  esat delhi  delhi,0.8583,25,same_name_different_addr
S1-364138296,silver developers pvt ltd,house no 33  block b vani  elite homes deori p o  lucknow  uttar pradesh,India,S2-292751431,silver developers  pvt ltd,b2 2002   mapsko casa bella  sec 82  narsinghpur,0.8382,14,approx_name_match
S1-365623931,pioneer software private limited,mf 3  silver spring swastik society  navrangpura  ahmedabad  gujarat,India,S2-218783737,pioneer software private limited,plot no  55 aero space hi  tech defense   aero space  hoskote,0.85,43,same_name_different_addr
S1-36814156,qxc consulting private limited,c o  chabilal yadav  dhashka kauriram  bansgaon  gorakhpur  uttar pradesh,India,S3-575591700,qxc consulting overseas limited  services,bansgaon                66 c o  chabilal yadav  gorakhpur,0.7015,37,approx_name_match
S1-368328562,ram foundation private limited,coimbatore  school street  chinnavedampatti  no  9 3 a  tamil nadu,India,S3-67470575,ram foundation private limited,h  no    24  village dundahera tehsil gurgaon  gurgaon,0.8594,52,same_name_different_addr
S1-368508454,gujarat engineering pvt ltd,door no 37 2017 2   old no 11 793  saketh  palliyil lane  kailas nagar  kottappuram  poothole p o  thrissur  kerala,India,S2-657295370,gujarat engineering private ltd,door no 20 66 1  2nd floor  kvm arcade building  mukundapuram taluk  kerala,0.7668,55,approx_name_match
S1-368519333,ibrahim shield pvt  ltd,f 103  chheda complex co op hsg ltd  station road  nalasopara  w   nalasopara  thane  maharashtra,India,S2-731785368,ibrahim group pvt  ltd  center,f 105  chheda complex co op hsg ltd  station road  nalasopara  w   nalasopara,0.7188,54,approx_name_match
S1-368700171,urban properties limited,office no  806  08th floor vinayak plaza  tower a  maldahiya  varanasi  uttar pradesh,India,S3-207880146,urban properties,room no   15  1st floor  198 shantibhuvan  kalbadevi road  mumbai,0.7589,45,approx_name_match
S1-368844152,guru logistics pvt ltd,b 363 new friends colony  new delhi  south delhi  delhi,India,S2-783038386,guru logistics private limited,ii nd floor  office no  5  m m plaza  c 76 hari nagar  clock tower  new delhi   null   delhi,0.7541,10,approx_name_match
S1-369481966,abd labs private limited,m 164  delhi  laxmi nagar  east delhi  delhi,India,S3-470963236,abd labs group piivrate limited,atdlhi  dl  m g 165  east delhi,0.6524,33,approx_name_match
S1-369485192,bhaskar   brothers public limited,plot no  c02  sector 49  noida  gautam buddha nagar  uttar pradesh,India,S3-603552027,bhaskar   brothers llp,no 8 plot no  c02  sector 49  noida  gautam buddha nagar,0.8663,10,approx_name_match
S1-370304222,om food private limited,junagadh  dream land on hill  junagadh  c o amitbhai adatiya gir farm  opp kachchi bhavan  rupayatan rd  gujarat,India,S3-90383593,om  food private limited,7 1 212 a 42 shiv bagh s r nagar  hyderabad  tg,0.7547,32,approx_name_match
S1-372121581,royal builders private limited,no  4   5  100 feet road  banaswadi  kalyanagar  bangalore north  bangalore  karnataka,India,S3-365454980,royal builders private limited,1 98 b 78 4  p no  56  suite   402 newmark house  4th floor  patrika nagar  madhapur  hyderabad  rangareddy,0.8007,26,same_name_different_addr
S1-372391961,good ventures limited,haveri  byadgi  karnataka  no 233 8 1  1st main  kmrp ward  mallur road,India,S3-139080729,good ventures limited,15a kitab mahal  mumbai,0.85,49,same_name_different_addr
S1-372715443,prajapati trust,no 198  heritage county  thindlu main road sarjapur  bangalore  karnataka,India,S2-127391808,prajapati trust public limited,h no 205   heritage county  thindlu main road sarjapur  bangalore,0.8442,17,approx_name_match
S1-373567555,jaisons foods pvt ltd,kh no  18 24 1 ground floor street  harit vihar kamal pur village burari  delhi  north delhi  delhi,India,S2-508129872,jaisons foods ventures pvt,kh no  18 24 6 ground floor street  harit vihar kamal pur village burari  delhi  delhi,0.8718,31,approx_name_match
S1-373613196,fortune it private limited,unit no  802  08th floor  sumer plaza marol maroshi nagar  mumbai  maharashtra,India,S3-235631491,fortune  it private limited,,0.8251,43,approx_name_match
S1-373716668,aarvaksh marbles,c o mustafa a lakkadsha  1r 9  hospital ward kasturba road  chandrapur  maharashtra,India,S2-759596725,aarvaksh marbles pvt ltd,no 79 c o mustafa a lakkadsha  1r 9  hospital ward kasturba road  chandrapur  maharashtra,0.9433,22,approx_name_match
S1-373815289,seagreen seva samiti,c o satish chandra  bypass shikohabad  shikohabad  firozabad  uttar pradesh,India,S3-498640815,seagreen  seva samiti exports limited,no 3 c o satish chandra  bypass shikohabad  shikohabad  firozabad,0.8381,10,approx_name_match
S1-37415378,marketing birla textiles private limited,no 101  1st floor medavakkam main road keelkattalai  chennai  tamil nadu,India,S2-398376142,jaitra elements private  limited,no 9 chelliamman koil street keelkattalai  chennai  tamil nadu,0.5462,76,approx_name_match
S1-374908712,sai energy private limited,487 65  national market  peeragarhi  new delhi  delhi,India,S3-361302908,sai energy private limited,h no 17 iswar chatterjee  road  deshbandhu nagar  north 24 parganas  panihati,0.79,5,same_name_different_addr
S1-377807068,bright brothers private limited,haryana  hissar  hisar  358  bhagat singh chowk barwala,India,S3-722818445,bright brothers private limited,,0.85,13,same_name_different_addr
S1-378231460,city marketing private limited,6 40 2  indira nagar 2  vijayawada  rural   krishna  andhra pradesh,India,S2-327799018,city marketing private limited,plot no nh 2 131 a sub div b  nit 5  faridabad,0.7971,10,same_name_different_addr
S1-378232240,services jhansi farms private limited,a 1462  sector i lda colony  kanpur road  lucknow  uttar pradesh,India,S3-903319181,services jhansi foods  private,a 146  sector i lda colony  kanpur road  lucknow  up,0.7318,64,approx_name_match
S1-37836752,annpurna cards private limited,b 1 279  janakpuri  new delhi  delhi,India,S2-310719705,annpurna products private,b 1 300 9  janhkpuri  delhi,0.6219,46,approx_name_match
S1-378525589,suave traders private limited,flat no   b 202  sr  no   296 4 1  revell orchid  porwal road  pune  maharashtra,India,S3-878767387,suave traders industries private limited,flat no   b 0205  sr  no   296 4 1  revell orchid  porwal road  pune,0.9126,40,approx_name_match
S1-378708865,siwan solutions private limited,mrs  mulak raj devi w o late hareram pandey  siwan  bihar  pihuli  siwan,India,S2-347984409,siwan solutions private limited,c o prabhu nath tiwari  vill tola  darauli  siwan  bihar,0.8737,45,same_name_different_addr
S1-378965587,kailash nirman pvt ltd,c 7 aruna parklakshmi nagar  delhi  east delhi  delhi,India,S2-543375203,kailash nirman exports pvt  ltd,c 10 8 aruna parklakshmi nagar  delhi,0.8328,19,approx_name_match
S1-379903812,zion   brothers private limited,l302  2nd floor  ittinamaha  veer  neeladri road phase1  karnataka  bangalore south  bangalore,India,S3-902667831,zion   brothers overseas private limited,bangalore  2nd floor  ittinamaha  veer  neeladri road phase1  bangalore south  l323  ka,0.8717,7,approx_name_match
S1-380374144,jain foods private limited,h  no  2354  gala no  t 6  gr flr rajlaxmi sulzar park  nashik road  sonal  e village  bhiwandi  thane  maharashtra,India,S3-732215760,jain foods private ltd,a2 1502 prisam  pune city  mh,0.7529,20,approx_name_match
S1-380783401,dynamic producer private limited,101 oceanic 1 bldg 7 bunglows  andheri west  mumbai  maharashtra,India,S3-414648795,dynamic producer pvt ltd,halka no 45  indore,0.6925,36,approx_name_match
S1-380929198,best developers,g 83 84  4th phase  riico industrial area  pur road  bhilwara  rajasthan,India,S2-548094181,best developers ltd,flat no    1208  tower b 1 cherry county  gh 53  techzone 4  g  noida,0.7718,13,approx_name_match
S1-381362159,silverleaf fund private limited,karnataka  bangalore  ravoos temple bells  appt siradi sai nagar  munnekolala  flat no 207  bangalore,India,S3-159492661,silverleaf fund overseas private limited,bangalore  ravoos temple bells  appt siradi sai nagar  munnekolala  14  ka,0.8507,38,approx_name_match
S1-382040639,param trading private limited,bombay house24 homi modi st fort  mumbai  maharashtra,India,S3-867565554,india ayaan private limited center,bombay house24 homi modi st fort  mumbai,0.6534,32,approx_name_match
S1-382514944,kct strategic private limited,west bengal  88  howrah  maharshi devendra road  kolkata,India,S2-554732951,kct cylinders private limited,101  maharshi devendra road  kolkata  west bengal,0.6911,11,approx_name_match
S1-384080258,building ventures,chamber no 346 uttamchand  israni law arera hills  huzur  bhopal  madhya pradesh,India,S2-52844016,building  ventures industries co,hn 0111 chamber no 347 uttamchand  israni law arera hills  huzur  madhya pradesh,0.8525,13,approx_name_match
S1-384289977,gujarat business,shubh laxmi apartment 05  adhyapak layout  hingna road  nagpur  maharashtra,India,S2-550547063,gujarat business ltd,,0.766,43,approx_name_match
S1-384366128,supreme tech private limited,t 1 3rd floor  mahashakti complex  near vodafone house  stadium circle  nav  rangpura  ahmedabad  gujarat,India,S3-79716771,supreme tech private ltd,h no 509 village  galsi post  galsi  bardhaman,0.7567,24,approx_name_match
S1-38478749,india western centre limited,house number 107  1st floor  ratna arcade  bhaktamadhu nagar  2nd lane  gandamunda  po  khariput  bhubaneswar  khordha  orissa,India,S3-577413646,india wecstern  ram limited,house number   114  1st floor  ratna arcade  bhaktamadhu nagar  2nd lane  gandamunda  po  khariput  bhubaneswar  khordha  od,0.7261,15,approx_name_match
S1-385159813,pioneer foods private limited,plot no  369  sector 3  extension phaseiii hsiidc  karnal  haryana,India,S2-900750945,pioneer foods private ltd,,0.7583,17,approx_name_match
S1-385196336,mex doors,shop 1   2 jubileeview yari road andheri  w   mumbai  maharashtra,India,S2-501714241,mex forge,shop 001   3 jubileeview yari road andheri  w   mumbai  maharashtra,0.6833,41,approx_name_match
S1-385232545,amazing consortium limited,sr no 447 15  15  flat no  01  nandi residency vithai nagar  near rto office  peth rd  panchavati  nashik  maharashtra,India,S3-442588659,sri black private limited services,sr no 447 15  15  flat no  01  nandi residency vithai nagar  near rto office  peth rd  panchavati  nashik,0.572,13,approx_name_match
S1-385279338,vision construction private limited,kamalpur  chakdaha  chakdah  nadia  west bengal,India,S3-590960370,vision construction private limited,block f g 909 mansingh hotels   resorts  ghaziabad                241  mmx mall  g t  road,0.85,8,same_name_different_addr
S1-385642771,science brothers private limited,office no   502  plot no   1 3  5th floor  commercial complex blk c laxmi tower nan  iwala bagh  delhi  north west  delhi,India,S2-392925098,dr science brothers limited,office no     513  plot no   1 3  5th floor  commercial complex blk c laxmi tower nan  iwala bagh  delhi,0.8312,18,approx_name_match
S1-385767083,rohtak dairy private limited,c o kartar singh h no 217  ward no 11  nehru colony  rohtak  haryana,India,S3-516386536,rohtak devices private  ltd,h no 1385 ward no 28  arjun nagar  rohtak  hr,0.5739,38,approx_name_match
S1-38734411,wbc solution private limited,pune city  pune  maharashtra  s  no 35 b 1 ankur colony  nakhate vasti  rahatni,India,S3-889353678,wbc solution infratech private  ltd,s  no 35 b 6 ankur colony  nakhate vasti  rahatni  pune  pune city  mh,0.845,53,approx_name_match
S1-387517978,supreme foods private limited,plot no c 46 s f  back side gulab bagh  new delhi  west delhi  delhi,India,S2-888334616,supreme foods private limited,t 1 123 to 127  mangolpuri industial area  phase i  delhi  delhi,0.8565,12,same_name_different_addr
S1-388076969,surat facility private limited,city center  near sosyo circle udhana magdalla road  surat  gujarat  surat  802,India,S2-51588655,surat tradelinks private limited,305 3  ashirwad square  near sosyo circle udhna magdalla road  surat  gujarat,0.6481,22,approx_name_match
S1-388308451,serilingampally services,stanley a402  smr vinay iconia  serilingampally  k v rangareddy  telangana,India,S3-619640574,serilingampally services,flat no 303  meeras avenue  prabhupada township  kondapur  k v rangareddy  serilingampally  k v rangareddy  tg,0.8816,48,same_name_different_addr
S1-388475332,jay products private limited,muthu agro centre  no 751   569a  gobi   uthukuli road  kunnathur  uthuku  li taluk  coimbatore  tamil nadu  i floor  tirupur,India,S3-716726482,jay products private limited,chennai  near maharaha ro  yal club  tiruvallur  door no 2 srinivasa pillai nagar  tn,0.8547,87,same_name_different_addr
S1-388538325,civic foundation,s block  plot no  117  midc bhosari  near vithal rukmani mandir  pune  maharashtra,India,S3-650537060,civic foundation pvt ltd,no 1 11 s block  plot no  117  midc bhosari  near vithal rukmani mandir  pune  pimpri chinchwad  mh,0.8933,29,approx_name_match
S1-388853751,qad overseas private limited,c o rajanna theddu  ashakottur kammarpally nizamabad  armoor  nizamabad  telangana,India,S2-869194321,qad ovbrsmeas  llp,no 17 c o rajanna theddu  ashakottur kammarpally nizamabad  armoor  telangana,0.6631,65,approx_name_match
S1-390333235,vision agro private limited,r 20 green acres  kamaraj nagar perungudi  chennai  tamil nadu,India,S3-205991371,vision agro  private limited,gib 9 1 8 ground floor commerce house cunningham road  bangalore,0.8316,9,approx_name_match
S1-390774692,krishna consulting private limited,305  amulya complex opp centrl bank  ambawadi  ahmedabad  gujarat,India,S3-593403964,private krishna consulting trading limited,amulya complex opp centrl bank  ambawadi  ahmedabad  plot 454 318  gj,0.6908,6,approx_name_match
S1-391132472,maa infra limited,plot no 113 b  unit vii surya nagar  bhubaneswar  khordha  orissa,India,S3-666419577,maa infra limited,h no 1 7 sorab barucha road  colaba  mumbai  mumbai city  mh,0.8571,9,same_name_different_addr
S1-391977850,seven media private limited,no 520  ground floor  back portion  24th main road  2nd sector  hsr layout  bangalore  karnataka,India,S3-459357172,seven media private limited,no  27  2nd cross  mysore  chamundi vihar layout nazarbad  ka,0.8705,12,same_name_different_addr
S1-393235277,white it private limited,c o panna lal sant lal moti pokhara  gkp gorakhpur up  gorakhpur  uttar pradesh,India,S2-456321035,white it private limited,,0.85,37,same_name_different_addr
S1-393928794,rrz wear private limited,b 401   b 404  4th floor  the qube  c t s  no 1498 a 2  sahar road  marol village  andheri east  mumbai  mumbai  maharashtra,India,S3-952385197,rrz private consultant limited,b 401   b 406  4th floor  the qube  c t s  no 1498 a 2  sahar road  marol village  andheri east  mumbai  mumbai  mh,0.7849,94,approx_name_match
S1-394432480,urban products private limited,a 102  nagar residency  malviya nagar  jaipur  rajasthan,India,S3-183521570,urban products private limited,d 404  pramukh paramount  sargasan shahpur road  kudasan  gandhinagar  gandhinagar  gandhi nagar,0.8588,11,same_name_different_addr
S1-394551978,future media private limited,west bengal  be 109  sakltlake  salt lake city  sector i  north 24 parganas,India,S3-720379337,future media private limited,no  133 sun flower12th flr flat 2 cuffee parade  mumbai,0.85,5,same_name_different_addr
S1-395060277,ghaziabad services private limited,c 801 elite estate  sector 18 vasundhara  ghaziabad  uttar pradesh,India,S3-82186235,ghaziabad services private limited,h no 443 a 2 gandhi nagar opposite tehsil  ghaziabad,0.8579,37,same_name_different_addr
S1-39582366,alpha constructions private limited,globalvision  electronicsadanno iittcindustrialareamahape   navi mumbai  maharashtra,India,S3-732237537,alpha constructions private limited,junnar  mh  yeravada f 1  s no 1100111 bldg no 24  alandi road,0.85,9,same_name_different_addr
S1-395931828,sai ventures,35 83 1  new pasumaparthi palem  ongole  prakasam  andhra pradesh,India,S3-74019835,sai ventures,,0.79,14,same_name_different_addr
S1-396388122,orient brothers llp,natunpara p o   talpukur p s titagarh  titagarh  parganas north  west bengal,India,S3-257336902,orient brothers exports l l p,41 natunpara p o   talpukur p s titagarh  titagarh  parganas north  wb,0.8177,31,approx_name_match
S1-397445983,jai foundation,apartment no  8c  block 3  asset homes signature  thiruvananthapuram  thiruvananthapuram  trivandrum  kerala,India,S2-539268896,jai foundation ltd,h no 1 9 35 48  48 6 4  1st floor npr complex  fci bypass road  khammam,0.7691,14,approx_name_match
S1-397927910,bright impex pvt ltd,1st   fr  3 101 chittaranjan colony  lp 49 13 9 3  kolkata  kolkata  howrah  west bengal,India,S2-576938709,bright impex  llp,8st   fr  3 101 chittaranjan colony  lp 49 13 9 3  kolkata  kolkata  west bengal,0.9253,9,approx_name_match
S1-398042962,mumbai forex ltd,emilestones  c 13  kailash complex vikhroli park site  vikhroli west  mumbai  mumbai city  maharashtra,India,S3-271896550,mumbai farm ltd,greater mumbai  mumbai city  mh   58 emilestones  c 13  kailash complex vikhroli park site  vikhroli west,0.7763,3,approx_name_match
S1-398724143,hitech consultants limited,plot no  442  bageshree banglow meghpar  anjar  kachchh  gujarat,India,S2-786919865,hitech consultants llp,plot no  cb3 1b  1040 1041   l 1040 9  gidc industrial estate  ankleshwar,0.7638,61,approx_name_match
S1-399237276,forge brothers private limited,no 14  parthasaradhi nagar  ambattur  tiruvallur  tamil nadu,India,S3-436079439,george brothers private  limited,no 5 31 84 1 and 5 31 84  bangalore north  bangalore,0.6753,19,approx_name_match
S1-399906482,bharat systems private limited,maharashtra  ground floor  4  popular arcade tata road no  1  roxy cinema  opera hous  e  mumbai  mumbai city  28 b,India,S3-169357639,bharat systems private limited,s no    32 2d 1 1  fl e  304  namrata crystal  near tambe school  kalewadi  pune  mh,0.8694,16,same_name_different_addr
S1-400915342,techno impex private limited,105  jal classic  shraddhanand road above canara bank  vile parle east  mumbai  mumbai city  maharashtra,India,S2-665583504,techno impex overseas private limited,112  jal classic  shraddhanand road above canara bank  vile parle east  mumbai  maharashtra,0.5525,6,approx_name_match
S1-401330927,alpha investments private limited,new delhi  delhi  gh 8 5  paschim vihar,India,S3-828970910,alpha investments private ltd,no 1008a 1st block koramangala  bangalore,0.7639,6,approx_name_match
S1-401618613,lakshmi engineering,h no 830a  acharya puri  sadar bazar  gurgaon  haryana,India,S2-731305257,lakshmi        engineering,no 29   ward no  4  amloh tehsil amloh  distt fatehgarh sahib  amloh,0.8319,18,approx_name_match
S1-401921766,tanishq ferrous clinic,calcutta  kolkata  2 protuguese church st  west bengal,India,S2-707383073,tanishq ferrous,,0.7424,65,approx_name_match
S1-402235090,jay business private limited,shastri nagar  nayabazar  cuttack  orissa,India,S2-510479448,jay business private ltd,no 507  b3  cag central  avinashi road  coimbatore south  tamil nadu,0.7567,9,approx_name_match
S1-402509470,white engineering private limited,ahmedabad  u 23  ahmedabad  gujarat  upendra park  someshwar 3 near gulab tower  thaltej,India,S2-422912744,white engineering private ltd,f 0296  jalvayu vihar sectors   30,0.7639,14,approx_name_match
S1-402883466,malerkotla enterprises private limited,vill bhullaran po banbhaura  teh malerkotla  malerkotla  sangrur  punjab,India,S2-371178202,malerkotla  enterprises infratech private limited,36 vill bhullaran po banbhaura  teh malerkotla  malerkotla  punjab,0.8377,73,approx_name_match
S1-403601387,iris traders pvt ltd,c o mahendra meena  khedi jagir  bohat  baran  baran  rajasthan,India,S2-231911881,iris traders industries pvt ltd,no 72 c o mahendra meena  khedi jagir  bohat  baran  baran  rajasthan,0.8745,2,approx_name_match
S1-403617067,mumbai vincom limited,floor4th  plot 104 114  bidasar bhavan  dr a m rd  mumbai  maharashtra,India,S2-651390508,mumbaivincom,maharashtra  flat number 21  5th floor  plot number 63a  poornima co operative housing society  sorabji  pochkhanwala road  mumbai,0.76,21,approx_name_match
S1-403740044,sky estate private limited,unit 119 blue rose industrial estate  western express highway  borivlai east  mumbai  maharashtra,India,S2-146859090,sky estate private limited,696  one world center  tower 1  17th floor  jupiter mills  senapati bapat marg  elphinstone  road  mumbai  maharashtra,0.8007,16,same_name_different_addr
S1-405834337,jay estate private limited,42 a nemi sagar colony  jaipur  rajasthan,India,S3-915564779,jay estate private limited,,0.79,16,same_name_different_addr
S1-406009323,one foods private limited,shree yeshwant society  manish nagar  mumbai pune road  kalwa  thane  shop no  9  maharashtra,India,S3-646334881,one foods pvt ltd,nagpur  ajni square wardha road  mh  plot no  7  manish nagar,0.7752,11,approx_name_match
S1-406120241,tirupati infrastructure limited,fl no 103  bldg   b2  tuscan estate  s no 40 1a 2a kharadi bypass  nr  redision  pune  maharashtra,India,S2-867302114,tirupati infrastructure,no 943 202  saphire  ram mardir road  m g  cross road next to mahalaxmi mandir  vile parle  ea  st   mumbai  maharashtra,0.7664,25,approx_name_match
S1-406309166,safe traders,sector 63 uncha gaon  near sainik school  ballabgarh  faridabad  haryana,India,S3-354324069,safe traders  private limited,no 001 7 39 12  1st floor  nearby sbi bank  ss nagar  habsiguda  tg  secunderabad  hyderabad,0.709,30,approx_name_match
S1-408394548,deoria sadar automation private limited,608 2  ramnath deoria  east near  beldan mod  deoria sadar  deoria  uttar pradesh,India,S2-251180987,deoria sadar  television private limited,gauri buzurg  deoria sadar  uttar pradesh,0.6338,31,approx_name_match
S1-408591791,patna indiaprivate private limited,plot no  830  nh 83  p s no   50  punpun near by sachin pradushan jaanch kendra  patna  bihar,India,S2-194267117,patna infratech indiaprivate private limited,bihar  plot no  837  nh 83  p s no   50  punpun near by sachin pradushan jaanch kendra  patna,0.8654,30,approx_name_match
S1-4088101,maa trading private limited,3f  a block  artech varsha apartments  madathunada junction  pathirappally road  mukkola p o  thiruvananthapuram  thiruvananthapuram  trivandrum  kerala,India,S2-601297645,maa trading private ltd,no  87 c o narendra prasad singh  b 2  vrindawan apt   h  no  139  jagdeo nagar  baily road  danapur,0.7673,48,approx_name_match
S1-409615915,bespoke benefit llp,meet industrial park  r s  no  69 p 4 plot no  12  kuvadava wankaner road  village ranpar  rajkot  gujarat,India,S2-697184837,bespoke filling llp,gujarat  no 66 meet industrial park  r s  no  69 p 4 plot no  12  kuvadava wankaner road  village ranpar,0.7866,96,approx_name_match
S1-410438409,vaman diagnostics llp,new delhi  delhi  prem nagar  central delhi  2086,India,S2-248612716,vaman consultants llp,2090 4  prem nagar  new delhi  delhi,0.6284,38,approx_name_match
S1-410586411,mumbai online ltd,pitru chhaya  room no 2  kanjur village road  mumbai  maharashtra,India,S3-402248269,mumbai online llp,shop no 5b  mumbai  mumbai city  mh,0.7835,19,approx_name_match
S1-410826011,big energy private limited,bhubaneswar  orissa  khordha  dumduma housing board  ddl 1 127,India,S2-202635934,big energy private limited,vedant  plot no  45  street no  4  nutan nagar main road  kalawad road  rajkot  gujarat,0.85,12,same_name_different_addr
S1-410877271,up retails,orissa  cuttack  jhanjiri mangala  badambadi  c o  nirjharini mohanty h no 08 c 062 006 37519  cuttack,India,S2-561355548,cuttack synergy ltd,c o  nirjharini mohanty h no 9 08 c 062 006 37519  jhanjiri mangala  badambadi  cuttack  odisha,0.5392,1,approx_name_match
S1-410901932,lakshmi infrastructure llp,ff 406 to 415  ananta businesscorp  b s  sears tower  sevasi  vadodara  gujarat,India,S2-793596448,lakshmi infrastructure limited,door no 39 freesia enclave  c 303  opp trinity meadows  off outer ring road  bellandur main road  bangalore,0.751,25,approx_name_match
S1-411670606,premier tech llp,plot no  28  pkt a 2 sector 5  rohini  delhi  new delhi  delhi,India,S2-901654029,premier tech,b 0140  plot no  a4  logix technova  sector 132  noida  dadri,0.7868,12,approx_name_match
S1-411764648,business lifetech pvt ltd,sr no 12 1b 2  flat no 101b  1st floor  hande bhairat com   autade  handewadi  pune  maharashtra,India,S3-340311788,business lifetech industries pvt ltd,sr no 12 1b 13  pune,0.779,54,approx_name_match
S1-412398690,digital tech private limited,fl 304 vrindavan chs  panvel  maharashtra  plot 150 151 sec 34  raigarh mh,India,S3-467322700,digital tech private limited,b   606  daskroi  ahmedabad bopal,0.85,8,same_name_different_addr
S1-412520440,new delhi construction private limited,14   15  shop no 3  f f  pillu ram pradhan complex  new delhi  south delhi  delhi,India,S3-596712245,new delhi construction private limited,east delhi  no 1 plot no 10 lscnew rajdhani enclave vikas marg  dl  new delhi,0.8096,8,same_name_different_addr
S1-412553266,shiv producer,flat no 330 sector   d  pocket   6 kaveri block  vashant kunj  new delhi  delhi,India,S2-998970130,shiv producer,door no 31   upper ground floor kapil vihar  pitampura  delhi  delhi,0.8643,13,same_name_different_addr
S1-412626014,star foundation private limited,flat no 12 new skf colony  bldg no a4 tanaji nagar  mulshi  pune  maharashtra,India,S3-331406738,star foundation private limited,gala no 7 shilay industries8 udyog nagar s v road goregaon  w   mumbai suburban  mumbai  mh,0.8615,21,same_name_different_addr
S1-412628474,blue   co,6 b  22  23  24 patel nagar  bhilwara  rajasthan,India,S3-842275703,blue co,a 701  vapi,0.7678,15,approx_name_match
S1-415482775,developers at city corp,east delhi  delhi  s o p c jain 100  g f jandk block laxmi nagar  east delhi,India,S2-997891795,developers at  city,g 30  ground floor  sushant lok part   ii sector 57  gurgaon  sector 56  gurgaon,0.7631,4,approx_name_match
S1-416170457,nmr hospitality private limited,house of sri mohan lal bajoria near govindpur market  p o   govindpur  kolkata  howrah  west bengal,India,S2-624782926,nmr india private ltd,no 63 house of sri mohan lal bajoria near govindpur market  p o   govindpur  kolkata   null,0.6676,24,approx_name_match
S1-416612301,bhagalpur promoters private limited,ward no  32  hari om apartment sitlasthan road  tilkamanjhi  jagdishpu  r  bhagalpur  bihar,India,S2-978242758,bhagalpur promoters limited,ward no   34  hari om apartment sitlasthan road  tilkamanjhi  jagdishpu  r  bhagalpur  bihar,0.9405,31,approx_name_match
S1-417278238,smart estate private limited,ward no 13 bapunagar  opp shiv mandir  main road  kasia  kushinagar  deoria  uttar pradesh,India,S3-873142408,smart estate private ltd,h  no  c 11 166 a a  habibpura  chetganj  varanasi  up,0.7654,16,approx_name_match
S1-418896706,perfect projects private limited,3 93  kaliapuram south pollachi taluk  coimbatore district  coimbatore  tamil nadu,India,S3-562104345,perfect projects private limited,kalptaru parisar churmura  mathura,0.79,11,same_name_different_addr
S1-419559023,jms traders private limited,c o swamikant  block  pator  samastipur  bihar,India,S2-909888538,jmstraders com,h no 483 a 20  tararani market opp  hotel ayodhya  kawala naka  kolhapur,0.6449,37,approx_name_match
S1-419872883,sree media private limited,engineers india bhawan 1 bhikaiji cama place  new delhi  west delhi  delhi,India,S3-877356314,sree media private limited,f 5 129 18  south,0.85,23,same_name_different_addr
S1-420309882,my engineering llp,no 33 f  9th cross  kanteerava studio  peenya road  2nd block  nandini layout  bangalore  karnataka,India,S3-667321354,my engineering llp,no 8 2 310  khairatabad  hyderabad  tg,0.8571,17,same_name_different_addr
S1-420591697,mumbai food private limited,times square building  7th   8th floor  western express highway  andheri  e   mumbai  maharashtra  b2 475  mumbai city,India,S3-620596360,mumbai food  private limited,no 478 a 503  evershine embassy chs ltd  veera desai road  opp  country club  andheri  west   mumbai  mh,0.841,10,approx_name_match
S1-421948133,great trading private limited,c o papisetty satheesh  b v nagar  06 kondayapalem  nellore  andhra pradesh,India,S3-675014472,great trading private ltd,no 6 falgun das lae  calcutta,0.7583,28,approx_name_match
S1-422570808,your builders private limited,rp 79 pitampura  new delhi  north delhi  delhi,India,S2-272453134,your builders enterprises private limited,rp 81 pitampura  new delhi  delhi,0.8519,1,approx_name_match
S1-422836504,azad polytechnic private limited,house no  446 block d pkt 11 sector 7 rohini  delhi  north west  delhi,India,S2-75313451,azad polytechnic limited private infratech,house no  446 block d pkt 11 sector 12 rohini  delhi  delhi,0.8635,14,approx_name_match
S1-423056794,my investment private limited,akola  murtizapur  maharashtra  c o manohar mudgal aanbhore santaji nagar murtizapur,India,S3-422233661,my investment private ltd,sukumar enclave r k pally  malda,0.7583,68,approx_name_match
S1-423330850,mumbai telematics private limited,421  maker chamber v  nariman point  mumbai  mumbai  maharashtra,India,S3-147410229,mumbai  telematics industries private limited,hn 320 442  maker chamber v  nariman point  mumbai  bombay  mumbai  mh,0.7852,21,approx_name_match
S1-423598870,mukundapuram taluk skills llp,c o fayez mohamed  mathrusmarana  mukundapuram taluk  thrissur  kerala,India,S2-221189860,mukundapuram taluk hotels pvt,myppan house nearmoonjely  church west chalakudy  mukundapuram taluk  kerala,0.5876,120,approx_name_match
S1-423829680,premier properties private limited,office 301  plot no 137 b  abhijit court bhndarkr rd  pune city  pune  maharashtra,India,S2-338066274,premier properties private limited,s  no  493 1  2  492 2p  inner ring road jawaharlal nehru salai  madhavaram  chennai,0.8615,4,same_name_different_addr
S1-424770215,perfect trading pvt ltd,radharani complex  near f c i  godown  goverdhan road  mathura  uttar pradesh,India,S2-334986797,perfect trading pvt ltd,plot no  93 94 sector 136  noida,0.85,23,same_name_different_addr
S1-42491317,united producer private limited,c o mainur mondal ambikapur mamudpur bongaon saishpur north 24  parganas  parganas north  west bengal,India,S3-365996371,united producer private limited,25 5 gali no 15  shahdara,0.79,26,same_name_different_addr
S1-42669049,seven products private limited,kolhapur  maharashtra  shahuwadi  h no  281  manoli  dhanagarwada shahuwadi,India,S3-647717024,seven products restaurant limited services,h no  294  manoli  dhanagarwada shahuwadi  shahuwadi  kolhapur  mh,0.8163,33,approx_name_match
S1-426963973,nag   brothers private limited,satyam plaza  sector 12a  office no 110b avas vikas colony  sikandra  agra  uttar pradesh,India,S2-321857085,nag   brothers holdings private l mited,no 29 satyam plaza  sector 12a  office no 110b avas vikas colony  sikandra  agra  uttar pradesh,0.8999,24,approx_name_match
S1-427196323,gomathi infra,h 2  702 harsh pradise  new d p  rd   aundh  pune  maharashtra,India,S3-922659206,gomathi infra exports,h 4  702 harsh pradise  new d p  rd   aundh  pune  mh,0.8724,5,approx_name_match
S1-428381013,eminent technologies private limited,c o k bademma at 4 244  r k  dudyala kurnool  kurnool  andhra pradesh,India,S3-478385244,eminent technologies ventures private limited   www eminentte com,c o k bademma at c 4 246  kurnool,0.7352,6,approx_name_match
S1-428993022,thane engineering limited,office no  273  plot no  19  sector   19d  thane  maharashtra,India,S3-418408547,thane engineering industries,office no  276  plot no  19  sector   19d  thane  mh,0.8864,7,approx_name_match
S1-429184178,vijayasri film private limited,mu lund  e   c 202  second floor  prem vishnu nr neeta apt  c b marg  maharashtra  mumbai,India,S3-871361979,vijayasri international private,c 206  second floor  prem vishnu nr neeta apt  c b marg  mu lund  e   mumbai  mh,0.7236,39,approx_name_match
S1-430353823,kolkata technologies limited,24 park street development house 3rd floor  kolkata  west bengal  howrah,India,S2-886002094,kolkata technologies limited,h  no 18a    ground floor  ballav street  near shyambazar five point crossing  kolkata  kolkata  west bengal,0.8257,10,same_name_different_addr
S1-430854812,south infotech private limited,b605  backside of pista hz  gothic pentagon clouds  qutubullapur  k v rangareddy  telangana,India,S2-24995727,south infotech private limited,h no 320 t f c 1 alpha 1  krishna apra plaza  noida,0.85,23,same_name_different_addr
S1-431497992,onestop modelling pvt  ltd,wb 19 street no 2shakar pur  delhi  east delhi  delhi,India,S3-244097842,onestop infragreen pvt  ltd,wb 19 street no 23shakar pur  delhi  east delhi  dl,0.7597,44,approx_name_match
S1-431720269,taravi motels pvt ltd,h no 03  samera gate chandbarh  bhopal  madhya pradesh,India,S2-894985994,pvt taravi motels industries ltd,no 4  samera gate chandbarh  bhopal,0.7362,81,approx_name_match
S1-431838421,kamakhya vincom center,pune  s no20 3 78  la velle casa  chandani chowk bavdhan  nda road  maharashtra  pune,India,S2-568184014,kamakhya vincom cntr holdings,s no20 3 87  la velle casa  chandani chowk bavdhan  nda road  pune,0.8748,59,approx_name_match
S1-432776973,modern projects,7 jallandharisarai budaun  uttar pradesh  badaun  uttar pradesh,India,S3-119211526,modern projects,a11 keshav laxmi1466 sadashiv peth  pune,0.79,7,same_name_different_addr
S1-433323794,perfect investment pvt ltd,a 7 and a 8  kailash park  wz 7  opposite kirti nagar  main najafgarh road  new delhi  west delhi  delhi,India,S2-863064551,perfect investment,prop no  407 entire third  kh no 406 block a street no  8  new delhi  delhi,0.7805,6,approx_name_match
S1-433830594,lakshmi engineering private limited,mumbai  worli  t v  industrial estate  s  k  ahire marg behind glaxo company  217 218  maharashtra,India,S3-852863812,lakshmi engineering private limited,gala no 12 chandrashekharazad rd khemani bus depot ulhasnagar  mumbai  thane  mh,0.8556,46,same_name_different_addr
S1-434781082,green engineering private limited,house no  15 2 16 8 6 a 1  khammam  adarsha nagar  khanapuram  telangana  khammam,India,S3-143725659,green engineering private ltd,plot no  44  nagpur,0.7757,29,approx_name_match
S1-434862701,universal ventures private limited,karnataka  mysore 570 017   c  blockvijayanagar iii stage mysore 570 017  no 734,India,S3-187793465,universal ventures private ltd,no 309 k k bapana arcade 7 1 dr  r s bhandari marg  bhopal  indore,0.7738,8,approx_name_match
S1-435828195,unique construction private limited,delhi  central delhi  f 48 bhagat singh market,India,S2-808685227,unique construction private limited,altf  2nd floor   tr 211 214   101  ishwar nagar  okhla  new delhi  null  delhi,0.8579,15,same_name_different_addr
S1-43597964,sja software,regus level 1 trade centre bandra kurla complex bandra east  mumbai  maharashtra,India,S3-819054601,sja electronics,block d 7 141 regus level 3 trade centre bandra kurla complex bandra east  mumbai  mh,0.6232,39,approx_name_match
S1-436904352,new properties private limited,rajasthan  s o maga ram  barnau sekhala  shergarh  jodhpur  heera ram,India,S2-482752913,new properties private limited,office at b   02  floor  grd  the nest building  manorama nagarkar marg  taikalwadi  mahim  mumbai,0.85,37,same_name_different_addr
S1-437095140,best trading private limited,4th flr  405  b wing  cts no 351 353  jaswanti allied bus centre  malad  west   mumbai  mumbai city  maharashtra,India,S2-571848606,best trading private limited,building no 62 5018  iyyattil junction  erakulam  keralam,0.856,11,same_name_different_addr
S1-43800138,vision infrastructure limited,h 502  park view city 1 sohna road  gurgaon  haryana,India,S3-394827512,vision infrastructure,,0.7515,9,approx_name_match
S1-438033342,ravianth infotech,6 8 1213  n g o colony  tirupati  urban   chittoor  andhra pradesh,India,S3-495872726,ravianth,h no 85 property no 1 1  fourth floor  null,0.6614,30,approx_name_match
S1-439145878,seven infrastructure private limited,lg 11  sai complex  rajpark  delhi  delhi  north west delhi  delhi,India,S2-925724854,seven infrastructure private limited,,0.85,17,same_name_different_addr
S1-440004527,anand technologies limited,f no 405 shree shyam  enclave new p p colony  phulwari  patna  bihar,India,S3-926848012,anand  technologies limited,sco 388 2nd floor sector  null  panchkula  ambala city,0.8213,4,approx_name_match
S1-440342302,best management private limited,el w xli 22 amc sealap shimmers  beach road  oppo  sea bridge  alappuzha  kerala,India,S3-947566295,best management private ltd,no 12 pratap nagar  regional office aurangabad  aurangabad,0.7613,25,approx_name_match
S1-440626496,sv iron private limited,alackal  h  odiyapara  vannappuram po  idukki  kerala,India,S3-690776506,sv iron enterprises private ltd,39 alackal  h  odiyapara  idukki  kl,0.7741,7,approx_name_match
S1-441030129,ushodaya enterprises ltd,c o rajpal village kuttana  karnal  haryana,India,S3-904043842,ushodaya llp enterprises,50 c o rajpal village kuttana  karnal  hr,0.8162,53,approx_name_match
S1-441192932,jindal   co,c o mithlesh kumar singh  m g setu road near ganga dharmkanta  patna  bihar,India,S3-59487179,jindal   co ventures limited,52 c o mithlesh kumar singh  m g setu road near ganga dharmkanta  patna,0.8158,21,approx_name_match
S1-441658248,bhoomi tyres corp,villupuram  tindivanam  wahaf nagar  periyar nagar  marakkanam rd  c o b padmanaban no 37  tamil nadu,India,S3-119047666,bhoomi tyres exports corp,c o b padmanaban no 38  villupuram  tn,0.7917,56,approx_name_match
S1-44178936,high trading private limited,hyderabad  secunderabad  h  no 5 5s 54  plot no 54  shreeda homes colony  telangana,India,S2-41781929,high  trading private limited,,0.818,24,approx_name_match
S1-442735756,lucknow  india  pvt ltd,j 217 near khazana complex ashiyana sector j lda coloney  lucknow  uttar pradesh,India,S2-548072606,lucknow india  pvt ltd,c 42  singar nagar alambagh  lucknow  uttar pradesh,0.8494,42,approx_name_match
S1-44380032,suvarn leisure private limited,b 6  26 27 ramanika raman co op cociety daulat nagar santacruz west  mumbai  mumbai city  maharashtra,India,S2-629163608,suvarn motors private  limited,no 1051   yelur sangli  valva  maharashtra,0.5966,66,approx_name_match
S1-444562622,finance techmart software limited,3 419   old no 73 c    k j hospital complex  chandappura p o  ko  dungallur  thrissur  kerala,India,S3-819449759,finance techmart software private limited,door no 3 422   old no 73 c    thrissur,0.7699,13,approx_name_match
S1-444779804,gujarat food private limited,s 4 1  baramunda commercial complex baramunda bus stand  bhubaneswar  khordha  orissa,India,S2-652709460,gujarat food private limited,no 8 105 2   opp  malkajgiri police station venkateshwara nagar  malkajgiri  hyderabad  telangana,0.85,10,same_name_different_addr
S1-444921638,unidus centre pvt ltd,d 17  shri path  gokul vatika  ashram road  jawahar circle  jaipur  rajasthan,India,S2-688043381,unidus funds pvt  ltd,d 28  shri path  gokul vatika  ashram road  jawahar circle  rajasthan,0.7728,17,approx_name_match
S1-445809099,oz health private limited,door no 45 58 18 1 10  flat no 302  third floor rajeshwari plaza  narasimha nagar  akkay  yapalem  visakhapatnam  vishakhapatnam  andhra pradesh,India,S2-88492871,oz health enterprises private limited,door no 45 58 18 1 15  flat no 302  third floor rajeshwari plaza  narasimha nagar  akkay  yapalem  visakhapatnam,0.9009,21,approx_name_match
S1-445934149,all tech,door no 7 515 b  pattambi road  kunnamkulam  thrissur  kerala,India,S3-708554079,all tech limited,door no 26  gma plaza kota  kota,0.7507,9,approx_name_match
S1-447277208,part   ii  market  sai ltd,m   39  commercial complex greater kailash  part   ii  market   new delhi  delhi,India,S2-23279527,part ii  media,s  429  greater kailash  part ii,0.5762,56,approx_name_match
S1-447449021,shiv estate pvt ltd,opp mochi ni khadki b s gusa parekh pole  ahmedabad  ahmadabad city  262 275 276 1281 gf sur 433 456  gujarat,India,S3-371637828,shiv estate pvt ltd,,0.85,78,same_name_different_addr
S1-449078990,siddharth legal ltd,flat no a 07 32 block a 07 sulabh awas yojna ashray 1 sector 1 jankipuram  lucknow  uttar pradesh,India,S2-916372862,siddharth legal private limited,h no 707 flat no a 07 32 block a 07 sulabh awas yojna ashray 1 sector 22 jankipuram  lucknow  uttar pradesh,0.9297,8,approx_name_match
S1-450420554,shree  madras   india  private limited,pyramid pridesector 76  villagekherkidaula manser  narsinghpur  gurgaon  haryana,India,S2-803569990,shree  madras   india  infratech private  limited,pyramid pridesector 83  villagekherkidaula manser  narsinghpur  haryana,0.8688,1,approx_name_match
S1-450924015,adroit ventures pvt ltd,c o ashwinbhai kachhdiya  opp  reliance petrol pump  amreli  gujarat,India,S2-826792418,m s adroit ventures overseas pvt ltd,no 44 c o ashwinbhai kachhdiya  opp  reliance petrol pump  amreli,0.8114,13,approx_name_match
S1-451681190,sungold solutions pvt ltd,h  no  518 a 185  kumar compound  near lapko transfarmer  pipmlas road  bhiwandi  thane  maharashtra,India,S2-358564430,sungold solutions  enterprises pvt ltd,518 a 198   kumar compound  near lapko transfarmer  pipmlas road  bhiwandi  maharashtra,0.8183,34,approx_name_match
S1-451808014,gujarat indian energy private limited,orissa  khordha  at po kalarahanga p s mancheswar  plot no  1874 3107  bhubaneswar,India,S3-543611176,gujarat indian energy l l p,block d 8 714 plot no  1874 3114  at po kalarahanga p s mancheswar  bhubaneswar  khordha  od,0.8336,33,approx_name_match
S1-45215970,seven  india  property private limited,c o riast ali khan  mohalla mirdhan  faridpur  bareilly  uttar pradesh,India,S3-479633517,sri seven  india  property exports private l mited,no 80 c o riast ali khan  mohalla mirdhan  bareilly,0.7884,4,approx_name_match
S1-452335208,digital estate private limited,141 b t road  kolkata  howrah  west bengal,India,S2-570606953,digital estate private limited,door no 2074   birla mill colony  bathinda,0.79,7,same_name_different_addr
S1-452447385,saral intelligent of new delhi,e 14 basement r pc  e block south extension 2  new delhi  south delhi  delhi,India,S2-791053502,saral intelligent of new delhi private limited,e 15 basement r pc  e block south extension 2  new delhi  delhi,0.9408,16,approx_name_match
S1-454144053,delhi investment private limited,east delhi  133  akash darshan apartment mayur vihar  phase 1  delhi,India,S3-712601730,delhi investment  private limited,sohp no    35  transport centre azadpur main  delhi  north delhi  dl,0.8424,3,approx_name_match
S1-454542762,jain academy,4u1104  gurjinder vihar  sec chi 1  greater noida  dadri  gautam buddha nagar  uttar pradesh,India,S2-349385303,jain academy holdings,no 86 4u1113  gurjinedr vihar  sec chi 1  greater noida  dadri  uttar pradesh,0.845,36,approx_name_match
S1-455679514,new delhi projects private limited,s 22ground floor greater kailash part i  new delhi  south delhi  delhi,India,S3-815208462,new delhi projects private limited,new delhi  south delhi  c 760  b  dl,0.8821,9,same_name_different_addr
S1-4558660,ghatge  india  dredging private limited,b1 628  second floor near najafgarh garh road  new delhi  west delhi  delhi,India,S3-159116299,ghatge  india  dredging infratech private ltd,bb3 1 632  second floor near najafgarh garh road  new delhi  west delhi,0.8486,45,approx_name_match
S1-457252436,marketing tejal tracom,sh chaman lal gali no 12a verma park muzaffarnagar yp ind  muzaffarnagar  uttar pradesh,India,S2-86566754,marketing tejal tracom limited,sh chaman lal gali no 33a verma park muzaffarnagar yp ind  muzaffarnagar  uttar pradesh,0.9456,35,approx_name_match
S1-457269580,yuva service,office number 14   15  mumbai  mumbai city  shopper s point sv road  andheri west  maharashtra,India,S2-407960828,yuva service,shop no a 07  first floor greater pallavpuram  modipuram  meerut,0.85,45,same_name_different_addr
S1-457583255,matrushree   associates llp,2 2 980 adarsh colony  jalkot road  latur  maharashtra,India,S3-669138391,matrushree associates group llp partners,2 2 984  adarsh colony  jalkot road  latur  mh,0.7876,20,approx_name_match
S1-45768723,good investments,c 195  greater kailash part  1  new delhi  delhi,India,S3-586376175,good investments limited,c 200  greater kailash part  1  new delhi  dl,0.9017,8,approx_name_match
S1-458010662,future healthcare private limited,kuppam engineering college mallanur cross  pedda bangarunatham  kuppam  chittoor  andhra pradesh,India,S3-629659324,future healthcare private limited,flat no b 407  yamuna chs  plot 12  sector 17  kamothe  raigad,0.85,7,same_name_different_addr
S1-458489619,dream food private limited,bihar  c o smt gayanti devi  nalanda  nursarai  biyawani  biharsharif,India,S3-966459984,dream food  private limited,baramarshi nagar  muzaffarpur  br,0.8309,12,approx_name_match
S1-458624027,star remedies corp,new delhi  b 2 11  south delhi  mci estate  mathura road  delhi,India,S2-927288895,star remedies pvt ltd,b 2 16  mci estate  mathura road  new delhi,0.9002,52,approx_name_match
S1-458829175,international foods private limited,new no 3  swaminathan street  chennai city corporation  chennai  tamil nadu,India,S3-406126807,international             foods private limited,gorakhpur  bankat  rauzadar gah   28,0.775,26,approx_name_match
S1-459100032,krishna global private limited,maharashtra  pune city  survey no 69 4 plot no a  pune  kharadi,India,S3-543785964,krishna global private limited,,0.85,7,same_name_different_addr
S1-459337348,shiv trading limited,h n  01road no  3 ward no  23  ajay motors ke pacha  jhunjhunu  jhujhunu  rajasthan,India,S3-118169200,shiv trading  ltd,room no 424  1st floor  ward 21  njavallil complex  kanjirappally  kottayam  keralam,0.7527,18,approx_name_match
S1-459410118,golden baba producer private limited,rangareddy  telangana  quthbullapur  1 49 2 gagillapur  medchal malkajgiri,India,S3-697628854,private golden baba producer garments ltd,1 49 3 gagillapur  quthbullapur  medchal malkajgiri  rangareddy  tg,0.7326,33,approx_name_match
S1-460161502,mahim w mumbai construction private limited,2nd flr  unit no 206  hiren light industrial premise co op soc ltd  mogul lane  nr cedastral su  r no 814  mahim w mumbai  mumbai city  maharashtra,India,S3-643926025,mahim w mumbai construction public limited,door no 11nd flr  mumbai  mh,0.7621,27,approx_name_match
S1-460331935,technologies trans center private limited,c o satyendra kumar  vill  narwan  ps  dulhin bazaar  paliganj  patna  bihar,India,S3-563027539,technologies trans center overseas private limited,no 29 c o satyendra kumar  paliganj  nabi nagar  br,0.7995,43,approx_name_match
S1-460846970,red agro private limited,kh no  382 204  second floor saidulajab  near primary school  new delhi  south delhi  delhi,India,S2-494642877,red agro  private limited,c opramod kumar hadargarh  rd near sri ram vatika  nawabganj  null,0.8359,14,approx_name_match
S1-46093,spr exim private limited,c o dr  harshad n  rathod  sanjivni comp   ground flr   st road  amreli  gujarat,India,S3-877004907,spr exim public limited,h no  12 4 126 1 12  srihari nagar  7th road  balanagar  k v rangareddy  tg,0.6023,20,approx_name_match
S1-462983997,hb aqua,shop 2  1fl office  turning point  utran  chorasi  surat  gujarat,India,S2-388150639,hb aqua exports ltd,shop 15  1fl office  turning point  utran  chorasi  gujarat,0.7437,49,approx_name_match
S1-463329198,om estate private limited,40 2 f f  chitranjan park  new delhi  south delhi  delhi,India,S3-634702085,om estate private ltd,mhp  no 4213  kh no  1226  h no  12g  g f block k  gali no 6d 2 mahipalpur extn   new delhi  south west delhi  dl,0.7524,13,approx_name_match
S1-463986051,creative dream infra private limited,flat no 36 yeshwant vihar s  no  44 4 dhayari  pune  maharashtra,India,S3-678410555,creative dream infra stores private limited,43 yeshwant viar s  no  44 4 dhayari  pune  mh,0.8057,21,approx_name_match
S1-46443068,kims designs private limited,9 381 chattanchal mundol thekkil  chengala  kasaragod  kasargod  kerala,India,S2-921796356,vembanad producer private limited center,9 381 chattanchal mundol thekkil  chengala  kasaragod  kerala,0.5642,64,approx_name_match
S1-467736803,qa power private limited,6 264  block b trichy main road  surya garden  namakkal  tamil nadu,India,S3-194415275,qa pharma private limited,6 6 269  block b trichy main road  surya garden  namakkal  tn,0.6984,57,approx_name_match
S1-467784376,balaji investments private limited,2 19  main road  beside canal bridge  polamuru  anaparti  east godavari  andhra pradesh,India,S3-212087482,balaji investments private limited,no 75  1st floor  pvkr elite  lumbini enclave  k v rangareddy  seri lingampally  tg,0.79,10,same_name_different_addr
S1-468969196,great media private limited,plot no 45 47  sy no  215  vivekanandapuram  sainikapuri  hyderabad  telangana,India,S3-974998889,great media private ltd,6th floor  nagpur,0.7548,14,approx_name_match
S1-469194982,pioneer international private limited,shop no 388 1 mc road kanjirakkattu thekkethil building  opp d  ominos   thiruvalla  pathanamthitta  kerala,India,S3-137005189,sri pi0neer international agencies private limited,shop no g 388 2 mc road kanjirakkattu thekkethil building  thiruvalla  pathanamthitta,0.6142,8,approx_name_match
S1-469414531,aussie brothers private limited,flat no  105 sai basera  niwas shivpur varanasi  varanasi  uttar pradesh,India,S3-361358697,group aussie brothers brothers private,flat no  107 9 sai basera  niwas shivpur varanasi  varanasi  up,0.7527,52,approx_name_match
S1-46943997,diamond realtech of amravati private limited,shop no  28  juzar mega  mart 2nd flr jawahar road  amravati  maharashtra,India,S2-813557254,amravati consultantsprivate private limited,shop no 41  2nd floor  juzar mega market  jawahar road  amravati  maharashtra,0.6354,34,approx_name_match
S1-469991291,shakti care limited,above hotel gokul pimpri  pune  2nd floor  sr  no  208  maharashtra,India,S3-733788887,shakti care limited,door no 0351 office no 117 first floor  vora plaza  navghar vasai  thane  vasai  mh,0.8636,5,same_name_different_addr
S1-470625559,sai care private limited,tower c1303  arihant ambar  gh 16c  sec 01  gr noida w  bishrakh  gautam buddha nagar  uttar pradesh,India,S2-697725005,sai care private limited,banshipur  baburi  chandauli  uttar pradesh,0.865,14,same_name_different_addr
S1-470903656,hillock consultants private limited,a 1201  azziano phase 1  rustomjee urbania  majiwada thane west  mumbai  thane  maharashtra,India,S2-283499635,hillock experiences private ltd,a 1214  azziano phase 1  rustomjee urbania  majiwada thane west  mumbai  maharashtra,0.7169,77,approx_name_match
S1-471007347,sujata jewellers  india,no 6 2nd floor ramamurthy complex 2nd cross  kamaraj road  bangalore  karnataka,India,S2-301478365,sujata jewellers  india  private limited,door no 7 2nd floor ramamurthy complex 2nd cross  kamaraj road  karnataka,0.8933,57,approx_name_match
S1-471646133,ronin solution private limited,plot no    300 1362  po   baunsadiha ps   kamarda  dist    balasore  baunsdiha  balasore  orissa,India,S3-465183784,ronin solution infratech private,door no 723 plot no    300 1364  po   baunsadiha ps   kamarda  dist    balasore  baunsdiha  baleswar  od,0.8244,29,approx_name_match
S1-471824928,ernakulam foundation ltd,100 a7  c s complex kavumkara  market p o  muvattupuzha  ernakulam  kerala,India,S3-512373081,ernakulam foundation,no 2nd floor beevi complexc p ummar road cochin  idukki  ernakulam  kl,0.7507,4,approx_name_match
S1-471986666,axis brothers private limited,block no 179 a 1  vill  molvan  tal  mangrol  surat  gujarat,India,S2-327131139,axis brothers holdings private ltd,block no 179 a 14  vill  molvan  tal  mangrol  surat  gujarat,0.9198,17,approx_name_match
S1-473153699,ambica investigations limited,flat no a 1307  stargaze  s no   76  89 near windmill  bavdhan  haveli  pune  maharashtra,India,S2-310915403,ambica investigati0ns infratech limited,flat no a 1316  stargaze  s no   76  89 near windmill  bavdhan  haveli  maharashtra,0.7576,33,approx_name_match
S1-473616299,tech properties private limited,3  floor 3  plot 14  kamanwala chambers  phirozshah mehta road  horniman circle  fort  mumbai  maharashtra,India,S3-105822596,tech properties private limited,h no 501  nandini residency  tirumalagiri  hyderabad  tg,0.79,46,same_name_different_addr
S1-474093874,silver construction private limited,plot no  25  kundan nagar laxmi nagar  new delhi  east delhi  delhi,India,S3-631462644,silver construction  private limited,bengaluru   b3 131 rukmini towers  bangalore,0.8358,9,approx_name_match
S1-474383478,modern technology,chennai  thiruvalluvar nagar  tamil nadu  770  48th cross street,India,S2-356170438,modern technology,,0.85,4,same_name_different_addr
S1-474388698,growwell enterprises,f 14 57a  model town  new delhi  delhi,India,S2-905603568,growwell enerhprises  limited,f 0014 78a  model town  new delhi  delhi,0.818,26,approx_name_match
S1-474696683,rosy brothers llp,plot khasra no  2038  2039  haiwatmau mavaiya  sec  3  vrindavan yojna  lucknow  uttar pradesh,India,S3-854087607,rosy br thers br thers enterprises  llp,plot khasra no  d 2047  2039  haiwatmau mavaiya  sec  3  vrindavan yojna  lucknow  up,0.6211,86,approx_name_match
S1-47521163,mun innovation,gat no  392  plot no 3  urawade  tal  mulshi  pune  maharashtra,India,S3-900707192,mun innovation  exports company,gat no  39  pune  mh,0.7533,15,approx_name_match
S1-47524730,bombay investments limited,plot no  359 1818  ground floor aiginia  patrapada  ps  tamando  bhubaneswar  khordha  orissa,India,S3-743428529,bombay investments foods limited,ptot no  359 1823  ground floor aiginia  patrapada  ps  tamando  bhubaneswar,0.8653,103,approx_name_match
S1-47547127,celica   co,dadri  gautam buddha nagar  h  no  131  vill shahdara  noida  uttar pradesh,India,S2-822915343,celica   co public limited,no 152   vill shahdara  noida  dadri  uttar pradesh,0.7951,1,approx_name_match
S1-475591210,my exports,c o vitthal pawar  latur  maharashtra  pawar  house  p n 2299  deoni bk  deoni,India,S3-883094995,my  exports,,0.8394,35,approx_name_match
S1-475867726,matoshree trading private limited,709 pearl oasis  bldg no 39  c wing rani sati marg  malad  e  behind safa marva bldg pathan wadi  malad east  mumbai  maharashtra,India,S2-570074486,matoshree,,0.6313,50,approx_name_match
S1-476095776,jaipur constech,h 1162  third phase sitapura  jaipur  rajasthan,India,S2-755808757,jaipur constech private,no  65 bera ki dhani  boraj  phulera  jaipur  rajasthan,0.7653,55,approx_name_match
S1-476243062,global infra pvt ltd,room no 1  shama manzil chawl  new link road  behram baug  behind 3 star bakery  joges  hwari  w   mumbai  mumbai city  maharashtra,India,S2-809141847,global infra pvt ltd,202  floor 2nd  m 8c  chaitanya chs ltd  transit camp road  pratiksha nagar  mumbai  maharashtra   null,0.8032,54,same_name_different_addr
S1-476436807,high constructions pvt ltd,lasdawan nimbahera  rajasthan  chaganlal mali c o ratan lal  chittorgarh,India,S3-757312524,high constructions,mumbai  pl 827a 1c fl 1504 wing c raheja heights cmpx  nr nagri nivara parishad  malad e  mumbai city,0.7559,22,approx_name_match
S1-478539654,kk memorial trust,no  72  1st and 2nd stage  mahalakshmi industrial suburb  ward no  10  rajajinagar  bangalore  karnataka,India,S2-485733879,kk  memorial trust ventures co,no  d 79   1st and 2nd stage  mahalakshmi industrial suburb  ward no  10  rajajinagar  bangalore  karnataka,0.86,8,approx_name_match
S1-478593208,gnv trading private limited,ug 39 d 211laxman palza munirka  delhi  west delhi  new delhi,India,S2-894476193,gnv trading ventures private limited,ug 39 d 232laxman palza munirka  new delhi  delhi,0.8619,47,approx_name_match
S1-478793618,agra solutions llp,h no  a 6  part   neelgiri enclave alwatia  agra  uttar pradesh,India,S2-823069358,agra solutions ventures llp,h no  a 7  part   neelgiri enclave alwatia  agra,0.8578,5,approx_name_match
S1-478863214,first energy private limited,93 sector 20  shipra path in front of balaji garden  mansarover  jaipur  rajasthan,India,S2-691605991,first  energy private limited,,0.7598,10,approx_name_match
S1-479260646,mettupalayam men pvt ltd,no 17  3 8a  g k s nagar  mettupalayam  coimbatore  tamil nadu,India,S2-311514950,mettupalayam  llp center,door no 7   mahakavinagar  ponvizha nagar  mettupalayam  tamil nadu,0.7602,38,approx_name_match
S1-479456079,dime  india  private limited,rz 221  baba haridas enclave  jharoda kalan  najafgarh  new delhi  delhi,India,S3-294423336,dime  india  centre private limited,c o shahnaj begum  phulwari,0.7284,12,approx_name_match
S1-479624366,universal products,plot no  f 89  flat no  ff 02  slf ved vihar  loni  ghaziabad  uttar pradesh,India,S3-592876891,universal products,h no 5b housing board shoppingcomplex 5th floor west block kattapana p o  idukki  pathanamthitta,0.8554,47,same_name_different_addr
S1-479847961,chennai park public limited,ya sai2nd floor no3ivcross street east shenoy nagar near thiru vi ka park   chennai  tamil nadu,India,S2-579969219,chennai park overseas public l mited,ya sai2nd floor no16ivcross street east shenoy nagar near thiru vi ka park   chennai  tamil nadu,0.7751,1,approx_name_match
S1-479926892,jai projects private limited,mittaltower  bwing  12thfloor  126  narimanpoint  maharashtra  mumbai,India,S3-398736212,jai projects private limited,h no 460 sector no 2opp bldg no 48 mini market road indrayaninagar  pune  bhosari pune  mh,0.85,35,same_name_different_addr
S1-479987469,insta textiles limited,flat no  403  a   block  fortune heights sivaji nagar  viii agnampudi  gajuwaka  ward no 56  visakhapatnam  vishakhapatnam  andhra pradesh,India,S3-17235582,insta textiles enterprises limited,a   block  fortune heights sivaji nagar  viii agnampudi  gajuwaka  ward no 56  ap  visakhapatnam  vishakhapatnam  flat no  414,0.8709,3,approx_name_match
S1-480791569,bareilly estates pvt ltd,bareilly  hanuman gadi ke samne madinath  uttar pradesh  bareilly  house no  123,India,S2-883841611,bareilly esgatets enterprises pvt ltd,house no  144  hanuman gadi ke samne madinath  bareilly  uttar pradesh,0.7774,2,approx_name_match
S1-480877574,wazirpur industrial area research private limited,a 35  wazirpur industrial area  delhi,India,S2-19036084,wazirpur industrial area  research holdings private limited,a 56  wazirpur industrial area,0.8664,28,approx_name_match
S1-482245935,digital agro private limited,19 28 prabhat colony anand nagar  santacruz  east   mumbai  maharashtra,India,S3-595673431,digital agro private limited,h no 151 99  floor 9  a  gold field tower  sant rohidas marg kranti nagar  kala killa  dharavi  mumbai city  mumbai  mh,0.8003,11,same_name_different_addr
S1-483719938,north tech private limited,42 aalishan complex  opp dr valus hospital  ahmadabad city  ahmedabad  gujarat,India,S3-212527078,north tech private limited,1st floor  mumbai  gj,0.79,21,same_name_different_addr
S1-483784243,alpha first infra private limited,saraiya road  uttar pradesh  gorakhpur  c o mahendra kumar singh sonbarsa bazar  gorakhpur,India,S3-824370425,alpha first infra limited,gorakhpur                9 c o mahendra kumar singh sonbarsa bazar  gorakhpur,0.8785,28,approx_name_match
S1-48382131,gq electronic limited,nanded  tq  degloor  dist  nanded  h no  1171 at markhel  degloor  maharashtra,India,S2-733137353,gq electronic private limited,door no 1172 at markhel  tq  degloor  dist  nanded  degloor,0.8665,76,approx_name_match
S1-484117424,blue care private limited,house no  1181 sector 7d  faridabad  haryana,India,S2-348511713,blue care pvt ltd,door no 80 8floor b block sec 50  unitech business zone  sector  45  haryana,0.7717,42,approx_name_match
S1-484124646,synergy  india  insurance pvt  ltd,h 1102  bl 14  meshwo lig 2  veer savarkar heights  j bad  surat  gujarat,India,S2-85454593,synergy  india  pure pvt,hn 463 h 1123  bl 14  meshwo lig 2  veer savarkar heights  j bad  surat  gujarat,0.7688,1,approx_name_match
S1-484384078,ansuya welfare society,ahmedabad  b 501  ahmedabad  ganesh icon  opp  upvan avenue  ognaj  gujarat,India,S2-266268237,ansuya w lfare exports society,b 522   ganesh icon  opp  upvan avenue  ognaj  ahmedabad  gujarat,0.743,32,approx_name_match
S1-484600813,dhankalash holdings,dtj316  3rd floor dlf towers b jasola  new delhi  delhi,India,S3-853316252,dhankalash holdings overseas,dtj327  3rd floor dlf towers b jasola  new delhi  south east  dl,0.8658,14,approx_name_match
S1-484891679,durga services  india  pvt ltd,nechooli house  mandoli paramba  kaloor road  po  mankave kozhikode  kozhikode  kerala,India,S2-917981385,durga services  india  pvt limited,,0.7621,6,approx_name_match
S1-485730641,bulls  india  ecommerce,uttar pradesh  lucknow  227 sector 11 indira nagar  lucknow,India,S2-475441588,bulls enterprises ecommerce  india,uttar pradesh  231 sector 11 indira nagar  lucknow,0.7977,25,approx_name_match
S1-486025417,jain impex private limited,kh  no 502 448  h no e 472a new ashok nagar  delhi  east delhi  delhi,India,S2-227327447,jain impex private limited,a  lalit house no 806  nanded city  sinhagad road  nanded village  pune,0.8568,20,same_name_different_addr
S1-486258277,nashik equipment private limited,b 76 midc industrial area ambad  nashik  maharashtra,India,S3-60943256,nashik equipment infratech private limited,b 2 81 midc industrial area ambad  nashik,0.8479,31,approx_name_match
S1-48665058,shiva tech private limited,cabin no  1  office no  436  4th floor  tricity plaza peermuchalla  zirakpur  rajpura  mohali  punjab,India,S3-307931587,shiva tech private limited,flat no 405  4th floor  kothari terrace  indore  8 8 new palasia,0.8705,43,same_name_different_addr
S1-487156566,ventures blue edge private limited,c o samsath begam  palla st  tiruvannamalai  tamil nadu,India,S2-60524189,ventures blue edge,1st and 2nd floor  43  thirumalai rajapuram street  ambattur  tamil nadu,0.7612,19,approx_name_match
S1-487303220,swastik technology private limited,5 b  5th floor  goldline business centre  link road  malad west  mumbai  mumbai city  maharashtra,India,S3-455594094,swastik technology private limited,shiv shakti chawl  001  thane  dahisar n v  mh,0.79,11,same_name_different_addr
S1-487312682,sun trade private limited,c o vishnu subhanrao solanke  gurukrupa nagar  tq  parli  dist beed  beed  bid  maharashtra,India,S2-63253905,sun trade group private limited,maharashtra  no 83 c o vishnu subhanrao solanke  gurukrupa nagar  tq  parli  dist beed  beed,0.8945,15,approx_name_match
S1-487537523,universal estate private limited,gat no  254 255  kharbe wadi chakan talegaon road chakan  pune  maharashtra,India,S3-968948210,universal estate private ltd,no 78 8 a 6 10 1 d new krishna nagar  kurnool  yemmiganur,0.7714,8,approx_name_match
S1-488329036,perfect management private limited,plot no 11 159 47 b o  pragati ashram balaganj  lucknow  uttar pradesh,India,S2-363150323,perfect management private limited,tc 9 1201  mlr68 mangalam lane sasthamanagalam  thiruvananthapuram  thiruvananthapuram  keralam,0.85,7,same_name_different_addr
S1-488920146,mk   partners,d no 8 5 246  balanagar  tirumalagiri  hyderabad  telangana,India,S3-319211743,amk partners,h no 634 nrd tower  chennai,0.7769,5,approx_name_match
S1-489208892,ace systems pvt ltd,door no 50 1  paramathi velur  tamil nadu  st 2  new street   namakkal,India,S3-101880627,ace systems private ltd,house no  2 723  lala lajpat ray waard  rail toli  gondia  gondiya,0.7606,41,approx_name_match
S1-489264619,premier consultancy private limited,c o mithun vinayak  khobragade ganesh apprt  chandrapur ho  chandrapur  maharashtra,India,S2-329874053,premier technology private limited,d 19 c o mithun vinayak  khobragade ganesh apprt  chandrapur ho   null   maharashtra,0.7979,18,approx_name_match
S1-489289319,mumbai energy pvt ltd,a 602  amrit smriti  4 bungalows  andheri west  mumbai  maharashtra,India,S3-733164958,mumbai energy pvt limited,door no 953 a 13  mumbai  mh,0.7774,9,approx_name_match
S1-490214395,ss   brothers,c o smt padma padhi konark lodge main road dist  malkangiri  malkangiri  orissa,India,S3-872305531,ss   brothers,a   504 ankur apartmentopp bangur nagar goregaon  w   mumbai              mumbai,0.85,54,same_name_different_addr
S1-49050070,gujarat foundation,hyderabad  block 1  aryamitra butterfly alkapoor township  neknampur  puppalaguda  telangana  rangareddy  flat no102,India,S2-379220400,gujarat foundation ltd,h no 3rd floor  aswathy towers thekkumgopuram  kottayam,0.7696,73,approx_name_match
S1-490603633,new developers private limited,unit no 210  2nd flr  hammersmith industrial premises  sitaladevi temple road  mahim  west  mumbai  mumbai city  maharashtra,India,S3-145604609,new developers private limited,new byahut market  gopalganj,0.85,29,same_name_different_addr
S1-491121333,rk science private limited,p no 134  f 2  sri chandra residency  srinivasa nagar colony  dulapally x road  kompally  hyderabad  telangana,India,S3-288979065,rk science group private limited,block b 378 p no 145   null   cherlapally  tg,0.7535,35,approx_name_match
S1-491662331,classic producer private limited,neelkanth krupa  plot 36  sector 4  panvel  maharashtra  raigarh mh   shop 05  panvel,India,S3-572712462,classic producer private limited,c o jakkampushpa valli  west godavari  narasapuram,0.85,9,same_name_different_addr
S1-491950812,prime energy private limited,flat no 601  sixth floor  victoria tower block c  grand omaxe sector 93b  noida  gautam buddha nagar  uttar pradesh,India,S2-209735161,prime  energy private limited,sidharth nagar tamandal gorakhpur  gorakhpur  uttar pradesh,0.8402,44,approx_name_match
S1-492585736,kolkata jewellery ltd,26 1 1b  strand road 2nd floor  kolkata  howrah  west bengal,India,S2-359260460,kolkata jewellers pvt,suite   18  2nd floor 8 1 middleton row  kolkata  west bengal,0.6177,26,approx_name_match
S1-492679038,smart healthcare private limited,c o abdul jabbar abdul  sattar  0  bhami road  barwani  madhya pradesh,India,S3-66345806,smart healthcare private limited,,0.85,38,same_name_different_addr
S1-493207154,bright ventures pvt ltd,ghoramara  purbapara  serampur uttarpara  hooghly  west bengal,India,S3-596596190,bright ventures pvt ltd,m2b  301  krushnakunj chs  vikhroli east  mumbai,0.85,33,same_name_different_addr
S1-493288830,bombay consulting private limited,rangareddy  poddatur village  telangana  6 54 j  shankarlapally mandal,India,S3-342027793,sri bombay consulting stores private private,6 67 j  poddatur village  shankarlapally mandal  rangareddy,0.582,2,approx_name_match
S1-493686289,pioneer media,12 25 laxmi ng zopadpatti bhd gas godwn nr mata mandir goregaon west  mumbai  mumbai city  maharashtra,India,S3-581584822,pioneer media,senapathy perinchankutty p o  idukki,0.79,20,same_name_different_addr
S1-493943069,kanak traders private limited,madikeri  kodagu  behind convent  kodagu  no 47 9  karnataka,India,S3-704307627,kanak traders private limited,office no 304 s no 48  white squar  third floor  pune city  pune,0.8583,106,same_name_different_addr
S1-494414310,pune city estates,m s girme  s no 13  pune city  pune  maharashtra,India,S2-433725892,pune city eeattes llp,maharashtra  no 4 6 m s girme  s no 13  pune city,0.7578,7,approx_name_match
S1-495080582,dynamic constructions private limited,shri barondadevi  apt vikasnagari p p road  virar east  maharashtra  b 101  palghar  thane,India,S2-64607939,dynamic constructions trading private ltd,b 112  shri barondadevi  apt vikasnagari p p road  virar east  palghar  maharashtra,0.8833,17,approx_name_match
S1-496550114,shivam finance private limited,h no  101  achpal garhi  pilkuwa dehat  dholana teh dhaulana  pilkhuwa  ghaziabad  uttar pradesh,India,S3-890433744,shivam finance private limited,swpananagri nehru nagar  shop no 109  bhosari  pune,0.8571,59,same_name_different_addr
S1-496891669,developers sevenstar filters pvt  ltd,h  no  06  panchi bihar  azad nagar  barkheda  huzur  bhopal  madhya pradesh  huzur  bhopal  madhya pradesh,India,S3-444172118,developers sevenstha  filters exports pvt  ltd,h  no  3 19  huzur  bhopal  mp,0.7005,83,approx_name_match
S1-497120417,aditika international ltd,orchid 603 blossom   spring s  no 134 2 1 pashan  pune  maharashtra,India,S3-919234967,international aditika ltd overseas,orchid 603 blossom   spring s  no 134 2 12 pashan  pune  mh,0.7653,30,approx_name_match
S1-497220628,dickenson road impex private limited,s 922  manipal centre  47  dickenson road  bangalore  karnataka,India,S2-395491816,dickenson road impex infratech  private limited,s 925  manipal centre  47  dickenson road  null  karnataka,0.8602,45,approx_name_match
S1-497523312,raj systems private limited,plot no  65  jaidurga no  1  narendra nagar  nagpur  maharashtra,India,S2-749087644,raj systems private limited,plot no  1160   kedharnath nagar  shirpur  maharashtra,0.9,13,same_name_different_addr
S1-49884958,pn infrabuild private limited,first floor door no 3 54th lane ashok nagar  chennai  tamil nadu,India,S2-46965844,chennai steel p blic limited,plot 314 first floor  door no 5  54th lane  ashok nagar  chennai  tamil nadu,0.5611,7,approx_name_match
S1-500808636,ujala developers private limited,fl no 06  3 floor  gokhle  serenity  ganesh nagar  haveli  pune  maharashtra,India,S2-656448823,ujala  services private ltd,fl no 13  3 floor  gokhle  serenity  ganesh nagar  haveli  maharashtra,0.7187,18,approx_name_match
S1-501141417,international infra limited,h no 10 s f kh no 512 207 512 209 ashok mohalla maujpur opp bank of baroda  delhi  east delhi  delhi,India,S3-18927178,international  infra limited,,0.8353,11,approx_name_match
S1-503426718,bijnor rapid limited,h no 33 moh lohiyan  uttar pradesh  kshatriya nagar  dhampur  bijnore  bijnor,India,S2-322723220,bijnor far limited,dhampur road  near peer ki chungi nehtor  teh dhampur  nehtor  bijnor,0.6043,100,approx_name_match
S1-5046633,management synergy intercontinental corporation,old no  61 c  new no   1089  1st floor  8th main  5th cross  vijayanagar  bangalore  karnataka,India,S2-867715420,management synergy intercontinental industries  corp,door no 68 c   new no   1089  1st floor  8th main  5th cross  vijayanagar  bangalore  karnataka,0.8963,40,approx_name_match
S1-50564649,shivam healthcare private limited,plot no  6  rajasthan  manohar vihar  basni bagela village kudi  tehsil luni  pali road  jodhpur,India,S3-257861569,shivam healthcare private limited,hn 470 near badal talkies  rj  tehsil  bhilwara  behind dharm kanta,0.856,47,same_name_different_addr
S1-50595025,mrm threads private limited,ph 7  f 126  mohali  punjab,India,S3-474599887,mrm threads llp,f  135  ph 7  mohali  pb,0.8316,87,approx_name_match
S1-506246665,amod power corp,telangana  hyderabad  flat no 603 block d aparna height botanical garden rd kondapur near to chirec public school,India,S3-981684255,amod technologies corp,tg  k v rangareddy  hyderabad  flat no b3 604 block d aparna height botonical garden rd kondapur near to chirec public school,0.6887,43,approx_name_match
S1-50635785,modern foods limited,plot no 4  new no  a 223 f f  vipin garden  uttam nagar  delhi  west delhi  delhi,India,S3-221870486,modern foods private ltd,a 202 iind floor plot no 93shri ganesh aptts ip extence patparganj  divreportingcircle  new delhi  dl,0.7698,9,approx_name_match
S1-508960804,innovative marketing,new delhi  f 21  delhi  geetanjali enclave,India,S3-144807473,innovative marketing,e 820  room alpha  first floor  dsiidc industrial area  delhi  north west delhi  dl,0.8583,7,same_name_different_addr
S1-510337806,omway films pvt  ltd,central delhi  new delhi  delhi  4661 mahabeer bazarcloth market chandni chowk,India,S2-742108833,omway films overseas pvt  ltd,4668 mahabeer bazarcloth market chandni chowk  new delhi  delhi,0.774,55,approx_name_match
S1-510859937,lakshmi technologies private limited,orissa  cuttack  chaulinganjpo chaulinganj  cuttack,India,S3-47688956,sri lakshmi enterprises private limited partners,cuttack  od  h no 17 chaulinganjpo chaulinganj  gandarpur,0.546,1,approx_name_match
S1-513026447,hyderabad holdings,26 gnana sammanthapuram north street  rajapalayam  virudhunagar  tamil nadu,India,S2-61902625,hyderabad payment,h no 2 8 gnana sammanthapuram north street  rajapalayam  virudhunagar  tamil nadu,0.7597,15,approx_name_match
S1-514541640,amrit traders llp,604  shankar niwas  kalsekar parab road  dahisar west  mumbai  maharashtra,India,S2-207046544,amrit traders overseas llp,625  shankar niwas  kalsekar parab road  dahisar west  maharashtra,0.5347,36,approx_name_match
S1-514707918,global exports private limited,fp 5 3  tp 212  r s  305  opp swaminarayan mandir  ambli  sanand  ahmedabad  gujarat,India,S2-151635973,global exports private limited,s no  194 2 petals  fl  no  b 1101  nr sonigara kesar  pune city,0.8556,3,same_name_different_addr
S1-515041170,shiva infra private limited,d no 62 451 and 62 459  old no 41 1491 b and j  sandy  nook building chekarayinvalappu paramba  kozhikode  kerala,India,S3-810987330,shiva infra private limited,door no 605  rangareddy  tg,0.8568,50,same_name_different_addr
S1-515380385,india binary products private limited,teerth 64 b panchvati society 4th road  rajkot  gujarat,India,S2-985402278,india binary products holdings private,teerth 64 b panchvati society 17th road  rajkot  gujarat,0.8851,88,approx_name_match
S1-515628826,mr living private limited,shop no 3b  hanuman nagar  kothapet  sreemaan rama towers  chaitanyapuri  hyderabad  telangana,India,S2-556208334,mr  projects,shop no 12b  hanuman nagar  kothapet  sreemaan rama towers  chaitanyapuri  hyderabad  telangana,0.6287,6,approx_name_match
S1-515928839,shahjahanpur vision limited,moh  aziz ganj  near vrindavan garden  shahjahanpur  uttar pradesh,India,S2-868749348,shahjahanpur industries private ltd,c o s r food chain  room no b3 03  chukbhitara  sitapur road  shahjahanpur,0.6847,39,approx_name_match
S1-516760652,pm industries pvt ltd,sukhbir 1  karan gate  karnal  karnal  haryana,India,S2-411853419,pm industries overseas pvt limited,sukhbir b3 6  karan gate  karnal  karnal  haryana,0.8271,21,approx_name_match
S1-517088282,selvalakshmi nirman limited,jalna  maharashtra  ctc no  350 43  jalna  plot no 43  sr no 225  ganesh jinning,India,S2-883771823,selvalakshmi nirman thodupuzha exports corp,building no  6 1427  6 1419  ground floor  vellaringatt towers  by pass junction  thodupuzha  keralam,0.7001,7,approx_name_match
S1-51713019,pioneer logistics private limited,3  shubhalaxmi industrial estate  sarkhej  bavla highway  moraiya  ta sanan  d  ahmedabad  gujarat,India,S2-926875742,pioneer logistics private limited,,0.79,26,same_name_different_addr
S1-518614682,fortune exports private limited,850 39 1  4th main vijayanagar  bangalore north  bangalore  karnataka,India,S2-143783448,fortune exports private limited,c o sri  dhananjay shukla pahari  rohaniya vns  varanasi,0.79,45,same_name_different_addr
S1-518788634,monarch traders private limited,mumbai  bpt chawl  jakeria bunder road  cotton green railway station  kalachowky  plot no  941  maharashtra  mumbai city,India,S2-226317586,monarch  t private limited,no 8th floor  city bay address  cts no  14  p   17  boat club road  pune city,0.7407,52,approx_name_match
S1-518895227,eastern engineering private limited,s 183  baner flat no 4  near petrol pump dhanvantari hospitals   pune  maharashtra,India,S3-872336788,eastern engineering private limited,99  old prabhadevi road  mumbai,0.79,19,same_name_different_addr
S1-518897670,rama trading private limited,maharashtra  nanded  kawathawadi  barul   tq kandhar  nanded  h no 68,India,S2-943775682,sri rama trading enterprises private ltd,75   kawathawadi  barul   tq kandhar  nanded  maharashtra,0.7178,40,approx_name_match
S1-519158013,one it private limited,h no 3 4 bhogaram  ramannapet  nalgonda  telangana,India,S2-167268245,one it private limited,no 25  c o sumant kumar  bishanpur jichho  lodipur  sabour,0.8588,23,same_name_different_addr
S1-519640930,hyderabad wooden,sy  40 10 406  ramky brindavan colony road  hyder nagar  nizampet  hyderabad  telangana,India,S2-203706888,hyderabad wooden exports,no   70 sy  40 10 406  ramky brindavan colony road  hyder nagar  nizampet  hyderabad  telangana,0.9132,47,approx_name_match
S1-520744214,oss industries group of mumbai,triple  s heights  shop no 4  b wing  junction of zakaria rd  himanshurai rd  malad west  mumbai  mumbai city  maharashtra,India,S2-925783171,mr oss industries group of mumbai ventures,h no 27 triple  s heights  shop no 4  b wing  junction of zakaria rd  himanshurai rd  malad west  mumbai  maharashtra,0.8639,40,approx_name_match
S1-520954255,silver products private limited,nataraj building  krishna clinic nagamarai main road  pennagaram  dharmapuri  tamil nadu,India,S3-572056106,silver products private limited,270 3 agrahara street  erode,0.79,77,same_name_different_addr
S1-521136366,black management pvt ltd,shop no03 raj land colony  talegaon station maval  mawal  pune  maharashtra,India,S3-837966357,black management,vithai nivas at post landewadi bhosari  poona  pune  mh,0.7539,13,approx_name_match
S1-521357039,green marketing private limited,villa no  26  mapsko casa  bella  sector 82  gurgaon  narsinghpur  gurgaon  haryana,India,S3-496494767,green marketing private limited,no 91  2nd floor  4th cross  sudhamanagar bda layout  bhima nagar  mini ambedkar  bengaluru hq region  bangalore,0.8556,43,same_name_different_addr
S1-522765159,advance technologies private limited,visaka tower opp hockey stadium 1 8 303 69 3  s p road  secunderabad  secunderabad  hyderabad  telangana,India,S3-972947905,advance services,,0.6885,20,approx_name_match
S1-523093559,united agro private limited,a 162 defence colony  meerut  uttar pradesh,India,S3-390018502,united agro private limited,door no 30 m i d c central roadandheri east  mumbai,0.85,10,same_name_different_addr
S1-523638735,orbit consultancy,plot no 7 lane 1 budheswaru colony laxmisagar  bhubaneswar  khordha  orissa,India,S3-61060377,orbit center,phop no 5  a type  phase 7 salashree viharc  bhubaneswar  khordha  od,0.7522,11,approx_name_match
S1-524063712,kashyap   sons private limited,28c mayur vihar  ph 1 ocs  east delhi  delhi,India,S2-807793101,kashyap   sons private  limited,c o  a k mohanty  plot no 294 982  badambad  cuttack sadar,0.8468,50,approx_name_match
S1-524282593,mc lands ltd,pune  maharashtra  s no 1272 1282  pune  rujeta park  pune mumbai road  dapodi,India,S2-634582136,mc enterprises,s no 1272 1287  rujeta park  pune mumbai road  dapodi  pune  maharashtra,0.6264,94,approx_name_match
S1-524676810,mysore industries,no a 10  block no 3  vasu layout  k block  mysore  karnataka,India,S2-477252786,mysore  ltd center,sy no  193 2 3  194  mysuru hunsur road yelwal  mysore  karnataka,0.75,6,approx_name_match
S1-524685168,raj future construction private limited,f 11  rc plaza  main kirari chowk  new de  delhi  north west delhi  delhi,India,S2-608053146,raj future construction jewellers limited limited services,f 16   rc plaza  main kirari chowk  new de  delhi  delhi,0.847,37,approx_name_match
S1-524778289,sangli developers private limited,g no 19 near midc kupwad  sangli  maharashtra,India,S2-563497394,sangli mining private limited,g no 24 near midc kpuwad  sangli  maharashtra,0.7207,87,approx_name_match
S1-525023553,tirupati healthcare private limited,nirmala chambers  makdoompur  gomtinagar extension  lucknow  uttar pradesh,India,S3-116452646,tirupati healthcare private ltd,,0.7662,10,approx_name_match
S1-525695449,krishna builders private limited,plot no 3  front portion 2nd floor  block no 26  indira vikas colony  delhi  north delhi  delhi,India,S2-532159402,krishna builders private limited,12 241 3 a   near corporatiln bank  hyd,0.7971,12,same_name_different_addr
S1-525908140,super producer pvt ltd,303 30  meriton tower  north avenue omaxe city  bhadurgarh  jhajjar  jhajjar  haryana,India,S2-919365043,dr super producer stores pvt ltd,303 33  meriton tower  north avenue omaxe city  bhadurgarh  jhjajar  jhajjar  haryana,0.7752,19,approx_name_match
S1-525928327,vns memorial trust,2 62  poleramma ralla street  kandukur  prakasam  andhra pradesh,India,S2-398010965,vns memorial trust ventures,andhra pradesh   2 71  poleramma ralla street  kandukur,0.8386,39,approx_name_match
S1-527074176,south infotech private limited,k 1201  vaishnodevi sky  jahangirpura vanakala  rander  chorasi  surat  gujarat,India,S2-24995727,south infotech private limited,h no 320 t f c 1 alpha 1  krishna apra plaza  noida,0.85,37,same_name_different_addr
S1-527453537,green projects private limited,lower ground floor  office no 2  arcade 48  main sohna road  sector 48  gurgaon  haryana,India,S3-830462728,green projects private limited,room no  26 700 4  first floor  deepanjali building  near paramekkavu t  trichur  keralam,0.8615,5,same_name_different_addr
S1-527729640,analytics india of bengaluru,level 2  bengaluru  no 23  17th main  appaiah layout kg halli  jalahalli west  bangalore  karnataka,India,S3-396728295,analytics india of bengaluru group,ka  bangalore  level   11  bengaluru  no 23  17th main  appaiah layout kg halli  jalahalli west,0.9221,45,approx_name_match
S1-528124201,high care private limited,plot   659 7738  jyoti nagar 4th lane  brahmapur sadar  ganjam  orissa,India,S3-79744255,high care private limited,c 21 mansarowar garden  new delhi  seekri,0.85,16,same_name_different_addr
S1-528280543,shiv investment private limited,mumbai  maharashtra  flat no  21  b wing  vishwalaxmi  madhavdas  andheri  west,India,S3-698999329,shiv investment  private limited,no   901  winga  floor no 9  park side 1 raheja estate  kulupwadi  borivali  e   mumbai city  mumbai,0.8465,16,approx_name_match
S1-52948623,apex consultancy private limited,shop 131 3fl gruham icon  opp lake garden kosad  chorayasi  surat  gujarat,India,S2-726643518,east consultants pr vate limited,shop no    55  2fl gruham icon  opp  lake garden kosad  chorayasi  gujarat,0.5613,67,approx_name_match
S1-529977704,mitram chits private limited,office no  802  8th floor  merlin infinite  plot no 51  block dn  sector v  saltlake city  saltlake  north 24 parganas  west bengal,India,S3-854170557,mitram agrofoods private limited,office no  806  saltlake  wb,0.6136,47,approx_name_match
S1-530020797,balaji constructions,plot no  66 1035  p   mohanadivihar  cuttack sadar  cuttack  orissa,India,S3-669555020,balaji  constructions,door no 5th folor  b 505  kohinoor square  plot no 46  n  c  kelkar marg  opposite shivsena bhavan  dadar  w   mumbai  mh,0.856,16,approx_name_match
S1-530065716,first business,199  gagan vihar  delhi,India,S2-571601110,first business,no 63  nalanda  3rdfloor  oppbasavanagudiheadpo  krroad  basavanag  udi  bangalore,0.79,10,same_name_different_addr
S1-530537544,al construction private limited,no  1 420d  dhana vilasam  chirayinkeezhu  thiruvananthapuram  trivandrum  kerala,India,S3-618562783,al construction  private limited,,0.834,70,approx_name_match
S1-531828444,lakshmi marketing private limited,c 33 52  c 8 kh  chandua  behind sigra stadium  sigra  varanasi  uttar pradesh,India,S3-417552613,lakshmi  marketing private limited,p no a085  south city a block  lucknow  up,0.8198,21,approx_name_match
S1-532740375,blue business private limited,surney no  221  anjaiah estates  behind samatha colony  shaikpet   hyderabad  telangana,India,S3-970725677,blue business private limited,382  siddharth nagar gram nainod  indore,0.79,39,same_name_different_addr
S1-533048882,spectra morgan limited,promoter s add  ii 9 39 lajpat nagar  new delhi  delhi,India,S3-400525875,spectra morgan limited,117 margosa road malleswaram  bangalore  malleswaram,0.79,22,same_name_different_addr
S1-533792062,silver investment private limited,d no  l2 62  tnhb colony  sec 4  railar nagar  madurai north  madurai  tamil nadu,India,S2-346334119,silver investment limited,block f 519 d no  l2 64  tnhb colony  sec 4  railar nagar  madurai north  tamil nadu,0.9052,47,approx_name_match
S1-533858327,sunrise engineering private limited,2101  sadashiv pethvijay nagar  pune  maharashtra,India,S3-247770302,sunrise engineering private limited,f 2 52  mumbai  mumbai city  mh,0.79,41,same_name_different_addr
S1-534193809,east projects private limited,c o s o hakim qureshi baihar road baihar road br 13d 3  balaghat  madhya pradesh,India,S2-366986772,east projects private ltd,ps magnum  blokc ii  flat  2c vip road  kaikhali  kolkata  kolkata,0.7674,40,approx_name_match
S1-535237591,bangalore north ventures llp,13th floor  a wing trifecta adatto  itpl main road  garudacharpalya  mahadevpura post  bangalore north  bangalore  karnataka,India,S2-874945839,bangalore north  india,no 26th floor  a wing trifecta adatto  itpl main road  garudacharpalya  mahadevpura post  bangalore north  karnataka,0.7464,51,approx_name_match
S1-535361877,baba products private limited,15 s c  chakraborty road  kodalia  kolkata  south 24 parganas  west bengal,India,S3-9464289,baba products private limited,plot 895 d  201  lucknow,0.79,23,same_name_different_addr
S1-535847406,urban constructions private limited,71  canning street bagree market  1st floor  room no  c 121  kolkata  howrah  west bengal,India,S3-809230720,urban constructions private limited,,0.79,28,same_name_different_addr
S1-536253929,ag ivate limited,plot no  170 a  kh no  31 13  toder mal colony  najafgarh  new delhi  south west delhi  delhi,India,S2-731643825,tg ivate ltd,no 175 a   kh no  31 13  toder mal colony  najafgarh  new delhi,0.6439,12,approx_name_match
S1-536605797,adityapur law chambers limited,a 38  block a  east vinod nagar patparganj  east delhi  delhi,India,S3-851875622,adityapur law chambers industries limited,a 59  block a  east vinod nagar patparganj  east delhi   null   dl,0.8639,5,approx_name_match
S1-537103570,shiv best infra private limited,no 5  canal bank road  ra puram  chennai  tamil nadu,India,S3-861271896,shiv best  exports pvt ltd,no 5 30   chennai  tn,0.5489,26,approx_name_match
S1-537236282,swastik trading private limited,1 bori bunglow 49 s  k  bolerd  near siddhi vinayak temple prabhadevi opp  petrol pu  mp  mumbai  maharashtra,India,S3-599611464,swastik trading private limited,g c jaika aptscivil lines  nagpur  mh,0.79,12,same_name_different_addr
S1-53755955,perfect estate pvt ltd,c o mahadeo narsning jagatap at post dhakaletal baramati  pune  maharashtra,India,S3-947360184,perfect  estate,block e 2 07 c o chandraprakash partheshwar sakarwade tirora tah tirora district gondia tirora  tirora  gondiya  mh,0.7406,18,approx_name_match
S1-537631258,jayshri   brothers,plot no  226  road no  12  ayyappa society  jai hind enclave road  madhapur  shaikpet  hyderabad  telangana,India,S3-913174093,jayshri   brothers exports ltd,door no 227  road no  12  ayyappa society  jai hind enclave road  madhapur  hyderabad  shaikpet  tg,0.856,14,approx_name_match
S1-538325266,one media private limited,no 216 2  plot no 3  1st floor  nagawarapalya  c v raman nagar post  bangalore  karnataka,India,S2-320116935,one media private limited,,0.85,15,same_name_different_addr
S1-54053007,high infrastructure private limited,a 160  defence colony  ground floor  new delhi  south delhi  delhi,India,S3-529521128,high infrastructure limited,c 51 ganesh nagar  pandav nagar complex  east delhi  new delhi  dl,0.7643,8,approx_name_match
S1-541333808,anand healthcare private limited,new delhi  west patel nagar  7 5  delhi  new delhi,India,S3-263735795,anand healthcare pvt ltd,f p  defence colony  new delhi          south delhi  b 87 f f,0.7682,8,approx_name_match
S1-542631704,sky media limited,o  no   221 222 223  manas bhawan main 11  r n t  marg  indore  madhya pradesh,India,S3-903247434,sky sky media limited,,0.7543,28,approx_name_match
S1-542816992,kay   brothers private limited,8 b sreepur  rd  haltu  kolkata  howrah  west bengal,India,S3-255633224,kay   brothers private limited,h no 00 circular road  hardoi,0.8007,9,same_name_different_addr
S1-543887127,real international private limited,k v rangareddy  serilingampally  telangana  p 423 424b  bhargavasaisuryaresidency  f no 101,India,S3-929770442,real international constructions private ltd,f no 112  p 423 424b  bhargavasaisuryaresidency  serilingampally  madhapur  tg,0.6839,1,approx_name_match
S1-543888280,bagepalli rolls private limited,1st floor  10th ward  near  z p office  bagepalli  bagepalli  kolar  karnataka,India,S2-767531865,bagepalli talent private ltd,4s floor  10th ward  near  z p office  bagepalli  bagepalli,0.6881,53,approx_name_match
S1-543933079,cantt  fittings associates,cariappa road  34 cantt  cantt   kanpur nagar  uttar pradesh,India,S2-727530725,cantt  fittings associates infratech company,no   57 cariappa road  34 cantt  cantt   uttar pradesh,0.8511,141,approx_name_match
S1-544043978,sunrise it,unit no 901  9th floor  technocity co operative housing society ltd  plot no x5 3  ttc industrial area  mahape  rabale  thane  maharashtra,India,S2-806610092,sunrise it pvt ltd,unit no d 914  9th floor  technocity co operative housing society ltd  plot no x5 3  ttc industrial area  mahpe  rabale  maharashtra,0.9064,46,approx_name_match
S1-544372645,hotel infrastructure private limited,c 3 304  anushruti tower  muktidham jain derasar  daskroi  ahmedabad  gujarat,India,S3-340737674,hotel infrastructure  private limited,474 1 305a  kangulavalasa  amadalavalasa  srikakulam,0.7762,33,approx_name_match
S1-544373836,seven food,236 new arya nagar  ghaziabad  uttar pradesh,India,S3-875877494,seven food,thannipoika veedu near unity house  chittazha  vattappara  thiruvananthapuram  trivandrum,0.79,12,same_name_different_addr
S1-544779750,life tech pvt ltd,gujarat  917  rajkot  r k prime  next to silver hights nana mauva circle  150 ring road  rajkot,India,S3-867927977,life tech pvt ltd,,0.85,26,same_name_different_addr
S1-545815905,udumalpet entrepreneurs private limited,sf no 208  site no 39 neppolian nagar  c v patty  udumalpet  coimbatore  tamil nadu,India,S3-528913160,udumalpet india private limited,door no b3 1 anusam nagar 1st floor  udumalpet  coimbatore,0.6285,56,approx_name_match
S1-545831926,aditya logistics private limited,navimumbai  thane  maharashtra  c 29 ph ii central bldg turbhe,India,S3-309973071,aditya logistics private ltd,plot 708 flat 14 24 vijay nagari  annex gbroad  waghbil naka  thane  mh,0.7718,8,approx_name_match
S1-546433806,sun finance private limited,unit no  1102  solitair corporate park 167  guru  hargovind ji marg  andheri  e  ast   mumbai  mumbai city  maharashtra,India,S2-832126467,sun  finance private limited,no 24 first floor of ff 42  mangal bazar  laxmi nagar,0.8224,30,approx_name_match
S1-546491449,galaxy global private limited,h no 1275 deulgaon mahi deulgaon mahi  buldhana  mumbai  maharashtra,India,S3-101601439,galaxy  global private limited,plot no 85  auto nagar  mangalagiri  apiic 06  guntur,0.8302,44,approx_name_match
S1-546624831,trading amolak consultancy ltd,92  palasa mandal  srikakulam  andhra pradesh,India,S3-13512175,trading amolak  consultancy ltd,block f 937 9 6 41 2 1  hyderabad  tg,0.7668,83,approx_name_match
S1-547793432,ah horti private limited,floor   1  plot  746  j  v  house d  s  babrekar marg  dadar west  maharashtra  mumbai city  mumbai,India,S3-350282670,perfect infra pmrioate limited,mumbai  mh  dadar  west   j  v  house  1st floor  plot no  746  d  s  babrekar marg,0.5645,39,approx_name_match
S1-548466260,great energy private limited,409  suyash solitaire  near podar international school  gandhinagar  gandhi nagar  gujarat,India,S3-463936315,great energy private limited,hn 209 307  riverside  next to army csd depot  ahmadabad city  ahmedabad  gj,0.79,12,same_name_different_addr
S1-548486292,shyam logistics private limited,no 6 vivekananda road ramnagar  coimbatore  tamil nadu,India,S2-234215769,shyam  logistics private limited,room no  103  c 3  devraj building  s v  road  goregaon west  mumbai,0.8336,15,approx_name_match
S1-548836277,pooja syntex private limited,h no 402f  no sf 3  iiird floor om shanti puram  ghaziabad  uttar pradesh,India,S3-34542984,private pooja syntex group  limited,h no d 404f  ghaziabad  up  govindpuram  no sf 3  iiird floor om shanti puram,0.8114,6,approx_name_match
S1-550328857,mid exim corporation,khajuriyahapur airaya  fatehpur  uttar pradesh,India,S3-99756304,mixd  exim corp,no   85 khajuriyahapur airaya  up  fatehpur,0.5434,40,approx_name_match
S1-551512957,jai exports private limited,bangalore  karnataka  sterling shalom  no9 2 and 10 1 itpl main road  kundalahalli  bangalore  a 402,India,S2-495201888,jai exports private limited,no 5  first floor  visaltachi street balavinayagar nagar  arumbakkam  chennai,0.85,14,same_name_different_addr
S1-553981026,five services pvt ltd,g 41  jungpura extension new delhi  delhi  north delhi  delhi,India,S3-385055932,five services pvt ltd,block a 856 b 25 sagar apartment 6 tilak marg  mumbai  central delhi  dl,0.8575,1,same_name_different_addr
S1-554067461,aditya engineering,xion pscpacificmall2floor  shopno 234nr tuljabhavani  haveli  pune  maharashtra,India,S3-24708453,aditya engineering,girikunj d 1st floorl  s marg ghatkopar  w   mumbai  mh,0.85,31,same_name_different_addr
S1-554974437,juvenile sam pvt  ltd,a 30 a  second floor vishwakarma colony  delhi  north east  delhi,India,S2-513242515,juvenile sam enterprises pvt  ltd,a 34 a  second floor vishwakarma colony  delhi,0.797,15,approx_name_match
S1-555285528,shuban apps limited,beel akbarpur  greater noida  gautam buddha nagar  uttar pradesh,India,S3-164848316,shuban apps holdings,no 003 beel akbarpur  greater noida  gautam buddha nagar  up,0.8589,74,approx_name_match
S1-55654671,golden systems private limited,sr no 238  a wing shop no 108  austin plaza  pune city  pune city  pune  maharashtra,India,S3-995887677,golden systems private ltd,e 7  h no 16 lala lajpat  society  arera colony  divreportingcircle  bhopal,0.7686,7,approx_name_match
S1-55655699,super consulting private limited,chandannagar  balarambati  near station singur  hooghly  west bengal  c o lt kazi ekramulla,India,S3-842113463,dr gold it private limited,balarambati  near station singur  hooghly  wb  door no 726 c o lt kazi ekramulla  chandannagar,0.6091,4,approx_name_match
S1-556678809,shree vidyalaya center,f no 502  p no  5 highway castle  kachimet amt rd  nagpur  maharashtra,India,S2-721821820,shree vidyalaya,sr  no  89 yuthika e  flat no  403  haveli,0.753,40,approx_name_match
S1-557482509,high estate private limited,9 h  topsia road bansbagan  ground floor  kolkata  howrah  west bengal,India,S3-636323849,high  estate private limited,flat no  03 702 gut no  48 pink city near royal park  thane  ambernath,0.7587,22,approx_name_match
S1-557497836,north ventures pvt ltd,mumbai city  11  floor   grd  plot 1 3  ganesh bhavan khetwadi 3rd lane  girgaon  maharashtra  mumbai,India,S3-382722658,north ventures private ltd,13th floor  vikhroli corporate park  hindustan c  bus stop  lal bahadur shastri rd  gandhi nagar  vikhroli west  248 park  mh  mumbai,0.7549,17,approx_name_match
S1-559335588,premier producer private limited,b 184 1  new ashok nagar  delhi  east delhi  delhi,India,S3-932018480,premier  producer llp,flat b 2nd floor south patel nagar market  new delhi  north west delhi  dl,0.7582,12,approx_name_match
S1-559421388,india marvel distilleries pvt  ltd,h 7  sukhee jeevan complex jacob road  near ajmer pulia  jaipur  rajasthan,India,S2-23581665,india marvel associates pvt  ltd,h 9  sukhee jeevan complex jacob road  near ajmer pulia,0.7869,71,approx_name_match
S1-559767924,spick industries limited,house no 5  block d  kirti nagar  new delhi  delhi,India,S3-116644114,spick infratech limited center,house no 10  block d  kirti nagar  new delhi  dl,0.7006,14,approx_name_match
S1-560201175,smart investment private limited,kondhwa road  pune  maharashtra  sindh hindu co op society lullanagar  pune,India,S3-836596526,smart investment private limited,,0.85,47,same_name_different_addr
S1-560229871,silver properties private limited,12  2nd flr  sudha chs  plot no  605  15th roard  tps iii  bandra  mumbai  mumbai city  maharashtra,India,S3-950350546,silver properties private limited,door no 306 s c rajendrakunj comp  borivlai east  mumbai  mh,0.802,21,same_name_different_addr
S1-560645230,jewellers resorts private limited,156a  lenin sarani  kamalalaya centre 1st floor  room no f23  kolkata  kolkata  howrah  west bengal,India,S2-37145698,jewe1lers resorts exports private limited,hn 674 157a  lenin sarani  kamalalaya centre 1st floor  room no f23  kolkata  kolkata,0.738,7,approx_name_match
S1-56175584,city infotech private limited,no 60  2nd floor  outer  ring road  kadubisanahall  bangalore south  bangalore  karnataka,India,S3-120345825,city infotech private limited,c   wing  parmar trade centre  12  cannought road  pune,0.8579,8,same_name_different_addr
S1-562317826,vijayawada services limited,siva rao street  satyanarayanapuram  vijayawada  krishna  andhra pradesh  d no  23 23 11 1   23 23 11 a,India,S2-362811977,vijayawada services industries ltd,h no 23 23 11 2    23 23 11 a  siva rao street  satyanarayanapuram  vijayawada  andhra pradesh,0.8546,17,approx_name_match
S1-562532055,bharat agro,off  no 11  s no  199  204  205  206 1  209 1  plot no 45a  royal tower  pune  maharashtra,India,S3-238977787,bharat agro,bombay  mumbai              11 matru mandir 278 tardeo rdopp bhatia hospital grant road,0.8556,8,same_name_different_addr
S1-562950189,mauli international school private limited,shree kutir  opposite to drug institute  gajapati nag  ar  orissa  plot no  4706 p 20  khordha  bhubaneswar,India,S2-869842161,mauli international school limited,door no 4706 p 33   shree kutir  opposite to drug institute  gajapati nag  ar  bhdbaneswar  odisha,0.8722,85,approx_name_match
S1-56324200,sheesh  india  constructions ltd,east delhi  pooja complex  22  veer savarkar block  406 407  east delhi  delhi,India,S2-299373557,sheesh  india  constructions limited,p 170   new delhi  delhi,0.7809,11,approx_name_match
S1-563590056,sree estate private limited,794 vasudev pandey ka purwa  bhairopur tikra bikapur  faizabad  uttar pradesh,India,S2-420856638,sree estate limited,uttar pradesh  no c 805 vasudev pandey ka purwa  faizabad,0.8032,75,approx_name_match
S1-563978418,vsa consultants,82 5  block a  1st floor  wazirpur indutrial area  delhi  north west delhi  delhi,India,S3-32587920,vsa consultants ventures,north west delhi  delhi  dl  82 8,0.6611,70,approx_name_match
S1-564302113,new delhi infotech ltd,no  95  f i e  patparganj  ground floor industrial area  new delhi  east delhi  delhi,India,S2-976850645,new delhi infotech corp,t 19   okhla ind area  phase ii near h no  t  18  new delhi  delhi,0.7796,4,approx_name_match
S1-56520703,super global,bangalore  32 2nd floor 58th cross 4th block rajajinagar  karnataka,India,S3-17885723,super global,301 314  vadodara          samyak status  near d  r  amin school  new district court road  vadodara,0.79,19,same_name_different_addr
S1-565387977,premier technology private limited,noida  a 84 block a sector 80  uttar pradesh  gautam buddha nagar,India,S3-324205523,premier technology private ltd,,0.7651,9,approx_name_match
S1-565670259,vbx trip pvt ltd,g5 e  kakkalur industrial estate  thiruvallur  tamil nadu,India,S2-965397284,pvt vbx platform ltd,g2 6 e  thiruvallur  tamil nadu,0.6581,29,approx_name_match
S1-565870123,surya foods private limited,vp  unbadagaon  the  baswa  dausa  rajasthan,India,S3-694558622,surya foods private limited,flat no 402 sri nilayam  sri ram nagar  laxmi naga  k v rangareddy  serilingampally  tg,0.85,21,same_name_different_addr
S1-566906038,fmg academy,a 748  sushant lok 1  galleria dlf iv  gurgaon  haryana,India,S3-48267047,fmg global limited,a 0751  sushant lok 1  gurgaon  galleria dlf iv,0.6326,29,approx_name_match
S1-5678247,white construction llp,jabalpur  madhya pradesh  gram  simariya belkhadu patan  c o chhote lal  jabalpur,India,S2-353282828,white construction,a  13 shastri nagar  jaipur,0.7696,33,approx_name_match
S1-568844565,immense infra of bhopal private limited,house no  h 73  bhadbhada road  huzur  mungalia chhap  bhopal  bhopal  madhyapradesh  india  bhopal  madhya pradesh,India,S2-397399103,immense infra of bhopal holdings private,house no  h 76  bhadbhada road  huzur  mungalia chhap  bhopal  bhopal  madhyapradesh  india  bhopal  madhya pradesh,0.8974,109,approx_name_match
S1-568909873,energy nu technologies corp,howrah  47c 1 sri aurobindo sarani  kolkata  west bengal  ground floor  kolkata,India,S3-720702479,energy nu technologies industries,19 ground floor  47c 1 sri aurobindo sarani  kolkata  kolkata  howrah  wb,0.8562,46,approx_name_match
S1-569070529,alpha estate private limited,sai shamik plaza  4 3rd cross msre road  bangalore north  bangalore  karnataka,India,S2-776742304,alpha estate solutions pirvate  limited,no  27 sai shamik plaza  4 3rd cross msre road  bangalore north  karnataka,0.879,11,approx_name_match
S1-569238292,blue constructions limited,h no 1 98 5 4 1 pr 301  sy no 79  shaikpet  hyderabad  telangana,India,S3-597756694,blue constructions ltd,fno305  syn 56p 57p  meghan shilpa hills  kondapur  hyderabad  tg,0.7635,13,approx_name_match
S1-569360429,foundation cr promoters limited,tc 10 1091 4  melathumele vattiyoorkavu  thiruvananthapuram  trivandrum  kerala,India,S2-277567992,foundation cr promoters exports   www foundation com,tc 10 1091 25  melathumele vattiyoorkavu  thiruvananthapuram  kerala,0.8465,37,approx_name_match
S1-570308616,shiv infrastructure private limited,2503  tower 14 lotus boulevard  sector 100  noida  gautam buddha nagar  uttar pradesh,India,S2-238288507,shiv infrastructure private limited,shop no 8 gayatri enclave  plot no 10a  sector 6  raigad,0.7968,42,same_name_different_addr
S1-570404617,innovative properties private limited,no  60 4  konappana agarahara  environ tower  hosur rd  electronic city  bengaluru  bangalore  karnataka,India,S3-461354311,innovative properties private limited,pardi          barwadi faliyu  pariya  valsad   30 5 19,0.85,69,same_name_different_addr
S1-57083149,bz broadband private limited,mumbai  maharashtra  mumbai  101 sinchan aptnew link road off veera rd andheri west,India,S2-301087247,bz broadband public limited,110 sinchan aptnew link road off veera rd andheri west  mumbai  maharashtra,0.839,12,approx_name_match
S1-571708910,gay tradecorp private limited,135d  t f  dda lig mother dairy  motia khan  central delhi  delhi,India,S2-895180180,gay tdraecorp infratech private limited,146d  t f  dda lig mother dairy  motia khan  delhi,0.7593,18,approx_name_match
S1-572032393,red it private limited,sharada parkjote sibrampore  kolkata  howrah  west bengal,India,S2-970542578,red it private limited,,0.85,13,same_name_different_addr
S1-572317494,shivam software private limited,unit 1401  4th floor  ett tower 2  b 36  sector 132  noida  gautam buddha nagar  uttar pradesh,India,S2-56838529,shivam software private limited,145 9  near netaji boys school subash pally ward no 20  siliguri,0.79,9,same_name_different_addr
S1-57236519,navi mumbai agro private limited,flat no  b 1201  pratik grdan  plot no  153 to 165  sector no  34  kamo  the  navi mumbai  mumbai city  maharashtra,India,S3-548706796,navi mumbai agro private limited,flat no  1004  royal galaxy sector 10  plot no 180  kharghar  navi mumbai  raigarh  mh,0.8846,3,same_name_different_addr
S1-572511883,shakti exports private limited,plot no  51 101  sudam nagar  midc near akshay gas agency  dombivali east  dombivali  thane  maharashtra,India,S2-811655801,shakti exports private ltd,19t floor 1403b  manjeera trinity corpor jntu hi tech city road 3rd phase kphb k  hyderabad,0.7599,39,approx_name_match
S1-573109972,royal industries pvt ltd,52 52a nanubhai desai roadislampura street  mumbai  maharashtra,India,S3-269580915,royal industries pvt ltd,no 670 2b 114  kandivali east  mh,0.79,3,same_name_different_addr
S1-573696158,fleet farm private limited,no 2b  rajamannar street  t nagar  chennai  tamil nadu,India,S2-254056847,fleet forwarding private limited,,0.5903,74,approx_name_match
S1-574332439,white constructions limited,ideal tower i  2nd flr s3  5d tarapada santra sarani  kolkata  kolkata  howrah  west bengal,India,S2-551158483,white  constructions limited,flat 3  36 1  tollygunge circular road  kolkata  kolkata,0.8276,45,approx_name_match
S1-574380938,srirama holdings,chhindwara  irrigation colony  chhindwara  madhya pradesh,India,S3-897005693,srirama holdings  industries,chhindwara  h no   3 irrigation colony  mp,0.8033,36,approx_name_match
S1-575057120,kochi  india  pvt ltd,3rd floor  no xviii  1709 near govt up school  padamugal  kakkanad  kochi  ernakulam  kerala,India,S3-240852776,kochi  india  infratech pvt ltd,10rd floor  no xviii  1709 near govt up school  padamugal  kakkanad  ernakulam  kochi  kl,0.8574,33,approx_name_match
S1-575676000,vivir   brothers ltd,khata no 299 357 mohhmadpur  jharsa  sadar bazar  gurgaon  haryana,India,S3-872058291,vivir brothers  holdings ltd services,khata no 299 4 359 mohhmadpur  jharsa  sadar bazar  gurgaon,0.8122,22,approx_name_match
S1-576306113,skv city private limited,d   1  gyan ganga bda colony  kohe fiza  bhopal  madhya pradesh,India,S2-438901259,smt skv kiran private  limited,d   2  gyan ganga bda colony  kohe fiza  madhya pradesh,0.7234,53,approx_name_match
S1-577203360,paras equipments private limited,clayworks create   building  11th km create campus  arakere bannerghatta rd  bengaluru  bangalore  karnataka,India,S2-838562144,dr paras equipments limited,karnataka  h no 92 clayworks create   building  11th km create campus  arakere bannerghatta rd  bengaluru,0.8182,25,approx_name_match
S1-577373466,baba software private limited,h no 202  plot no 245 to 249  ksr vasistha towers  bhagyanagar colony  phase 3  western hills  tirumalagiri  hyderabad  telangana,India,S3-600551873,baba software private limited,g 61 c o ramling haridas ghule  at post  washi tq  bhoom  dist  osmanabad  osmanabad,0.85,14,same_name_different_addr
S1-577432739,krishna charitable trust,building no 469 c  ward no 2  neerungal karukutty po  ernakulam  kerala  india  68  3576  karukutty  ernakulam  kerala,India,S3-889144196,krishna  charitable trust,mumbai city  mumbai              shah trade centre  rani sati marg  malad  east   7th flor,0.8231,22,approx_name_match
S1-57790128,planet brothers private limited,amethi  idgah masjid compound saitha chauraha  uttar pradesh  gauriganj  sultanpur,India,S2-368028477,private raibareily services limited,village gujartola  amethi road  gauriganj  raibareily  sultanpur  uttar pradesh,0.5347,38,approx_name_match
S1-577906143,bombay products private limited,ugf 239 d  sushant shopping arcade  sushant lok1  gurgaon  haryana,India,S2-557169093,bombay  products private limited,door no 9 77  n s  road 5th floor  room no  5 d  kolkata,0.8266,11,approx_name_match
S1-578111122,red developers,rajasthan  sheoganj  sirohi  shop no  107  cinema gali kamla state  c o ramesh kumar,India,S3-480391355,red developers,jodhpur  c 95            jodhpur  saraswati nagar  housing board basni,0.8571,21,same_name_different_addr
S1-578602531,sai international private limited,unit no 208  2nd floor  cears plaza  no 136  residency road  bangalore north  bangalore  karnataka,India,S2-241175547,private 8hagalpur systems  limited,no  136  cears plaza unit no g06 residency road  bangalore,0.5721,13,approx_name_match
S1-578735112,emsons vinimay private limited,c 15 340  lallapura  varanasi  uttar pradesh,India,S2-206683853,emsons lessors private ltd,c 15 345  lallapura  varanasi,0.6219,3,approx_name_match
S1-578920553,urban investments private limited,ghazipur  100a ward no  09  azad nagar zangipur  uttar pradesh,India,S3-621066182,urban investments jewellers  private limited,no 107a ward no  09  azad nagar zangipur  ghazipur  up,0.8446,8,approx_name_match
S1-579208560,infotech hospital,maharashtra  mumbai  mumbai city  navjivan sakivihar nanshi munshi quarry sakinaka opp  ansari kurla  14,India,S2-682657817,infotech hospital  enterprises,15  navjivan sakivihar nanshi munshi quarry sakinaka opp  ansari kurla  mumbai  maharashtra,0.8761,40,approx_name_match
S1-579255404,tradelink trading pvt ltd,first floor  23 1  ganesapuram 3rd street off cenotaph road  teynampet  chennai  tamil nadu,India,S3-41471,m s tradelink trading overseas pvt,no 23  first floor  23 1  ganesapuram 3rd street off cenotaph road  teynampet  chennai  tn,0.7779,43,approx_name_match
S1-579349329,all care pvt ltd,c o charan singh  daulah  sohna haryana  sohna  gurgaon  haryana,India,S3-464019549,all care llp,dor no 36 9 c o charan singh  sohna  nuh  hr,0.8052,10,approx_name_match
S1-579427809,arsh sangh,ist floor cn 829  street 7  village wazirabad  outer ring road  delhi,India,S3-746716648,arsh sangh enterprises,door no 87 ist floor cn 850  street 7  village wazirabad  outer ring road  delhi,0.8837,58,approx_name_match
S1-5795969,sun technologies private limited,neelkamal apartment  flat 5f  elgin road 41  lala lajpatrai sarani  kolkata  howrah  kolkata  west bengal,India,S3-540144715,m s sun technologies limited,door no 50 neelkamal apartment  flat 5f  elgin road 41  lala lajpatrai sarani  kolkata  kolkata  howrah  wb,0.6738,21,approx_name_match
S1-579643498,ri view ltd,roomno 2  ward 1  vallippok  vellila  mankada  perinthalmanna  malappuram  malapuram  kerala,India,S3-339509549,ri holdingsprivate ltd,roomno 7  ward 1  vallippok  vellila  mankada  perinthalmanna  malappuram  malapuram,0.6572,6,approx_name_match
S1-57968963,indian management pvt ltd,kheri  gola gokarannath  uttar pradesh  lakhimpur kheri  bharat bhusan colony bai pass,India,S3-796016298,indian management  ltd,mathura  9b 1  up  mathura,0.7535,10,approx_name_match
S1-580053160,tirupati red developers private limited,c 25 hanuman nagar  keshopura  jaipur  rajasthan,India,S3-468987241,tirupati tech red private limited,c 32 hanuman nagar  keshopura  jaipur  rj,0.7401,16,approx_name_match
S1-580537862,indian infotech private limited,no 5 277 a  survey no 214 1  sri balaji nagar  srinivasapuram  kolathuvancherry  kancheepuram  tamil nadu,India,S3-886277251,indian  infotech private limited,calcutta  16a lake view road              kolkata,0.8195,10,approx_name_match
S1-580545703,jain one estate private limited,c o avijit bhattacharyya  aquatic palace  pl e2xg  west bengal  nadia,India,S2-397745019,naik  nursing home private limited,c o avijit pratihar  dakshinbar baital  bankura  west bengal,0.5367,16,approx_name_match
S1-580676190,skies institute of technology,door no 63  37th b cross  jayanagar  9th block  bengaluru  karnataka,India,S2-277274335,skies insttiue of technology ventures,door no 76  37th b cross  jayanagar  9th block,0.739,32,approx_name_match
S1-580778924,holiday rang private limited,sangli  sawantpur vasahat  kirloskarwadi road  kirloskarwadi  tal  palus  maharashtra  sangli  866,India,S3-260570745,holiday  rang holdings private limited,875  sawantpur vasahat  kirloskarwadi road  kirloskarwadi  tal  palus  sangli  mh,0.8269,34,approx_name_match
S1-581335808,jay tech private limited,113  1st floor  rajasthan technical centre services  lbs marg  ghatkopar west  mumbai  maharashtra,India,S3-181178636,jay tech private limited,mno 455 a p wadaki taluka haveli dist pune  mh  pune,0.79,17,same_name_different_addr
S1-581645400,friends public school,no 31 1  yash cottage  a   b block  anglo indian lane  austin town  bangalore north  bangalore  karnataka,India,S2-897358728,friends cargo,no   31 4   yash cottage  a   b block  anglo indian lane  austin town  bangalore north  karnataka,0.7076,6,approx_name_match
S1-58244991,bankura solutions private limited,c o prasanta bhui  nischintapur dumutore  raipur  bankura  west bengal,India,S2-16711080,bankura animal private limited,c o  pratima das  kenjakura  namapara  bankura  bankura  west bengal,0.6907,74,approx_name_match
S1-582671932,smart engineering private limited,sr no 1721 near highway  washi  kallam  osmanabad  maharashtra,India,S2-142979847,smart engineering private ltd,sf 9  city square opp  science city road  sola  ahmedabad,0.7639,37,approx_name_match
S1-58287665,owners community  india  private limited,b 210  2nd floor  abhishek complex  asarva  gujarat  ahmedabad,India,S2-531107360,owners community  india  limited,b 215  2nd floor  abhishek complex  asarva  ahmedabad  gujarat,0.9294,16,approx_name_match
S1-583969372,dream software pvt ltd,madhya pradesh  bhopal  plot no 113  huzur  first floor  indrapuri,India,S3-8191091,dream software private ltd,plot no b3 288f  hyderabad  balanagar  tg,0.7726,11,approx_name_match
S1-5843839,professional institute,7 64  prakash nagar  hafeezpet  tirumalagiri  hyderabad  telangana,India,S2-564869972,professional institute enterprises,7 65  prakash nagar  hafeezpet  tirumalagiri  telangana,0.852,1,approx_name_match
S1-584519617,kongunadu engineering private limited,wayanad  ward no   1x  block no   19  valappil complex  gudlai  road  kerala  kpa   ix 205 14r  kalpetta,India,S3-885421329,kongunadu engineering limited,kpa   ix 205 15r  ward no   1x  block no   19  valappil complex  gudlai  road  kalpetta  wayanad  keralam,0.9221,71,approx_name_match
S1-584735027,galaxy healthcare private limited,17th  floor unit 1710 code name no 1  one lodha place senapati bapat marg upper worli  lower parel  mumbai  maharashtra,India,S2-899133519,galaxy healthcare private limited,,0.85,82,same_name_different_addr
S1-584972875,one management private limited,shop no  3  hariom commercial complex  new dakbanglow road  patna  bihar,India,S3-966076935,one management  private limited,pune  sr no  05  pune  plot no  2  vijay alankar socy dhankawadi,0.8409,17,approx_name_match
S1-585196108,swastik investments private limited,439 cc1 hardoi road  koneshwar chauraha  chowk  lucknow  uttar pradesh,India,S3-472787824,swastik investments  private limited,road no 5  tg  shaikpet  2 293 82 a 29 1 g 1  kandukur,0.7826,46,approx_name_match
S1-585611664,white marketing private limited,209 a 1 b  balaram street  mumbai  maharashtra,India,S2-820643168,white marketing private limited,a 812  signature 2  near  sanand circle  sg highway  daskroi,0.7988,19,same_name_different_addr
S1-585641455,avp   associates private limited,3c 206  nit  faridabad  haryana,India,S3-696369915,avp   associates enterprises private ltd,3c 207  nit  faridabad  hr,0.8224,29,approx_name_match
S1-586273167,arunodaya geospatial llp,1 63  kallat po  kuttiadi  kozhikode  kerala,India,S3-350149413,arunodaya promotersprivate llp,1 68  kozhikode  kl,0.5614,72,approx_name_match
S1-586862166,city properties private limited,avinashi road  m  palayam pirivu  coimbatore south  d no  1 507 g2  tamil nadu  coimbatore,India,S3-472407839,city properties private limited,,0.85,13,same_name_different_addr
S1-587243380,blue trading private limited,s 5  midc industrial area  hingna road  nagpur  maharashtra,India,S3-600898596,blue trading private limited,,0.85,17,same_name_different_addr
S1-588734309,eastern trading private limited,tantea complex  orange grove road  coonoor  tamil nadu,India,S2-418540634,eastern trading private ltd,,0.7613,15,approx_name_match
S1-589036737,dny computer private limited,plot no 61  green hills colony  habsiguda  hyderabad  telangana,India,S2-974904847,dny om private,telangana  plot no 72  green hills colony  habsiguda,0.6964,1,approx_name_match
S1-589533019,smc storage private limited,thane  office no 431 434 plot no 2  maharashtra  3  4  bombay oil seeds sector 19a vashi navi mumbai  thane,India,S2-156630890,thane private limited center,plot no 2 3 4 office 309  sec 19a  bombay oil seeds  thane,0.5671,68,approx_name_match
S1-590218572,silver business private limited,c   188  phase   vii focal point  ludhiana  punjab,India,S3-335415324,silver business private ltd,c o pooran singh  puch gowan  patihasanpur  meerut,0.7747,14,approx_name_match
S1-59035554,neelkanth consultancy,khasra no  1997 2684 haiwatmau mavaiya sarojani nagar  lucknow  uttar pradesh,India,S3-98293651,sri neelkanth cosndltftncy industries,khasra no  1997 2693  haiwatmau mavaiya sarojani nagar  lucknow,0.7358,56,approx_name_match
S1-590518966,mega welfare society,h no  6 1 488 1 b  nehru nagar  khairatabad  hyderabad  telangana,India,S2-748255575,mega  welfare society group,h no 6 1 488 14 b   nehru nagar  khairatabad  telangana,0.9095,22,approx_name_match
S1-590663353,golden trading limited,opposite chaudhary dharam kanta mahendergarh road  satnali  mahendragarh  haryana,India,S2-213724262,golden trading limited,ground floor  15 m n saha road  dumdum  kolkata  kolkata,0.8588,59,same_name_different_addr
S1-591249307,nagtech services pvt ltd,b 126 mastermind 1 royal palms aarey colony  s no  169  filmcity road  goregaon east  mumbai city  maharashtra,India,S3-967127763,nagtech services public,h no 2b 8 nirmal park s  no  11 1b padmavati  pune  mh,0.7441,50,approx_name_match
S1-59160732,future global private limited,f 40  first floor  desh bandhu gupta road market  karol bagh police station  karol bagh  central delhi  delhi,India,S2-159006729,future global private limited,bavdhan mangesh garden  sno  2 2 1  flao  a 4 pune  bavdhan  pune,0.85,6,same_name_different_addr
S1-591796719,guru trading private limited,e 365 f f kh  no 823   824 gali no  4 jagjeet nagar near nala  delhi  east delhi  delhi,India,S2-184895481,guru trading private limited,bldg no 97 2nd flr  deor no 422 shirke apt  bangalore south,0.856,23,same_name_different_addr
S1-594366437,hyderabad servicesprivate,suit no 104  p no 4   5  kavuri supreme enclave road no 36  jubilee hills  hyderabad  telangana,India,S3-916972878,hyderabad services private,f no 42054  hyderabad  null  tg,0.8184,2,approx_name_match
S1-59612441,south technology,s 338 tower b ansal corporate plaza palam vihar  gurugram  gurgaon  haryana,India,S2-838499785,south technology,plot 451 unit no 1301  13th floor  peninsula business park tower b senapati bapat marg  lower pare  l west  mumbai,0.86,13,same_name_different_addr
S1-596441016,jaishree consulting private limited,tamil nadu  lalbhagadur sasthiri street tambaram east  chennai  no 15  chennai,India,S2-194135531,jaishree trust limited,no p 00227 sector xlic colony jeevan bhima nagar bangalore  bangalore,0.6929,27,approx_name_match
