tree
version=v4
num_class=1
num_tree_per_iteration=1
label_index=0
max_feature_idx=27
objective=binary sigmoid:1
feature_names=levenshtein_name jaro_winkler_name token_jaccard_name token_containment_name exact_name_match prefix_4_name suffix_4_name char_len_ratio_name token_count_diff_name legal_suffix_match rare_token_shared token_jaccard_address digit_jaccard_address street_number_match postal_code_match levenshtein_address both_have_address address_len_ratio country_is_us country_is_india country_is_france source_is_s2 source_is_s3 name_x_addr_overlap min_token_len_name first_token_match last_token_match numeric_conflict_penalty
feature_infos=[0:1] [0:1] [0:1] [0:1] [0:1] [0:1] [0:1] [0:1] [0.076923079788684845:1] [0:1] [0:1] [0:1] [0:1] [0:1] [0:1] [0:1] [0:1] [0:1] [0:1] [0:1] none [0:1] [0:1] [0:1] [0:13] [0:1] [0:1] [0:1]
tree_sizes=3431 3493 3464 3462 3462 3482 3459 3469 3468 3486 3473 3484 3478 3487 3476 3476 3504 3480 3488 3486 3481 3479 3481 3472 3495 3497 3471 3480 3484 3484 3479 3488 3481 3493 3495 3485 3489 3479 3489 3494 3467 3481 3494 3513 3482 3488 3495 3510 3502 3476 3492 3482 3491 3479 3502 3504 3496 3497 3495 3498 3498 3477 3487 3517 3482 3500 3495 3486 3515 3491 3512 3500 3512 3497 3512 3486 3495 3501 3502 3502 3493 3486 3493 3503 3504 3502 3512 3522 3502 3502 3519 3495 3503 3502 3513 3514 3501 3519 3538 3534 3533 3533 3521 3507 3514 3535 3514 3507 3538 3517 3516 3510 3512 3510 3515 3517 3502 3515 3515 3508 3515 3515 3528 3503 3509 3525 3517 3515 3531 3527 3510 3505 3522 3506 3510 3535 3507 3498 3524 3486 3519 3510 3528 3491 3519 3522 3524 3512 3527 3520 3510 3503 3518 3515 3534 3530 3528 3500 3519 3529 3502 3515 3529 3519 3515 3527 3519 3527 3544 3500 3527 3520 3522 3521 3512 3524 3529 3534 3569 3528 3509 3570 3515 3529 3535 3526 3516 3542 3525 3562 3542 3553 3520 3524 3552 3544 3530 3520 3500 3530 3532 3521 3552 3502 3535 3563 3544 3525 3533 3533 3522 3507 3565 3526 3496 3534 3516 3574 3535 3580 3521 3523 3501 3577 3516 3525 3523 3529 3542 3509 3544 3488 3500 3524 3525 3518 3494 3516 3508 3535 3528 3510 3519 3519 3529 3582 3551 3482 3539 3580

Tree=0
num_leaves=31
num_cat=0
split_feature=11 17 1 21 11 21 11 21 2 17 13 3 2 2 1 7 3 11 11 21 17 1 15 1 2 26 1 3 12 12
split_gain=169037 12698.4 2979.16 1021.62 713.565 1262.09 476.55 1046.47 349.476 332.508 242.507 235.301 186.314 150.904 126.718 114.733 114.612 74.396 61.2382 220.195 162.313 124.091 51.0891 44.6155 45.461 44.0063 40.1971 33.5435 26.762 19.2479
threshold=0.18350168317556384 0.28215467929840093 0.8494696617126466 1.0000000180025095e-35 0.24499999731779101 1.0000000180025095e-35 0.13100686669349673 1.0000000180025095e-35 0.89444443583488475 0.47925275564193731 1.0000000180025095e-35 0.73214286565780651 0.074175827205181136 0.069047622382640853 0.88022258877754223 1.0000000180025095e-35 0.61250001192092907 0.12060606107115747 0.29520697891712194 1.0000000180025095e-35 0.63034346699714672 0.89143985509872448 0.54358378052711498 0.92633762955665599 0.86607143282890331 1.0000000180025095e-35 0.99298030138015758 0.81666666269302379 0.30952382087707525 0.41428571939468389
decision_type=2 2 2 2 2 2 2 2 2 2 2 2 2 2 2 2 2 2 2 2 2 2 2 2 2 2 2 2 2 2
left_child=1 2 3 -1 5 -2 15 26 14 -7 17 12 -5 -9 16 -3 -4 -10 19 -6 -21 -22 -17 -11 -25 -12 -8 -13 -28 -20
right_child=4 6 8 11 18 9 7 13 10 23 25 27 -14 -15 -16 22 -18 -19 29 20 21 -23 -24 24 -26 -27 28 -29 -30 -31
leaf_value=0.11196553564981462 0.12253656913700134 0.12557663288345139 -0.012822160754866092 0.12557663288345139 0.12497156272459958 0.10685666815597955 0.11637251350386182 0.12557663288345139 -0.062444039381698131 -0.067674163614779848 0.12557663288345139 0.019344986496979282 -0.068897952008936836 -0.072398218280281201 0.12017848806984571 -0.074118219255649376 0.10118197501559609 0.11794166362709974 0.12195370994006186 0.112646536659957 -0.041792360512338152 0.088920785720757817 0.05148915343292787 0.10596524126419513 -0.040167642573005528 0.070091716890661709 0.008438320779245282 0.10890695000708361 0.11470510057277675 0.12549794159958308
leaf_weight=106.53071874380112 394.72855710983276 7.1986970901489249 35.04365736246109 12.597719907760618 495.81026208400726 37.393232107162476 97.782302141189575 9.8982084989547712 44.941865861415863 150.32279270887375 38.393051147460938 24.945485055446625 550.20041787624359 349.28678172826767 787.30750328302383 20917.414105892181 59.439241945743561 6.5488147139549246 4719.945725440979 65.738101899623871 49.591024398803711 28.644815504550934 8.0985342264175397 7.6486156582832363 17.496833205223083 516.35654336214066 16.646987020969394 17.996742725372314 9.1983351707458478 20332.619949221611
leaf_count=360 1320 24 133 42 1654 127 329 33 178 598 128 92 2191 1395 2639 83661 203 22 15793 222 193 99 29 26 68 1817 62 61 31 67793
internal_value=0.0359837 -0.061116 0.0532684 -0.0308245 0.123174 0.0696178 -0.0728682 -0.0237567 0.0935208 -0.0285142 0.0642973 -0.0559368 -0.0645448 -0.0669425 0.113612 -0.0740009 0.0588979 -0.0395018 0.12444 0.109165 0.0547305 0.00606619 -0.0740696 -0.0573625 0.00428232 0.0739317 0.101715 0.0568797 0.0462586 0.12483
internal_weight=49915.8 23615.8 2200.3 712.271 26299.9 607.59 21415.5 482.813 1488.03 212.861 606.24 605.74 562.798 359.185 881.79 20932.7 94.4829 51.4907 25692.3 639.784 143.974 78.2358 20925.5 175.468 25.1454 554.75 123.628 42.9422 25.8453 25052.6
internal_count=181323 93430 7866 2746 87893 2139 85564 1850 5120 819 2145 2386 2233 1428 2975 83714 336 200 85754 2168 514 292 83690 692 94 1945 422 153 93 83586
is_linear=0
shrinkage=1


Tree=1
num_leaves=31
num_cat=0
split_feature=12 15 17 3 21 0 3 21 13 15 15 21 15 15 13 21 3 3 3 3 3 26 3 0 26 18 13 3 24 0
split_gain=109206 30660.3 9156.66 2563.43 2510.31 1559.21 1003.06 663.645 507.198 483.581 446.684 460.882 328.096 312.892 768.969 784.679 317.35 512.524 294.644 284.996 275.194 243.706 184.439 168.815 125.792 83.8628 52.7647 35.6295 207.066 131.481
threshold=0.30952382087707525 0.45027472078800207 0.35069781541824346 0.61250001192092907 1.0000000180025095e-35 0.93405798077583324 1.0000000180025095e-35 1.0000000180025095e-35 1.0000000180025095e-35 0.33447489142417913 0.52092087268829357 1.0000000180025095e-35 0.29120069742202764 0.3084609210491181 0.75000000000000011 1.0000000180025095e-35 0.61250001192092907 0.18333333730697635 0.15476191043853763 0.61250001192092907 0.6904762089252473 1.0000000180025095e-35 0.15476191043853763 0.84409722685813915 1.0000000180025095e-35 1.0000000180025095e-35 1.0000000180025095e-35 0.61250001192092907 2.5000000000000004 0.61167800426483165
decision_type=2 2 2 2 2 2 2 2 2 2 2 2 2 2 2 2 2 2 2 2 2 2 2 2 2 2 2 2 2 2
left_child=1 2 3 7 5 12 23 -1 24 -7 11 -3 -4 14 15 -2 17 -17 -9 22 -8 -10 -13 -6 -5 -18 -21 28 -12 -30
right_child=13 10 4 8 6 9 20 18 21 -11 27 19 -14 -15 -16 16 25 -19 -20 26 -22 -23 -24 -25 -26 -27 -28 -29 29 -31
leaf_value=0.070124269388466817 0.083652876908989773 0.091637695939423808 0.0045775390476470073 0.055879104823449238 0.093406348639412606 -0.075456243612037732 -0.095671633693916333 0.09462168376847313 0.086163560051710816 0.049110080145315857 0.090093466342095141 0.088804655477625505 0.078710915502072987 0.093627138216586303 0.091420251668855382 0.093253856856792078 0.012002810918975947 -0.087926660491977476 -0.085461630894910504 0.011271436000034486 -0.079530759989002775 0.044351149949464742 -0.088408562555315512 -0.085486225959593334 -0.063035842026998121 0.086891020970309929 0.085549074466032479 0.090897902616286441 -0.048094570593271345 0.077842010001785977
leaf_weight=85.4758470505476 405.34087640047073 181.23103784024715 384.00085146725178 28.165846690535545 84.499001950025558 994.44688291847706 16989.977072283626 23.619972854852676 653.33107873797417 84.535808920860291 456.26592792570591 16.939681768417358 244.13879057765007 19125.812038764358 2251.3291465044022 48.965596556663513 101.94952709972858 192.42240719497204 592.08148810267448 46.53330209851265 3126.7233859300613 746.89716100692749 110.18795195221901 15.626423478126524 105.69049958884716 59.028919413685799 49.177010208368301 2499.5453712940216 49.087591707706451 35.869611591100693
leaf_count=293 1371 608 1404 98 283 3911 68008 79 2204 296 1533 57 830 64035 7555 164 370 765 2348 169 12341 2624 438 62 411 199 166 8391 188 122
internal_value=0.00865129 -0.0577336 -0.0776319 0.0187715 -0.0874607 -0.0292372 -0.0923771 -0.0604289 0.0549713 -0.0656968 0.0818161 0.0324249 0.0333909 0.0912524 0.0764048 0.034552 -0.0149119 -0.0511742 -0.0785531 -0.015732 -0.0931629 0.0638604 -0.064795 0.0654869 -0.0380139 0.0394634 0.0494361 0.0883794 0.0767482 0.00507686
internal_weight=49788.9 27604 24159.2 2235.26 21923.9 1707.12 20216.8 701.177 1534.08 1078.98 3444.84 404.069 628.14 22184.8 3059.04 807.707 402.366 241.388 615.701 222.838 20116.7 1400.23 127.128 100.125 133.856 160.978 95.7103 3040.77 541.223 84.9572
internal_count=181323 106864 95192 8057 87135 6441 80694 2720 5337 4207 11672 1438 2234 74459 10424 2869 1498 929 2427 830 80349 4828 495 345 509 569 335 10234 1843 310
is_linear=0
shrinkage=0.05


Tree=2
num_leaves=31
num_cat=0
split_feature=11 17 1 21 11 21 11 21 2 17 3 16 11 2 2 1 2 24 0 11 21 17 23 15 1 2 0 3 12 17
split_gain=139852 10477.5 2499.47 852.922 588.525 1056.71 391.867 871.753 305.961 276.818 192.051 155.875 212.799 154.558 124.572 108.856 96.05 95.5241 58.9303 49.1163 185.392 138.042 105.541 40.9721 37.3516 39.5758 35.7238 30.5047 18.816 14.7554
threshold=0.18350168317556384 0.28215467929840093 0.8494696617126466 1.0000000180025095e-35 0.24499999731779101 1.0000000180025095e-35 0.13100686669349673 1.0000000180025095e-35 0.89444443583488475 0.47925275564193731 0.73214286565780651 1.0000000180025095e-35 0.096006143838167204 0.074175827205181136 0.069047622382640853 0.88022258877754223 0.44949495792388922 1.0000000180025095e-35 0.85599079728126537 0.29520697891712194 1.0000000180025095e-35 0.63034346699714672 0.10690476745367052 0.54358378052711498 0.92633762955665599 0.86607143282890331 0.96039214730262767 0.81666666269302379 0.30952382087707525 0.40310543775558477
decision_type=2 2 2 2 2 2 2 2 2 2 2 2 2 2 2 2 2 2 2 2 2 2 2 2 2 2 2 2 2 2
left_child=1 2 3 -1 5 -2 17 26 15 -7 13 18 -13 -5 -9 16 -4 -3 -10 20 -6 -22 -23 29 -11 -26 -8 -12 -28 -19
right_child=4 6 8 10 19 9 7 14 11 24 27 12 -14 -15 -16 -17 -18 23 -20 -21 21 22 -24 -25 25 -27 28 -29 -30 -31
leaf_value=0.077817752561819373 0.088013865354328036 0.091026715311266659 -0.02373279178913977 0.09017835562735789 0.090148236585028615 0.073350377148064361 0.085735563496934633 0.090176464435221329 0.092035932076698024 -0.086530008749320153 -0.0098759872670591935 -0.083232640169047689 0.080528584773948864 -0.087980057803020512 -0.090745076290762283 0.086024328787248056 0.077476478271386262 -0.081348868570381289 0.038182671217940535 0.089638304439968966 0.079157278654876637 -0.071211152057817764 0.045964571508753077 0.020601633039420759 0.074614398469511609 -0.062046351063576088 -0.001663129317297213 0.075727222415411494 0.074837821869334575 -0.092253994016167296
leaf_weight=105.62466897070408 390.84773845970631 7.127864956855773 44.946261957287788 12.4505278468132 490.59280082583427 37.09016041457653 87.787190288305283 9.7825108468532544 57.130959928035736 149.48838147521019 24.908537805080414 58.475114762783051 30.022593945264816 547.37907607853413 347.11130101978779 780.26485805213451 48.996865510940552 314.96508817374706 458.33294031023979 24769.233473777771 65.192868709564209 43.498550489544868 34.425899788737297 8.0690805613994581 7.6060233116149929 17.455398365855217 22.298527583479881 17.875616163015366 12.568019703030584 20463.874920248985
leaf_count=360 1320 24 169 42 1654 127 297 33 192 598 92 232 102 2191 1395 2639 167 1254 1619 83586 222 171 121 29 26 68 82 61 43 82407
internal_value=0.00827643 -0.0802394 0.0239899 -0.0532427 0.0881283 0.0392868 -0.0909517 -0.0462655 0.0609945 -0.0507002 -0.0762147 0.0336265 -0.0276771 -0.0840178 -0.085786 0.0799022 0.0290538 -0.0919822 0.0441514 0.0892866 0.0755414 0.0254706 -0.0194446 -0.092045 -0.0770597 -0.0205705 0.0687298 0.0258898 0.0259125 -0.0920887
internal_weight=49465.4 23460 2186.41 708.238 26005.4 602.488 21273.6 479.548 1478.17 211.64 602.614 603.962 88.4977 559.83 356.894 874.208 93.9431 20794 515.464 25402.9 633.71 143.117 77.9245 20786.9 174.55 25.0614 122.654 42.7842 34.8665 20778.8
internal_count=181323 93430 7866 2746 87893 2139 85564 1850 5120 819 2386 2145 334 2233 1428 2975 336 83714 1811 85754 2168 514 292 83690 692 94 422 153 125 83661
is_linear=0
shrinkage=0.05


Tree=3
num_leaves=31
num_cat=0
split_feature=11 17 1 21 11 21 11 21 1 17 3 3 13 3 24 1 3 11 13 11 21 17 1 15 1 0 1 26 18 13
split_gain=127624 9562.99 2273 776.168 540.31 964.016 358.114 794.23 270.612 251.807 175.216 140.698 122.419 113.519 87.0896 74.2061 90.8867 48.2273 45.9009 45.6829 170.734 125.709 97.3582 37.5513 34.1981 32.9202 30.1706 28.7292 21.9744 17.8886
threshold=0.18350168317556384 0.28215467929840093 0.8494696617126466 1.0000000180025095e-35 0.24499999731779101 1.0000000180025095e-35 0.13100686669349673 1.0000000180025095e-35 0.98960864543914806 0.47925275564193731 0.73214286565780651 0.15476191043853763 1.0000000180025095e-35 1.0000000180025095e-35 1.0000000180025095e-35 0.88022258877754223 0.61250001192092907 0.080540537834167494 1.0000000180025095e-35 0.29520697891712194 1.0000000180025095e-35 0.63034346699714672 0.89143985509872448 0.54358378052711498 0.92633762955665599 0.96039214730262767 0.96003660559654247 1.0000000180025095e-35 1.0000000180025095e-35 1.0000000180025095e-35
decision_type=2 2 2 2 2 2 2 2 2 2 2 2 2 2 2 2 2 2 2 2 2 2 2 2 2 2 2 2 2 2
left_child=1 2 3 -1 5 -2 14 25 15 -7 11 -5 17 -9 -3 16 -4 -10 -17 20 -6 -22 -23 -16 -11 -8 -26 -12 -14 -27
right_child=4 6 8 10 19 9 7 13 12 24 27 -13 28 -15 23 18 -18 -19 -20 -21 21 22 -24 -25 26 29 -28 -29 -30 -31
leaf_value=0.074588316221506523 0.084522366799332796 0.087458855500880117 -0.034099339728480449 0.086713707340456053 0.086629659399701631 0.070226559157872334 0.082277145389121509 0.086712045632382495 -0.086925921255201849 -0.082885372237330085 0.06943251131706249 -0.084269406758270549 0.018273564473193726 -0.08701438120796183 -0.08835324263432684 0.012031900866971881 0.06636624163272456 0.054719295348612473 0.078163142081006054 0.086167443496893315 0.075844132505530501 -0.061050048793812588 0.055209216040818 0.019596000067375663 0.076763791340748649 -0.0036141244745882257 -0.050977289738988567 -0.012943602492691038 0.042794944633104764 0.070145846576379817
leaf_weight=104.71049277484417 386.74402818083763 7.0496261715888968 34.943906515836716 12.304187297821043 485.12692160904408 36.809905871748924 86.924492910504341 9.6675122976303083 31.513037547469139 148.28758457303047 19.479872226715088 543.01285830140114 150.6874021589756 343.96976388990879 20579.30708065629 27.00850535929203 63.273867219686508 7.4253546446561804 920.97686061263084 24485.569986864924 64.651953130960464 49.251971706748009 28.386405259370804 8.0592648684978467 6.1259757578372982 21.412111580371857 18.832010179758072 23.177789568901062 232.06210803985596 13.342065051198004
leaf_count=360 1320 24 133 42 1654 127 297 33 127 598 67 2191 543 1395 83661 99 219 26 3156 83586 222 193 99 29 21 79 73 86 817 46
internal_value=0.00794947 -0.076966 0.0229621 -0.0509897 0.0847087 0.0376893 -0.0872605 -0.0443529 0.0583632 -0.0485376 -0.0729795 -0.0804809 0.0245482 -0.0822652 -0.0882508 0.0719928 0.0306226 -0.0599149 0.076279 0.0858261 0.0725039 0.0243434 -0.0185429 -0.088311 -0.0737717 0.0658324 -0.019623 0.0246739 0.0331409 0.0247022
internal_weight=48950.1 23240.3 2170.58 702.685 25709.8 596.8 21069.7 475.316 1467.89 210.055 597.975 555.317 421.688 353.637 20594.4 1046.2 98.2178 38.9384 947.985 25113 627.417 142.29 77.6384 20587.4 173.246 121.679 24.958 42.6577 382.75 34.7542
internal_count=181323 93430 7866 2746 87893 2139 85564 1850 5120 819 2386 2233 1513 1428 83714 3607 352 153 3255 85754 2168 514 292 83690 692 422 94 153 1360 125
is_linear=0
shrinkage=0.05


Tree=4
num_leaves=31
num_cat=0
split_feature=11 17 1 21 11 21 11 21 0 3 3 13 3 3 24 1 21 3 11 11 21 17 1 12 3 15 0 1 3 12
split_gain=116871 8766.51 2071.46 708.482 498.116 882.333 328.948 726.046 254.322 231.563 160.651 147.336 128.52 103.821 79.6948 72.1887 85.2532 59.888 44.8593 42.753 158.1 115.005 89.6201 40.7633 36.1285 35.0895 30.6041 28.8681 27.823 16.842
threshold=0.18350168317556384 0.28215467929840093 0.8494696617126466 1.0000000180025095e-35 0.24499999731779101 1.0000000180025095e-35 0.13100686669349673 1.0000000180025095e-35 0.96225070953369152 0.15476191043853763 0.73214286565780651 1.0000000180025095e-35 0.15476191043853763 1.0000000180025095e-35 1.0000000180025095e-35 0.88022258877754223 1.0000000180025095e-35 0.61250001192092907 0.12060606107115747 0.29520697891712194 1.0000000180025095e-35 0.62053000926971447 0.89143985509872448 0.23611111193895343 0.96153846383094799 0.56683847308158886 0.96039214730262767 0.98129165172576915 0.81666666269302379 0.30952382087707525
decision_type=2 2 2 2 2 2 2 2 2 2 2 2 2 2 2 2 2 2 2 2 2 2 2 2 2 2 2 2 2 2
left_child=1 2 3 -1 5 -2 14 26 15 -7 12 18 -5 -9 -3 16 -4 -11 -10 20 -6 -22 -23 -19 -13 -16 -8 -17 -12 -28
right_child=4 6 8 10 19 9 7 13 11 17 28 24 -14 -15 25 27 -18 23 -20 -21 21 22 -24 -25 -26 -27 29 -29 -30 -31
leaf_value=0.071671565913013921 0.081432258170903909 0.084323440398760455 0.086568024499806023 0.083664253368358477 0.083531389216649723 0.087121137044306116 0.079200937096768065 0.083662784496908393 -0.080977765776716837 -0.084332314074531012 -0.010570497203867098 0.081721013214389335 -0.080984083685438954 -0.083731394553021019 -0.085070240081447188 0.077968427692970674 -0.0088419440205323874 -0.041827172159774724 0.078809872248151225 0.08310806907093414 0.074710371504775053 -0.057083414015318579 0.052609956676042097 0.075545477796065297 0.029712318042987591 0.039457415156577323 -0.0024470982337235635 0.050937657612315793 0.071488282285333479 0.070287824293294304
leaf_weight=103.55217522382736 381.47994892299175 6.9486774802207938 39.000017121434212 12.119627833366392 478.13881243765354 28.016461044549942 85.813340291380882 9.5224875807762128 38.306615605950356 133.86918991804123 24.87157116830349 36.615120381116867 536.93959154188633 339.68945302069187 20312.353406682611 785.50105682015419 58.583340018987656 36.799337580800056 4.961340680718421 24126.538225308061 61.461898416280746 50.090023711323738 29.637500807642937 9.2584614753723127 379.28860001266003 5.6585645228624335 22.28135322034359 112.98069131374359 17.66772785782814 12.381381809711455
leaf_count=360 1320 24 133 42 1654 96 297 33 155 548 92 126 2191 1395 83670 2718 219 143 17 83586 213 197 104 32 1354 20 82 398 61 43
internal_value=0.00766103 -0.0740832 0.0220242 -0.0489789 0.0816931 0.0362665 -0.0840217 -0.0426533 0.0559416 -0.0465918 -0.0700973 0.0251557 -0.0773497 -0.0791668 -0.0849777 0.0701334 0.0292895 -0.0674122 -0.0626556 0.0827751 0.0698036 0.0233145 -0.0163066 -0.0182331 0.034291 -0.0850356 0.0631846 0.0745694 0.0235107 0.0235335
internal_weight=48280.3 22945 2150.39 695.151 25335.3 589.423 20794.6 469.688 1455.24 207.943 591.599 459.172 549.059 349.212 20325 996.065 97.5834 179.927 43.268 24745.9 619.328 141.189 79.7275 46.0578 415.904 20318 120.476 898.482 42.5393 34.6627
internal_count=181323 93430 7866 2746 87893 2139 85564 1850 5120 819 2386 1652 2233 1428 83714 3468 352 723 172 85754 2168 514 301 175 1480 83690 422 3116 153 125
is_linear=0
shrinkage=0.05


Tree=5
num_leaves=31
num_cat=0
split_feature=11 17 2 21 11 21 11 21 26 2 0 13 2 0 2 23 11 0 11 21 17 0 2 15 0 12 12 13 21 17
split_gain=107352 8066.92 1892.4 557.801 460.909 809.882 303.382 665.749 265.665 211.823 177.714 170.59 117.786 114.676 95.2512 62.2891 58.2397 50.2528 40.3021 142.408 92.2228 69.0379 39.4833 32.601 28.6202 28.0635 18.2037 16.7904 16.5775 15.0565
threshold=0.18350168317556384 0.28215467929840093 0.34848485887050634 1.0000000180025095e-35 0.24499999731779101 1.0000000180025095e-35 0.13100686669349673 1.0000000180025095e-35 1.0000000180025095e-35 0.080128207802772536 0.74239632487297069 1.0000000180025095e-35 0.074175827205181136 0.70521390438079845 0.069047622382640853 0.099586781114339842 0.12060606107115747 1.0000000180025095e-35 0.2788888961076737 1.0000000180025095e-35 0.58030202984809887 0.58876052498817455 0.41428571939468389 0.54358378052711498 0.96490147709846508 0.13392857462167743 0.30952382087707525 1.0000000180025095e-35 1.0000000180025095e-35 0.40310543775558477
decision_type=2 2 2 2 2 2 2 2 2 2 2 2 2 2 2 2 2 2 2 2 2 2 2 2 2 2 2 2 2 2
left_child=1 2 3 -1 5 -2 17 24 22 -7 12 16 -5 -13 -9 -11 -10 -3 19 -6 -21 -22 28 29 -8 -17 -26 -20 -4 -19
right_child=4 6 8 10 18 9 7 14 11 15 -12 13 -14 -15 -16 25 -18 23 27 20 21 -23 -24 -25 26 -27 -28 -29 -30 -31
leaf_value=0.067780742316506146 0.078677800993674704 0.030369211184709033 0.069028332209914472 0.080962364454152932 0.080739822819903231 0.084053818338055433 0.0752879777255962 0.08096105634590009 -0.072089174389486518 -0.079903660785938246 0.065811976793405905 -0.029100522858971502 -0.078101711717769653 0.04480333824572371 -0.080820792606260697 -0.030990504127428278 0.079937792365427821 -0.071149243278940524 0.077336800874028749 0.071859684347184469 -0.065009791104917156 0.039373174778728232 0.079057262901280137 0.018553823910390031 -0.0095395407914100581 0.0722278593605475 0.070465805674294515 0.080935655109276555 0.0080340228248835192 -0.082352893917212372
leaf_weight=86.544224932789803 375.25000242888927 9.9294883310794813 18.123738050460815 11.903314411640165 358.53094829618931 27.597355306148529 88.177294537425041 9.3525154292583448 47.632151290774345 141.18020355701447 23.54001884162426 56.723109006881714 522.81922128796577 703.40522629022598 334.45750072598457 28.001237824559212 7.2598266750574103 304.51865580677986 3868.4999921470881 43.527054995298386 38.500392287969589 26.913786172866821 619.37030518054962 8.0348230898380262 19.708773538470272 8.61006812751293 11.122162565588949 19978.635411500931 28.908755391836166 19674.684246331453
leaf_count=305 1320 37 64 42 1262 96 310 33 193 585 82 218 2161 2497 1395 108 25 1254 13654 153 154 96 2171 29 73 30 39 70435 108 82394
internal_value=0.00740487 -0.0715267 0.0211669 -0.0503315 0.0790155 0.0349904 -0.0811595 -0.0411382 0.0522874 -0.0448273 -0.0686418 0.0331413 -0.0745608 0.0392884 -0.0764199 -0.0648327 -0.0519826 -0.0820858 0.0800668 0.0655276 0.0154636 -0.0220628 0.0757035 -0.0821416 0.0607892 -0.00671611 0.0193221 0.0803518 0.0315379 -0.0821821
internal_weight=47481.5 22586.2 2126.23 644.807 24895.2 580.639 20460 462.818 1481.42 205.389 558.263 815.02 534.723 760.128 343.81 177.792 54.892 19997.2 24314.6 467.472 108.941 65.4142 666.403 19987.2 119.008 36.6113 30.8309 23847.1 47.0325 19979.2
internal_count=181323 93430 7866 2590 87893 2139 85564 1850 5276 819 2285 2933 2203 2715 1428 723 218 83714 85754 1665 403 250 2343 83677 422 138 112 84089 172 83648
is_linear=0
shrinkage=0.05


Tree=6
num_leaves=31
num_cat=0
split_feature=11 17 1 21 11 21 0 11 21 17 13 3 3 24 3 3 1 11 11 21 12 23 3 15 23 3 0 23 0 13
split_gain=98873.6 7450.92 1752.97 639.748 427.814 745.268 264.742 233.998 509.67 195.45 151.698 127.878 119.057 74.9182 71.5461 65.0811 76.9505 52.4554 38.5944 139.415 100.44 61.0156 35.8253 30.4707 29.7614 29.1135 28.8151 18.924 17.0513 14.9005
threshold=0.18350168317556384 0.30805176496505743 0.8494696617126466 1.0000000180025095e-35 0.24499999731779101 1.0000000180025095e-35 0.96225070953369152 0.13714733719825747 1.0000000180025095e-35 0.47925275564193731 1.0000000180025095e-35 0.73214286565780651 0.15476191043853763 1.0000000180025095e-35 1.0000000180025095e-35 0.61250001192092907 0.89569163322448742 0.12060606107115747 0.29520697891712194 1.0000000180025095e-35 0.18333333730697635 0.12150349840521814 0.96153846383094799 0.56683847308158886 0.10690476745367052 0.81666666269302379 0.90521115064620983 0.18708333373069766 0.96039214730262767 1.0000000180025095e-35
decision_type=2 2 2 2 2 2 2 2 2 2 2 2 2 2 2 2 2 2 2 2 2 2 2 2 2 2 2 2 2 2
left_child=1 2 3 -1 5 -2 15 13 28 -7 17 12 -5 -3 -10 16 -4 -8 19 -6 21 -21 -12 -15 -11 -13 -17 -26 -9 -30
right_child=4 7 6 11 18 9 10 8 14 24 22 25 -14 23 -16 26 -18 -19 -20 20 -22 -23 -24 -25 27 -27 -28 -29 29 -31
leaf_value=0.066977739094758765 0.076206700157951279 0.080330597685725397 -0.020888906652823211 0.07855264459492442 0.078339870760568309 0.063365564681168704 -0.076659731016196955 0.072696717303039518 0.078555665203628541 -0.075382882044967278 0.077307647153139397 -0.016520073545729329 -0.0759008103033285 -0.079598562073006085 -0.078011559946568693 0.074661842362679476 0.066595170298706902 0.080266710206521708 0.07797046684151164 -0.048517251536811419 0.071317028752115971 0.04155488816569429 0.025278838620622635 0.036769320081698101 0.035539826327055421 0.066731762551670654 0.053506425570830934 -0.04978635210407803 -0.0018849345596126438 0.072699239022442311
leaf_weight=106.91838453710079 368.22432334721088 7.3285027742385855 45.623767003417015 12.771249920129774 460.61000657081604 35.471731781959534 48.02100370824337 68.406204462051392 7.496389001607894 138.7758117467165 36.243016839027405 26.71311129629612 540.92797146737576 19627.541870310903 273.8716177791357 669.00649952888489 55.974050119519234 5.9894151687622061 23231.829684063792 50.554346904158592 57.935856282711029 29.93508306145668 379.80689603090286 5.6270501464605323 10.160650432109835 17.303814008831978 211.95474760234356 18.027377769351006 17.539009213447574 10.832306399941443
leaf_count=382 1320 26 174 46 1654 127 200 245 27 584 128 100 2274 83750 1163 2386 198 21 83586 201 206 107 1369 20 37 61 757 71 65 38
internal_value=0.0071757 -0.0692414 0.0190465 -0.0456678 0.0766229 0.03384 0.050438 -0.0787555 -0.0397966 -0.0432238 0.0195771 -0.0658176 -0.0723383 -0.0795055 -0.0738402 0.065202 0.0273094 -0.0592576 0.0776474 0.0651166 0.0211161 -0.0150182 0.0298112 -0.0795652 -0.0658689 0.0162077 0.069572 -0.0190297 0.0591806 0.0265917
internal_weight=46577.4 22175.9 2157.25 704.635 24401.5 570.66 1452.62 20018.6 378.146 202.436 470.06 597.716 553.699 19640.5 281.368 982.559 101.598 54.0104 23830.9 599.035 138.425 80.4894 416.05 19633.2 166.964 44.0169 880.961 28.188 96.7775 28.3713
internal_count=181323 93430 8096 2863 87893 2139 5233 85334 1538 819 1718 2481 2320 83796 1190 3515 372 221 85754 2168 514 308 1497 83770 692 161 3143 108 348 103
is_linear=0
shrinkage=0.05


Tree=7
num_leaves=31
num_cat=0
split_feature=23 2 17 2 23 2 21 26 1 0 1 2 21 15 23 2 17 21 18 27 23 12 0 12 21 27 1 23 2 27
split_gain=66931.4 25087 6387.62 1780.3 726.097 884.943 457.699 272.727 205.475 160.138 96.4572 76.0669 65.2875 64.2235 57.9148 309.354 151.926 28.9026 35.1922 13.0565 11.3206 37.9534 9.55459 8.94406 8.54826 20.8432 16.9382 8.44448 34.5132 5.38394
threshold=0.11111111566424371 1.0000000180025095e-35 0.28215467929840093 0.31666667759418493 0.060075189918279655 0.89444443583488475 1.0000000180025095e-35 1.0000000180025095e-35 0.77885976433753978 0.66369047760963451 0.97693160176277172 0.41428571939468389 1.0000000180025095e-35 0.34855434298515325 0.17902931571006778 0.89444443583488475 0.40310543775558477 1.0000000180025095e-35 1.0000000180025095e-35 0.60000000149011623 0.05298245698213578 0.30952382087707525 0.83469945192337047 0.26785714924335485 1.0000000180025095e-35 0.60000000149011623 0.88275891542434703 0.24019231647253039 0.86607143282890331 0.60000000149011623
decision_type=2 2 2 2 2 2 2 2 2 2 2 2 2 2 2 2 2 2 2 2 2 2 2 2 2 2 2 2 2 2
left_child=1 10 3 9 20 6 -6 11 -9 12 -1 -5 -3 29 15 24 -17 18 -18 -16 -4 -22 -7 27 -2 -26 -27 28 -21 -12
right_child=14 2 4 7 5 22 -8 8 -10 -11 13 -13 -14 -15 19 16 17 -19 -20 23 21 -23 -24 -25 25 26 -28 -29 -30 -31
leaf_value=0.076567560918972682 0.075930100628558816 0.015510192828993311 -0.07753131522823746 0.031207168772819878 0.077973641653436662 -0.012813166714460381 -0.040558577128576412 -0.065839655531279739 0.031573766613428519 0.058428947820369115 -0.027676837003387203 0.074403770824817236 -0.076724448324267766 0.073954592630417496 0.076380941989093093 0.0731910277943148 -0.051853708259649849 -0.077277070020148539 0.052240426713600387 0.070752183992510501 -0.0716865497706375 0.024797838356743627 -0.076577225831992279 0.07545714095186376 0.074383656009213456 0.011118479831033347 0.062431947168286817 0.071725113191578038 0.023687193436437097 -0.08024237899267192
leaf_weight=3549.834023848176 727.51474225521088 20.06894662976265 19005.859330177307 123.20530824363232 209.60852493345737 5.957143321633338 133.19278874993324 58.286149859428406 759.6780614554882 24.548874631524086 7.5805709362030038 589.76154743134975 436.02407693862915 14.913793101906775 15990.829900860786 35.776056692004204 24.578690677881241 44.915906056761742 12.125111997127531 201.19298039376736 90.70247720181942 11.482752829790114 425.52101635932922 1553.953719124198 165.87355457246304 27.415462344884872 38.902937173843384 1235.2373735755682 48.303767785429955 13.62933075428009
leaf_count=13052 2671 76 82867 461 765 24 545 240 2772 89 31 2146 1876 55 58839 127 99 194 44 737 389 44 1842 5717 607 104 142 4527 182 59
internal_value=0.00696978 -0.0468495 -0.0669283 0.0179788 -0.0755187 -0.0280515 0.0319189 0.0443349 0.0246323 -0.0659703 0.0757403 0.0669391 -0.072666 -0.00555072 0.0751716 0.0638923 -0.0127224 -0.0503805 -0.0174662 0.07581 -0.0774421 -0.0608444 -0.0756969 0.0728056 0.0732642 0.0649113 0.0412194 0.0700304 0.0616402 -0.0614551
internal_weight=45586.5 25479.9 21893.9 2011.57 19882.3 774.279 342.801 1530.93 817.964 480.642 3585.96 712.967 456.093 36.1237 20106.6 1077.1 117.396 81.6197 36.7038 19029.5 19108 102.185 431.478 3038.69 959.707 232.192 66.3184 1484.73 249.497 21.2099
internal_count=181323 107333 94136 7660 86476 3176 1310 5619 3012 2041 13197 2607 1952 145 73990 3988 464 337 143 70002 83300 433 1866 11163 3524 853 246 5446 919 90
is_linear=0
shrinkage=0.05


Tree=8
num_leaves=31
num_cat=0
split_feature=11 17 1 21 11 21 0 11 21 3 13 3 3 3 1 21 24 23 11 11 21 17 23 3 15 1 3 12 1 12
split_gain=84461.8 6414.81 1483.05 551.233 374.107 643.989 242.107 203.796 484.138 170.034 136.032 110.226 101.562 66.109 60.4268 72.0959 49.625 48.2808 46.1767 35.4398 125.349 89.0155 68.9393 33.5853 28.122 27.0211 25.9935 24.3316 24.0267 16.0425
threshold=0.18350168317556384 0.30805176496505743 0.8494696617126466 1.0000000180025095e-35 0.24499999731779101 1.0000000180025095e-35 0.96225070953369152 0.13100686669349673 1.0000000180025095e-35 0.15476191043853763 1.0000000180025095e-35 0.73214286565780651 0.15476191043853763 1.0000000180025095e-35 0.88022258877754223 1.0000000180025095e-35 1.0000000180025095e-35 0.099586781114339842 0.12060606107115747 0.29520697891712194 1.0000000180025095e-35 0.62053000926971447 0.10000000521540643 0.96153846383094799 0.54358378052711498 0.98129165172576915 0.81666666269302379 0.13392857462167743 0.99298030138015758 0.30952382087707525
decision_type=2 2 2 2 2 2 2 2 2 2 2 2 2 2 2 2 2 2 2 2 2 2 2 2 2 2 2 2 2 2
left_child=1 2 3 -1 5 -2 14 16 28 -7 18 12 -5 -10 15 -4 -3 -11 -8 20 -6 -22 -23 -12 -18 -16 -13 -19 -9 -30
right_child=4 7 6 11 19 9 10 8 13 17 23 26 -14 -15 25 -17 24 27 -20 -21 21 22 -24 -25 -26 -27 -28 -29 29 -31
leaf_value=0.063131771784111779 0.072120793293094371 0.076188928718050164 0.077444498086286159 0.074449986796686407 0.074206033437382524 0.077836461396289081 -0.074457490656136563 0.066908197144248047 0.074449607951152158 -0.072997337830505299 0.073708462934862815 -0.01631311048976922 -0.07164037774850511 -0.074073313373389821 0.068945960525966507 -0.011398454308934594 -0.075290296593245654 -0.030390900405835333 0.074788383910254372 0.073837424882385261 0.066040054185672006 -0.05955911112494662 0.035180831468480625 0.022609807747761324 0.018526257363762424 0.042588378164615331 0.063021159717194908 0.066825619243609524 -0.018518598992252343 0.067079477655900138
leaf_weight=103.73868861794472 352.94968858361244 5.4111472070217124 37.676025182008743 12.17469200491905 439.87587895989418 26.142112970352173 47.242781564593315 79.482353672385216 7.6753121316432944 133.79351364076138 35.158875867724419 26.582053020596504 521.03405477106571 314.16283690929413 744.00042743980885 57.971142783761024 18701.5238532722 27.850452542304993 5.8213568776845923 22168.957904487848 57.887178882956505 41.7214684933424 35.574384719133377 376.57927200198174 7.9912179708480826 111.85598587989807 16.882007479667664 8.370688855648039 16.265295207500461 8.2501793503761274
leaf_count=382 1320 20 136 46 1654 96 200 294 29 585 128 100 2274 1392 2748 223 83479 108 21 83586 213 171 130 1369 29 408 61 30 61 30
internal_value=0.00678304 -0.0653332 0.0176939 -0.0429757 0.072535 0.0317538 0.0468404 -0.0744282 -0.0402254 -0.0408795 0.0172626 -0.0620636 -0.0683047 -0.0705313 0.0612889 0.0235973 -0.0752064 -0.0591337 -0.0580846 0.0735195 0.061265 0.0191556 -0.0159563 0.0269732 -0.0752502 0.0655012 0.0145014 -0.00792421 0.053561 0.0102877
internal_weight=44530.6 21237.5 2096.72 680.411 23293.1 549.106 1416.31 19140.8 425.836 196.157 464.802 576.673 533.209 321.838 951.504 95.6472 18714.9 170.015 53.0641 22744 575.059 135.183 77.2959 411.738 18709.5 855.856 43.4641 36.2211 103.998 24.5155
internal_count=181323 93430 8096 2863 87893 2139 5233 85334 1806 819 1718 2481 2320 1421 3515 359 83528 723 221 85754 2168 514 301 1497 83508 3156 161 138 385 91
is_linear=0
shrinkage=0.05


Tree=9
num_leaves=31
num_cat=0
split_feature=11 17 2 21 11 21 26 11 21 13 2 0 2 0 11 2 24 23 2 11 21 12 23 0 15 0 13 21 13 12
split_gain=78295.7 5973.29 1368.73 423.318 350.051 596.107 241.904 190.689 447.947 167.004 156.754 131.895 93.9907 88.1424 74.5738 61.2226 46.0041 45.4897 36.2902 33.9814 118.425 83.1686 46.146 26.9675 26.4487 22.6693 16.3845 16.2644 14.2841 13.8428
threshold=0.18350168317556384 0.30805176496505743 0.34848485887050634 1.0000000180025095e-35 0.24499999731779101 1.0000000180025095e-35 1.0000000180025095e-35 0.13100686669349673 1.0000000180025095e-35 1.0000000180025095e-35 0.080128207802772536 0.74239632487297069 0.074175827205181136 0.70521390438079845 0.11651583760976793 0.069047622382640853 1.0000000180025095e-35 0.10690476745367052 0.43650794029235845 0.29520697891712194 1.0000000180025095e-35 0.18333333730697635 0.10690476745367052 0.95875850319862377 0.54358378052711498 0.96039214730262767 1.0000000180025095e-35 1.0000000180025095e-35 1.0000000180025095e-35 0.26785714924335485
decision_type=2 2 2 2 2 2 2 2 2 2 2 2 2 2 2 2 2 2 2 2 2 2 2 2 2 2 2 2 2 2
left_child=1 2 3 -1 5 -2 18 16 25 14 -7 12 -5 -11 -8 -10 -3 -12 27 20 -6 22 -22 -19 -18 -9 29 -4 -27 -21
right_child=4 7 6 11 19 10 9 8 15 13 17 -13 -14 -15 -16 -17 24 23 -20 26 21 -23 -24 -25 -26 28 -28 -29 -30 -31
leaf_value=0.058983263441558867 0.070262458739790493 0.074268761122511254 0.060682926171406193 0.07269579619746469 0.07240909982450304 0.075788332894456287 -0.069862891801682203 0.067706772392636783 0.072695452396033089 -0.027464117467473338 -0.070478703872637924 0.057332535893717645 -0.069751940382634062 0.037746737528404239 0.073464862438983716 -0.072154533625604186 -0.073423989558675892 0.035877227081168514 0.070929607230999309 0.065585427767340124 -0.046166044892963609 0.065587661125130911 0.032050643067649466 -0.053348544919802121 0.017626829193370747 -0.0080573795698525071 0.072664822735738419 0.0049440118772295857 0.061504903628180008 0.071884870938589557
leaf_weight=84.691087171435356 344.38762459158897 5.2768947482109061 22.339300766587257 11.853194862604139 428.53965190052986 25.521850138902664 59.303541585803032 70.175067603588104 7.4726276397705069 56.035421714186668 132.84128974378109 22.451985642313957 502.69536189734936 688.58012981712818 10.715177297592161 306.58347427845001 18229.980921164155 18.178309142589569 571.96387207508087 1643.4249557554722 46.760270088911057 54.999160975217819 31.600826174020767 15.853959098458288 7.9793361872434607 20.525789260864258 18093.347683310509 31.601804912090302 11.52258577942848 1858.0769152641296
leaf_count=317 1320 20 84 46 1654 96 252 266 29 222 593 82 2239 2520 39 1392 83479 67 2173 6325 192 206 116 63 29 77 70071 122 42 7190
internal_value=0.00661423 -0.0636535 0.0170971 -0.0449093 0.0707765 0.0308797 0.043857 -0.0725779 -0.0391168 0.0258972 -0.0396154 -0.0612943 -0.0664705 0.0328393 -0.047929 -0.068708 -0.0733414 -0.0572654 0.0672323 0.0717431 0.0596041 0.0184564 -0.0146235 -0.00568867 -0.0733842 0.0517948 0.072059 0.0280279 0.0169529 0.0689282
internal_weight=43415.3 20721.7 2062.23 621.692 22693.5 536.783 1440.54 18659.5 416.28 814.634 192.395 537.001 514.549 744.616 70.0187 314.056 18243.2 166.874 625.905 22156.7 561.9 133.36 78.3611 34.0323 18238 102.223 21594.8 53.9411 32.0484 3501.5
internal_count=181323 93430 8096 2684 87893 2139 5412 85334 1806 3033 819 2367 2285 2742 291 1421 83528 723 2379 85754 2168 514 308 130 83508 385 83586 206 119 13515
is_linear=0
shrinkage=0.05


Tree=10
num_leaves=31
num_cat=0
split_feature=11 17 1 11 21 21 2 7 2 13 3 11 21 1 2 21 0 11 21 17 1 11 2 2 13 11 21 26 13 2
split_gain=72705.7 5540.95 1267.41 459.64 665.597 436.895 220.396 148.074 121.595 108.61 102.12 101.216 388.079 71.125 68.4261 63.4894 52.0869 50.1544 149.318 108.739 41.3588 34.3849 30.2662 29.4973 21.4114 22.6463 55.7548 21.0708 18.5491 12.3688
threshold=0.17752101272344592 0.28215467929840093 0.8494696617126466 0.22401433438062671 1.0000000180025095e-35 1.0000000180025095e-35 0.89444443583488475 1.0000000180025095e-35 0.080128207802772536 1.0000000180025095e-35 0.73214286565780651 0.12060606107115747 1.0000000180025095e-35 0.88275891542434703 0.074175827205181136 1.0000000180025095e-35 0.85599079728126537 0.26794873178005224 1.0000000180025095e-35 0.62053000926971447 0.99183332920074474 0.12060606107115747 0.44949495792388922 0.44949495792388922 1.0000000180025095e-35 0.34057971835136419 1.0000000180025095e-35 1.0000000180025095e-35 1.0000000180025095e-35 0.2264957278966904
decision_type=2 2 2 2 2 2 2 2 2 2 2 2 2 2 2 2 2 2 2 2 2 2 2 2 2 2 2 2 2 2
left_child=1 2 5 4 -2 29 13 -3 -6 21 14 -9 20 15 -7 -4 -11 18 -5 -20 -13 -8 -10 -21 25 26 -19 -12 -24 -1
right_child=3 7 6 17 8 10 9 11 22 16 27 12 -14 -15 -16 -17 -18 24 19 23 -22 -23 28 -25 -26 -27 -28 -29 -30 -31
leaf_value=0.029967778764864002 0.068536816215447868 0.07202045485827821 0.073599625993917145 0.070422971397343173 0.07337245251891604 0.071099747992480963 -0.067112063115651308 -0.071776899063149199 -0.070777421780890193 0.074789956974086677 0.056731455685066351 0.066703567320127263 -0.070942282247607263 0.067926572164852331 -0.067934729564813376 -0.010682114188706588 0.022488980764714617 0.068635823967694132 0.063647256015840994 -0.067482302086293966 -0.0078989721605319547 0.065703816405001364 -0.043901869491775165 0.0078519077663845218 0.071049556465745609 0.06805647784452655 0.024452022841749899 -0.01539503957484027 0.03489657337851277 0.0706579280577289
leaf_weight=26.085438996553421 303.67178873717785 18.070318639278412 36.229791268706322 287.38581065833569 18.537813901901245 9.0155957937240583 41.53151561319828 17667.512225359678 148.73581767082214 52.955604374408722 18.2904332280159 63.931122124195099 361.66704210639 674.97708427906036 480.21527025103569 58.303006052970886 471.11269471049309 218.35344178974628 39.462163865566254 40.538698077201843 26.188259243965149 5.5209221839904776 23.34114608168602 19.123447477817535 17768.18120457232 3175.2388709783554 106.09018552303314 22.684171602129936 10.982370465993879 65.753613382577896
leaf_count=103 1189 71 136 1138 72 36 178 83136 686 201 67 244 1689 2599 2190 227 1734 863 151 176 102 21 95 72 70773 12580 419 86 41 248
internal_value=0.00646021 -0.0624009 0.0174035 0.0689211 0.021779 -0.0415824 0.0447725 -0.0710366 -0.0486537 0.0212405 -0.0590222 -0.0711793 -0.04781 0.0622378 -0.0653726 0.0216189 0.0277738 0.0700211 0.0521713 -0.000744829 0.0450244 -0.051528 -0.0610109 -0.0433355 0.0703455 0.0667708 0.0541881 0.0168011 -0.018689 0.0591005
internal_weight=42259.7 20100 1962.68 22159.6 505.269 622.045 1340.63 18137.4 201.597 571.121 530.205 18119.3 451.786 769.51 489.231 94.5328 524.068 21654.4 386.51 99.1243 90.1194 47.0524 183.059 59.6621 21267.9 3499.68 324.444 40.9746 34.3235 91.8391
internal_count=181323 93068 7826 88255 2083 2730 5096 85242 894 2134 2379 85171 2035 2962 2226 363 1935 86172 1537 399 346 199 822 248 84635 13862 1282 153 136 351
is_linear=0
shrinkage=0.05


Tree=11
num_leaves=31
num_cat=0
split_feature=11 16 2 13 11 21 1 7 21 26 11 21 2 1 21 21 11 21 2 23 2 23 2 2 13 12 1 13 1 1
split_gain=67619.5 4674.36 1329.5 550.747 430.863 617.39 252.152 188.92 179.03 130.425 118.854 389.277 112.524 94.954 68.6991 61.7157 48.2391 143.041 93.693 89.7005 41.0334 31.2013 28.0729 21.1918 18.258 16.4013 27.4129 15.3597 14.3356 13.6382
threshold=0.17752101272344592 1.0000000180025095e-35 0.34848485887050634 0.75000000000000011 0.22401433438062671 1.0000000180025095e-35 0.87553340196609508 1.0000000180025095e-35 1.0000000180025095e-35 1.0000000180025095e-35 0.12060606107115747 1.0000000180025095e-35 0.080128207802772536 0.77885976433753978 1.0000000180025095e-35 1.0000000180025095e-35 0.2788888961076737 1.0000000180025095e-35 0.080128207802772536 0.10000000521540643 0.095454547554254546 0.099586781114339842 0.41428571939468389 0.2264957278966904 1.0000000180025095e-35 0.26785714924335485 0.88022258877754223 1.0000000180025095e-35 0.84305682778358471 0.89772307872772228
decision_type=2 2 2 2 2 2 2 2 2 2 2 2 2 2 2 2 2 2 2 2 2 2 2 2 2 2 2 2 2 2
left_child=1 2 6 7 5 -2 14 -3 -5 22 -9 -12 -7 -11 23 -15 17 -6 -19 -20 -10 -14 28 -1 25 26 -18 -23 -4 -8
right_child=4 3 9 8 16 12 29 10 20 13 11 -13 21 15 -16 -17 24 18 19 -21 -22 27 -24 -25 -26 -27 -28 -29 -30 -31
leaf_value=-0.045672392102069977 0.066932196234521651 0.070999161984697676 -0.01613660257126685 0.071443657905432292 0.068934233573334489 0.071742841455205653 0.0042512748502424339 -0.070199575728261604 0.069705552598271672 -0.059124209630312619 0.04394132782635974 -0.068907419470725442 -0.068881934744930914 0.051538231577889428 -0.067773526990312777 0.020696058409557211 0.050159347021171787 0.074833183839653872 -0.065920487132780772 0.031877367814137546 -0.07010066884796011 -0.038401421524978073 0.067766565432744716 0.071017085752818884 0.069582341934909822 0.068844996376157708 0.065557750207690627 0.036469963845263333 0.046075000221800493 0.059830166390801076
leaf_weight=5.7830006033182171 295.60916465520859 23.94441294670105 14.078814610838888 91.810500591993332 380.62177368998528 18.023971989750862 14.665899828076361 17228.930649787188 6.0831469446420661 27.727125555276871 98.050395831465721 346.40387368202209 147.96921978890896 309.13322769105434 423.76206329464912 341.24460092186928 381.03000158071518 37.90583747625351 48.159020215272903 45.691506937146187 38.245581552386284 20.769583195447925 496.03812709450722 11.891599550843237 17164.397292777896 1775.8043735921383 1197.0588902980089 10.221022218465803 27.054483354091644 44.615818604826927
leaf_count=24 1189 96 56 355 1553 72 56 83408 25 116 381 1664 700 1138 1988 1283 1553 147 211 172 175 84 1983 45 70435 7265 4836 38 105 170
internal_value=0.00631952 -0.0609961 0.0178215 -0.0685802 0.0674619 0.0212379 -0.0507426 -0.0693509 0.031602 0.0460713 -0.069541 -0.044012 -0.0473345 0.0314925 -0.0637452 0.0353558 0.0685446 0.0533909 0.00848895 -0.0183072 -0.0509153 -0.0593274 0.064475 0.0328371 0.068923 0.0655489 0.0618398 -0.0137081 0.0247817 0.0460803
internal_weight=41072.7 19549.5 1715.99 17833.5 21523.3 492.593 500.718 17697.3 136.139 1215.28 17673.4 444.454 196.984 678.105 441.437 650.378 21030.7 512.378 131.756 93.8505 44.3287 178.96 537.171 17.6746 20518.3 3353.89 1578.09 30.9906 41.1333 59.2817
internal_count=181323 93068 6964 86104 88255 2083 2283 85549 555 4681 85453 2045 894 2537 2057 2421 86172 2083 530 383 200 822 2144 69 84089 13654 6389 122 161 226
is_linear=0
shrinkage=0.05


Tree=12
num_leaves=31
num_cat=0
split_feature=11 17 2 11 21 26 21 1 7 2 13 11 21 2 2 11 21 17 23 0 21 1 23 13 15 0 24 1 11 21
split_gain=62976 4862.43 1081.56 404.534 573.429 206.49 205.685 151.116 128.297 104.27 101.683 91.1231 333.988 61.2862 60.9506 46.5792 142.048 109.111 49.2236 43.4739 41.0776 38.991 29.8835 16.9359 16.2093 14.308 14.0852 25.1736 11.7031 28.1801
threshold=0.17752101272344592 0.28215467929840093 0.31666667759418493 0.22401433438062671 1.0000000180025095e-35 1.0000000180025095e-35 1.0000000180025095e-35 0.76388812065124523 1.0000000180025095e-35 0.080128207802772536 1.0000000180025095e-35 0.12060606107115747 1.0000000180025095e-35 0.074175827205181136 0.41428571939468389 0.29520697891712194 1.0000000180025095e-35 0.63034346699714672 0.10000000521540643 0.64760348200798046 1.0000000180025095e-35 0.99183332920074474 0.099586781114339842 1.0000000180025095e-35 0.54358378052711498 0.96225070953369152 2.5000000000000004 0.84305682778358471 0.34057971835136419 1.0000000180025095e-35
decision_type=2 2 2 2 2 2 2 2 2 2 2 2 2 2 2 2 2 2 2 2 2 2 2 2 2 2 2 2 2 2
left_child=1 2 6 4 -2 14 26 -7 -3 -6 -9 24 21 -8 20 16 -5 -18 -19 -15 -4 -13 -11 28 -10 -24 -1 -28 29 -17
right_child=3 8 5 15 9 7 13 10 11 22 -12 12 -14 19 -16 23 17 18 -20 -21 -22 -23 25 -25 -26 -27 27 -29 -30 -31
leaf_value=0.058984086756148517 0.065448938283264535 0.069090108249481669 0.066098218326292674 0.067676541163566153 0.07025928645751281 -0.066564039327050448 0.068518991352718814 -0.04383694943018638 -0.068866451159088488 -0.067332976718312967 0.031055971566265324 0.062878290546639709 -0.06790507869267931 -0.068175391830421636 0.066090621807721642 0.065276338576824175 0.059565719725309489 -0.056525717096893607 0.018958058029222041 0.027938358819491024 0.0021580707593176884 -0.0099170780477477859 0.01657783711866603 0.068260872548890614 0.011357712284964532 -0.052191085294777839 -0.089527352128660698 0.0655103481436001 0.065124868007372438 0.027135348289001285
leaf_weight=39.325651839375496 287.40162466466427 17.021540969610214 39.127729833126068 462.28896620869637 17.497671708464622 46.58643165230751 8.7511844485998136 48.440073326230049 16646.559800282121 143.90764836966991 703.98479901254177 61.965648636221886 341.61293911933899 385.91799129545689 525.48492904007435 154.18750855326653 69.525476738810539 50.425759866833687 37.778216376900673 12.135096311569212 70.157654389739037 26.160920768976212 17.530998647212982 16551.802288889885 6.2987863272428504 13.303418025374414 4.8666812628507596 5.6671405434608459 3000.8843683600426 70.604120820760727
leaf_count=155 1189 71 154 1945 72 210 37 211 83113 700 2655 244 1689 1873 2157 644 276 222 143 48 283 102 67 70071 23 55 21 22 12580 291
internal_value=0.00619005 -0.0597003 0.0163927 0.0661246 0.0207365 0.0377364 -0.05062 0.0208238 -0.0681128 -0.0461094 0.0262345 -0.0682495 -0.0455169 -0.0623677 0.059025 0.0671919 0.0536973 0.0127255 -0.0241956 -0.0652453 0.0250507 0.0412685 -0.0577618 0.067615 -0.0688361 -0.0130923 0.04523 -0.00611789 0.0643006 0.0532968
internal_weight=39867.2 18990.1 1890.45 20877.1 479.641 1433.78 456.664 799.011 17099.6 192.24 752.425 17082.6 429.74 406.804 634.77 20397.5 620.018 157.729 88.204 398.053 109.285 88.1266 174.742 19777.5 16652.9 30.8344 49.8595 10.5338 3225.68 224.792
internal_count=181323 93068 7826 88255 2083 5670 2156 3076 85242 894 2866 85171 2035 1958 2594 86172 2586 641 365 1921 437 346 822 83586 83136 122 198 43 13515 935
is_linear=0
shrinkage=0.05


Tree=13
num_leaves=31
num_cat=0
split_feature=11 17 2 11 22 2 26 11 22 1 17 13 0 2 2 22 1 12 11 22 1 15 24 22 12 1 2 0 24 23
split_gain=58726.9 4601.03 998.748 274.978 444.783 217.654 212.642 150.988 403.782 139.692 119.134 112.54 100.041 63.1473 48.4994 41.8011 35.4813 33.7141 43.4739 129.626 69.1287 30.2328 29.3968 23.3327 22.1744 20.6187 23.5989 12.7686 17.3157 10.2471
threshold=0.18350168317556384 0.30805176496505743 0.31666667759418493 0.24499999731779101 1.0000000180025095e-35 0.074175827205181136 1.0000000180025095e-35 0.12060606107115747 1.0000000180025095e-35 0.76388812065124523 0.47925275564193731 1.0000000180025095e-35 0.64760348200798046 0.43650794029235845 0.069047622382640853 1.0000000180025095e-35 0.98129165172576915 0.41428571939468389 0.31009615957736975 1.0000000180025095e-35 0.88275891542434703 0.59763106703758251 1.0000000180025095e-35 1.0000000180025095e-35 0.30952382087707525 0.88722458481788646 0.86607143282890331 0.83469945192337047 4.5000000000000009 0.020033446140587333
decision_type=2 2 2 2 2 2 2 2 2 2 2 2 2 2 2 2 2 2 2 2 2 2 2 2 2 2 2 2 2 2
left_child=1 2 5 4 10 -1 13 21 14 -8 -2 -11 23 15 -9 -4 -10 18 19 20 -5 22 -3 -7 -18 29 -27 28 -20 -12
right_child=3 7 6 17 -6 12 9 8 16 11 25 -13 -14 -15 -16 -17 24 -19 27 -21 -22 -23 -24 -25 -26 26 -28 -29 -30 -31
leaf_value=0.067073886751181075 0.053812572064501712 0.068181803095823251 0.0014076794533624711 -0.025212624100399584 0.064187676543672897 -0.066811375891662445 -0.063708386608253925 0.067444717095760873 0.064097627396434681 -0.040462654669683566 0.021630076095413724 0.029611375524654565 0.046308426321282875 0.064923475805908598 -0.066566837143505933 0.063200021020903899 -0.02091996382282009 0.067090215089479752 0.062180440644682693 0.066240976844073179 0.050248097986286017 0.091937537770676259 -0.067604341987779509 -0.0073128659465235063 0.063789850924340821 0.046401248164916503 -0.050611840398917168 0.066986083091836998 0.042957738444192518 -0.065875023775403163
leaf_weight=37.389344662427902 30.857328191399574 3.9869100749492636 73.931473925709724 76.823409616947174 307.66581857204437 389.02882994711399 48.316743388772011 6.877443090081214 74.558110520243645 62.346319362521172 3.4457986652851096 707.46816746890545 21.529733538627625 514.53362953662872 368.31403762102127 43.456212416291237 26.035124003887177 15723.050925195217 1840.3860202282667 259.6858252286911 50.170034319162369 2.9712036252021781 16094.729639753699 17.206357568502426 10.985071465373037 9.9253357499837893 17.014692187309265 1587.2262889891863 125.11663444340229 115.04621683061123
leaf_count=155 127 17 299 326 1320 1945 223 30 304 278 14 2691 86 2173 1876 176 103 68794 7948 1121 198 10 82951 70 43 38 69 6821 546 571
internal_value=0.00607062 -0.0582401 0.0151375 0.0651374 0.0279037 -0.048613 0.0355877 -0.0667119 -0.0392764 0.0187601 -0.0354203 0.0239362 -0.0587247 0.0573739 -0.0641103 0.0242828 0.0442297 0.0660539 0.0619176 0.0459964 0.00459889 -0.0675413 -0.0675707 -0.0642913 0.00421614 -0.0543535 -0.01487 0.0636505 0.0609568 -0.0633303
internal_weight=38650.1 18503.7 1915.21 20146.4 483.955 465.154 1450.05 16588.5 486.77 818.131 176.289 769.814 427.765 631.921 375.191 117.388 111.578 19662.5 3939.41 386.679 126.993 16101.7 16098.7 406.235 37.0202 145.432 26.94 3552.73 1965.5 118.492
internal_count=181323 93430 8096 87893 2139 2256 5840 85334 2356 3192 819 2969 2101 2648 1906 475 450 85754 16960 1645 524 82978 82968 2015 146 692 107 15315 8494 585
is_linear=0
shrinkage=0.05


Tree=14
num_leaves=31
num_cat=0
split_feature=11 17 1 11 21 21 2 7 2 23 17 3 16 11 26 1 21 2 11 21 17 23 0 11 23 27 12 1 2 0
split_gain=54830.8 4293.92 927.466 357.815 497.382 337.22 199.604 111.902 91.0117 86.472 199.34 79.5661 74.4697 118.718 63.4419 62.0066 52.2436 49.725 44.1025 129.21 98.0629 44.5523 42.6772 34.6125 28.3483 18.0797 15.8064 22.5487 14.415 44.2014
threshold=0.17752101272344592 0.28215467929840093 0.8494696617126466 0.22401433438062671 1.0000000180025095e-35 1.0000000180025095e-35 0.89444443583488475 1.0000000180025095e-35 0.080128207802772536 0.055555557832121856 0.44484996795654302 0.81666666269302379 1.0000000180025095e-35 0.075498577207326903 1.0000000180025095e-35 0.88275891542434703 1.0000000180025095e-35 0.074175827205181136 0.29520697891712194 1.0000000180025095e-35 0.62053000926971447 0.10000000521540643 0.85599079728126537 0.10762548446655275 0.099586781114339842 0.60000000149011623 0.26785714924335485 0.90695977210998546 1.0000000180025095e-35 0.79361054301261913
decision_type=2 2 2 2 2 2 2 2 2 2 2 2 2 2 2 2 2 2 2 2 2 2 2 2 2 2 2 2 2 2
left_child=1 2 5 4 -2 -1 15 -3 -6 28 23 17 22 -14 -12 16 -4 -7 19 -5 -21 -22 -8 -11 -10 -20 27 -27 29 -9
right_child=3 7 6 18 8 11 12 9 24 10 14 -13 13 -15 -16 -17 -18 -19 25 20 21 -23 -24 -25 -26 26 -28 -29 -30 -31
leaf_value=0.053949092295900836 0.062860107033941098 0.066668104341869525 0.067922222941422319 0.065254065508135534 0.067980286496571327 0.066136418772930763 0.069934397495624398 0.1005926926891953 -0.064778276441824281 -0.037160242686273603 0.00650371865935252 0.056914956244255271 -0.076181822090671161 0.053707526259781382 -0.061720343286082086 0.062686111562541696 -0.011365322336477119 -0.059888008202434478 0.065918520452713222 0.058588678881003657 -0.053683249720029691 0.017844758554417129 0.019282147303071033 0.061172368961760426 -0.011313948665326271 0.048678356492127685 0.065115742313702804 0.062154045486659107 -0.06654214468262841 -0.064440566816023795
leaf_weight=85.166186839342117 270.97267143428326 15.96000589430332 33.022293284535408 433.4609852284193 16.536019071936607 7.963554084300994 46.050201132893562 5.2450647652149227 135.83305206894875 11.105051979422567 36.856371641159058 15.643288120627401 48.511430472135544 27.600481435656548 451.6032360047102 613.77394467592239 56.023194313049316 457.07141152024269 15499.37267562747 64.755367547273636 49.757432878017426 38.703628867864609 428.89151398837566 46.095056980848312 30.329638034105301 454.23715957999229 1599.6626818776131 980.51367962360382 15451.141221985221 17.915941998362541
leaf_count=351 1189 71 136 1945 72 36 192 21 700 55 171 61 217 106 2335 2599 227 2282 70071 267 225 149 1619 188 122 2003 7190 4322 82309 92
internal_value=0.00596004 -0.0574017 0.0153854 0.063759 0.0198719 -0.0377514 0.0393648 -0.0656614 -0.0438868 -0.0657932 -0.0462309 -0.0539989 0.0168352 -0.02908 -0.0565725 0.0570293 0.0180383 -0.0577299 0.0648003 0.0513034 0.0118359 -0.0223882 0.0241934 0.0420817 -0.0550194 0.0652275 0.0616981 0.0578877 -0.0664831 -0.027067
internal_weight=37429.8 17855.6 1819.72 19574.1 453.671 565.844 1253.87 16035.9 182.699 16020 545.66 480.678 551.054 76.1119 488.46 702.819 89.0455 465.035 19120.5 586.677 153.216 88.4611 474.942 57.2001 166.163 18533.8 3034.41 1434.75 15474.3 23.161
internal_count=181323 93068 7826 88255 2083 2730 5096 85242 894 85171 2749 2379 2134 323 2506 2962 363 2318 86172 2586 641 374 1811 243 822 83586 13515 6325 82422 113
is_linear=0
shrinkage=0.05


Tree=15
num_leaves=31
num_cat=0
split_feature=11 17 2 11 21 6 21 0 2 2 11 21 3 2 2 2 23 21 0 0 13 11 21 2 7 0 13 24 1 0
split_gain=51244.8 4041.76 863.863 338.098 495.938 167.753 165.675 124.574 163.121 118.209 106.838 290.005 99.7676 60.0075 49.7638 42.297 37.1434 35.0709 34.924 33.9591 33.8819 52.3717 104.149 45.901 28.7852 22.2196 15.1898 13.3386 22.4185 12.6694
threshold=0.17752101272344592 0.28215467929840093 0.31666667759418493 0.24499999731779101 1.0000000180025095e-35 1.0000000180025095e-35 1.0000000180025095e-35 0.74239632487297069 0.89444443583488475 0.080128207802772536 0.12060606107115747 1.0000000180025095e-35 0.96153846383094799 0.41428571939468389 0.074175827205181136 0.069047622382640853 0.10690476745367052 1.0000000180025095e-35 0.64760348200798046 0.96039214730262767 1.0000000180025095e-35 0.31009615957736975 1.0000000180025095e-35 0.087121214717626586 1.0000000180025095e-35 0.96329966187477123 1.0000000180025095e-35 2.5000000000000004 0.84305682778358471 0.65261757373809826
decision_type=2 2 2 2 2 2 2 2 2 2 2 2 2 2 2 2 2 2 2 2 2 2 2 2 2 2 2 2 2 2
left_child=1 2 6 4 -2 13 27 12 -9 -6 24 19 -7 17 -8 -13 29 -4 -16 -12 21 22 -5 -24 -3 -18 -21 -1 -29 -11
right_child=3 10 5 20 9 7 14 8 -10 16 11 15 -14 -15 18 -17 25 -19 -20 26 -22 -23 23 -25 -26 -27 -28 28 -30 -31
leaf_value=0.054704261530313131 0.061819767220687806 0.065957324132991171 0.061194346718833996 0.062601329638373643 0.067505236812463593 -0.061931266719917902 0.065139034584050917 0.065993052531542376 0.011590707224921337 -0.065405726893758162 0.062282937539934607 0.065234761646142392 0.062773410674040395 0.062018883289423246 -0.064400828994893342 -0.064400050146628154 0.029818014291280382 -0.0020911562404216703 0.023313919586589311 -0.025383289041017394 0.064813461496511238 0.060964116429911813 0.075520612504576548 -0.020651177583620277 -0.065290136358999148 -0.048419846508825935 0.050221480373130137 -0.086702888067913347 0.061356367154576187 0.0060816091983624566
leaf_weight=36.81438997387886 325.88764265179634 4.1787607818841925 32.929560422897339 148.01292745769024 23.819016113877296 73.596117034554482 7.9149919152259818 190.13064604997635 500.51358814537525 139.3816837221384 58.784079149365425 6.4222215116024008 20.507653459906578 479.1753211170435 353.44946672022343 310.92598237097263 19.889843642711639 65.309928953647614 11.724400490522383 21.680706307291988 15280.04502312839 2871.5942243337631 14.787037968635557 77.084013491868973 15093.145604595542 16.689708769321442 9.578534781932829 4.9227165728807432 5.3193215280771255 6.4862201958894721
leaf_count=155 1480 19 140 682 106 336 37 764 1938 740 246 30 79 2144 1873 1688 76 269 48 86 71477 13206 60 329 83136 70 37 21 22 29
internal_value=0.00585776 -0.056375 0.0149326 0.0627082 0.0234185 0.034265 -0.0477455 0.0192139 0.0265674 -0.037253 -0.064572 -0.0393055 -0.0347549 0.0547205 -0.0588962 -0.0617766 -0.0509295 0.0191219 -0.0615846 0.0398915 0.063845 0.0590892 0.0366455 -0.00517192 -0.0652538 -0.00587863 -0.00221629 0.0406632 -0.00980659 -0.0622269
internal_weight=36210.7 17287 1782.31 18923.7 532.154 1362.16 420.145 784.748 690.644 206.266 15504.7 407.392 94.1038 577.415 373.089 317.348 182.447 98.2395 365.174 90.0433 18391.5 3111.48 239.884 91.8711 15097.3 36.5796 31.2592 47.0564 10.242 145.868
internal_count=181323 93068 7826 88255 2501 5670 2156 3117 2702 1021 85242 2087 415 2553 1958 1718 915 409 1921 369 85754 14277 1071 389 83155 146 123 198 43 769
is_linear=0
shrinkage=0.05


Tree=16
num_leaves=31
num_cat=0
split_feature=12 1 2 2 2 13 1 21 21 18 2 0 13 13 21 21 21 13 3 24 21 2 18 16 2 2 0 0 17 7
split_gain=34576.4 6095.67 2102.3 1767.85 1173.37 925.112 564.409 442.756 345.473 333.577 235.005 218.881 169.315 149.34 124.166 96.8654 96.2406 89.1831 88.7973 423.241 91.264 88.5592 81.0896 61.7518 42.7445 37.2893 61.0786 21.9022 16.5146 8.57521
threshold=0.30952382087707525 0.86786246299743663 0.86607143282890331 1.0000000180025095e-35 0.43650794029235845 1.0000000180025095e-35 0.90296462178230297 1.0000000180025095e-35 1.0000000180025095e-35 1.0000000180025095e-35 0.63068181276321422 0.76230832934379589 1.0000000180025095e-35 1.0000000180025095e-35 1.0000000180025095e-35 1.0000000180025095e-35 1.0000000180025095e-35 0.75000000000000011 0.61250001192092907 2.5000000000000004 1.0000000180025095e-35 0.2264957278966904 1.0000000180025095e-35 1.0000000180025095e-35 0.080128207802772536 0.11805555596947671 0.48683299124240881 0.8019607961177827 0.20848321169614795 0.79516318440437328
decision_type=2 2 2 2 2 2 2 2 2 2 2 2 2 2 2 2 2 2 2 2 2 2 2 2 2 2 2 2 2 2
left_child=1 3 6 -1 15 11 8 -6 -3 23 -9 29 16 -10 -11 21 -8 18 19 25 -21 -5 -13 -7 -22 -2 -27 -17 -20 -4
right_child=17 2 5 4 7 9 12 10 13 14 -12 22 -14 -15 -16 27 -18 -19 28 20 24 -23 -24 -25 -26 26 -28 -29 -30 -31
leaf_value=0.065687606420985326 0.064359961503312912 0.057854428842097128 0.016974728144868927 -0.059651536149296094 0.061945352464103778 0.0030851587383441841 0.05228973960102358 -0.038269327393710598 -0.045113638950760378 0.051094214272459894 0.047509276604989242 -0.056030143223339816 0.060407338060913487 0.015067597946779077 0.012801337420715334 -0.06436769785706152 0.017802606302942142 0.063769970155959615 0.03560689692591059 0.053793998512143976 0.064259185786093839 0.019029800982021009 -0.036585320570157939 -0.037160363281738037 -0.052724985938464843 -0.021679837063911508 0.058008608935421258 0.048079243399346494 0.060452162155260239 0.061720781757542156
leaf_weight=285.48656451702118 518.97712421417236 162.30769643187523 13.813832387328146 76.855871632695198 209.335589453578 139.62936441600323 332.00811199843884 459.53580878674984 332.92670617997646 368.15916387736797 96.638418227434158 866.22514270246029 1207.6759483367205 149.3183002024889 498.10840356349945 12106.679912105203 517.78189672529697 12590.92352797091 69.335655570030212 27.288528993725777 8.2873429507017118 66.88630972802639 1407.1262069344521 300.31095953285694 135.1317031532526 35.484183847904205 74.594550490379333 4.3319871574640265 1891.5320281386375 47.61003141105175
leaf_count=1337 2498 761 68 401 973 544 1575 2443 1828 1639 445 4760 5638 718 2337 69019 2575 61093 292 131 40 322 7641 1598 744 187 358 20 9116 222
internal_value=0.00576237 -0.0381647 0.00217059 -0.057393 -0.0600917 -0.0226267 0.0355851 -3.59735e-05 -0.00524309 0.011069 -0.0233648 -0.041478 0.0483755 -0.0264796 0.0290756 -0.0638432 0.0312765 0.0619855 0.0538467 0.0398053 -0.0300181 -0.0230394 -0.0439945 -0.0243871 -0.0459652 0.0587534 0.0323208 -0.0643275 0.0595736 0.0516577
internal_weight=35000.3 19648.8 6343 13305.8 13020.3 3640.98 2702.02 765.51 644.553 1306.21 556.174 2334.78 2057.47 482.245 866.268 12254.8 849.79 15351.6 2760.63 799.763 170.708 143.742 2273.35 439.94 143.419 629.056 110.079 12111 1960.87 61.4239
internal_count=181323 106864 31904 74960 73623 18809 13095 3861 3307 6118 2888 12691 9788 2546 3976 69762 4150 74459 13366 3958 915 723 12401 2142 784 3043 545 69039 9408 290
is_linear=0
shrinkage=0.05


Tree=17
num_leaves=31
num_cat=0
split_feature=11 17 3 11 22 22 26 17 11 22 1 18 22 11 3 0 3 12 1 11 22 1 15 1 23 7 17 23 3 3
split_gain=45212.9 3622.66 734.977 302.049 435.872 205.161 157.277 103.137 98.5147 277.461 85.9265 73.3852 56.1248 55.9396 43.6136 38.8952 38.562 31.5332 40.6145 78.2679 105.824 28.0273 27.9032 21.5426 27.0811 21.3336 18.5799 11.3755 10.9101 9.39119
threshold=0.17752101272344592 0.28215467929840093 0.61250001192092907 0.24499999731779101 1.0000000180025095e-35 1.0000000180025095e-35 1.0000000180025095e-35 0.47925275564193731 0.11651583760976793 1.0000000180025095e-35 0.91842263936996471 1.0000000180025095e-35 1.0000000180025095e-35 0.11651583760976793 0.15476191043853763 0.96039214730262767 1.0000000180025095e-35 0.41428571939468389 0.88022258877754223 0.34057971835136419 1.0000000180025095e-35 0.69493964314460765 0.59763106703758251 0.92633762955665599 0.17349498718976977 1.0000000180025095e-35 0.43111357092857366 0.12552521377801898 0.73214286565780651 0.18333333730697635
decision_type=2 2 2 2 2 2 2 2 2 2 2 2 2 2 2 2 2 2 2 2 2 2 2 2 2 2 2 2 2 2
left_child=1 2 5 4 7 10 21 -2 22 16 14 13 -13 -8 -1 -11 -10 18 19 20 -5 -4 25 27 -25 -3 -17 -9 -23 -21
right_child=3 8 6 17 -6 -7 11 23 9 15 -12 12 -14 -15 -16 26 -18 -19 -20 29 -22 28 -24 24 -26 -27 -28 -29 -30 -31
leaf_value=0.063315908473820043 0.047273736988157643 0.064001590847845832 -0.018436749421180055 -0.015979212400805753 0.059870849585936886 0.045826627892448207 -0.0036687711318729149 -0.061836232178292219 0.063391683289147863 0.060955531362386212 0.052842761513108939 0.017349249298547177 0.055387071123296161 0.068533952370075077 -0.059515680739549451 0.049879873257743623 -0.06268834055962183 0.063125974741968197 0.060903361671621338 0.063787795874423486 0.059825792864199562 0.041506075095763886 0.090207982276327925 0.072507231295327504 -0.041275228486315409 -0.063550736821555195 -0.028974236662998004 0.029571539219001977 0.060977191759760387 0.05171143439725763
leaf_weight=7.3668001145124427 31.44014185667038 3.27890621125698 12.441094741225241 98.144050881266594 306.80091294646263 61.540267884731293 311.98410591483116 134.11106006801128 6.1765670627355567 59.474308580160141 18.597836077213287 218.47613988816738 174.3773078918457 29.349343940615654 380.07565614581108 10.694958731532095 334.77162753045559 13675.697704255581 2645.456006988883 257.17225326597691 86.719228148460388 87.332359433174133 2.952387958765029 7.2000156491994884 19.107326790690422 14065.282694026828 24.775514408946037 3.4922831356525412 408.26279766857624 430.42728851735592
leaf_count=37 145 16 55 439 1480 271 1285 756 31 260 75 865 683 118 2103 42 1942 68794 12763 1266 427 387 10 26 81 82836 105 13 1947 2065
internal_value=0.00565587 -0.0546507 0.0141856 0.0609236 0.0226992 -0.0392469 0.0342979 -0.0356792 -0.0627636 -0.0393533 -0.0521408 0.0194984 0.0342332 0.00253954 -0.0571802 0.0362411 -0.0604043 0.06204 0.0578181 0.0484631 0.0195809 0.0556853 -0.0634888 -0.0515906 -0.0101343 -0.063521 -0.00519836 -0.0595164 0.057546 0.0562282
internal_weight=33913 16217.2 1709.8 17695.8 502.152 467.581 1242.22 195.351 14507.4 435.893 406.04 734.187 392.853 341.333 387.442 94.9448 340.948 17193.6 3517.92 872.463 184.863 508.036 14071.5 163.911 26.3073 14068.6 35.4705 137.603 495.595 687.6
internal_count=181323 93068 7826 88255 2501 2486 5340 1021 85242 2380 2215 2951 1548 1403 2140 407 1973 85754 16960 4197 866 2389 82862 876 107 82852 147 769 2334 3331
is_linear=0
shrinkage=0.05


Tree=18
num_leaves=31
num_cat=0
split_feature=11 16 2 13 11 22 1 22 24 26 2 23 26 22 0 22 23 12 1 11 22 1 2 2 2 0 2 24 24 22
split_gain=42362.7 3105.55 784.469 379.115 286.546 407.148 162.703 127.248 119.805 105.761 97.9563 91.9237 146.264 73.5093 65.0631 43.4975 32.996 32.8152 40.0155 75.5032 89.9888 27.6618 26.1035 25.5195 23.4245 18.2253 17.6471 15.5541 11.5733 14.9071
threshold=0.17752101272344592 1.0000000180025095e-35 0.34848485887050634 0.75000000000000011 0.24499999731779101 1.0000000180025095e-35 0.87553340196609508 1.0000000180025095e-35 1.0000000180025095e-35 1.0000000180025095e-35 0.080128207802772536 0.05298245698213578 1.0000000180025095e-35 1.0000000180025095e-35 0.71081870794296276 1.0000000180025095e-35 0.10690476745367052 0.41428571939468389 0.88022258877754223 0.31009615957736975 1.0000000180025095e-35 0.98896396160125744 0.095454547554254546 1.0000000180025095e-35 0.41428571939468389 0.96329966187477123 0.2264957278966904 5.5000000000000009 2.5000000000000004 1.0000000180025095e-35
decision_type=2 2 2 2 2 2 2 2 2 2 2 2 2 2 2 2 2 2 2 2 2 2 2 2 2 2 2 2 2 2
left_child=1 2 6 8 5 10 15 22 -3 24 -2 23 -13 14 -11 -1 -12 18 19 20 -6 -15 -5 -10 -4 -18 -17 -21 -8 -30
right_child=4 3 9 7 17 -7 28 -9 11 13 16 12 -14 21 -16 26 25 -19 -20 27 -22 -23 -24 -25 -26 -27 -28 -29 29 -31
leaf_value=-0.059244660199285093 0.065009247851180008 0.063376557192739644 0.018387562990008606 0.062382799353942656 -0.024088114596235527 0.058867909995317325 0.05325405207859818 0.065205014682773038 -0.013420586640299312 -0.0516440065051815 -0.059205268451528771 0.0303134561964588 -0.051118694833573744 0.05950685211532112 0.016557414768226943 -0.045538594122727517 0.027575007269540732 0.06230914998059206 0.059925064517778917 0.054594381480332556 0.060284227035112062 0.028393349854452285 -0.062806032692572553 -0.062839092293677942 0.05964844177994915 -0.044281190580770013 0.063445511877712205 -0.0073316263041554369 -0.035727623861080644 0.065373673145873973
leaf_weight=346.48103274405003 21.749165147542953 19.097862005233765 37.602364853024483 4.7726442962884894 73.554076597094536 296.68364183604717 37.514982938766479 78.484171852469444 26.174360930919647 39.428678154945374 132.81505075097084 62.491533026099205 468.89447194337845 134.80981081724167 309.19454026222229 5.7716993689537075 19.463078662753105 13174.9158128649 2556.4717379510403 709.04639507830143 55.410489544272423 151.96351110935211 32.649661853909492 13479.060347124934 403.66200514137745 16.144048124551773 10.420546814799307 10.287165671586989 9.7715755701065046 5.8161824643611899
leaf_count=1988 106 96 161 25 325 1480 158 355 135 175 769 300 2659 560 1218 24 76 68794 12763 3538 283 584 175 82359 1983 70 45 51 41 27
internal_value=0.0055722 -0.053803 0.0148009 -0.0610278 0.0600681 0.0222602 -0.0435328 0.0290294 -0.0617704 0.0373277 -0.0348509 -0.0619407 -0.0415422 0.0242684 0.00884395 -0.0555013 -0.0477463 0.0611783 0.0568026 0.0473927 0.012163 0.0430196 -0.0468401 -0.0627433 0.0561324 -0.00500414 0.0245983 0.0537088 0.0382077 0.0019958
internal_weight=32730.6 15664.1 1492.44 14171.6 17066.5 486.855 415.776 115.906 14055.7 1076.66 190.171 14036.6 531.386 635.397 348.623 362.673 168.422 16579.7 3404.77 848.298 128.965 286.773 37.4223 13505.2 441.264 35.6071 16.1922 719.334 53.1027 15.5878
internal_count=181323 93068 6964 86104 88255 2501 2283 555 85549 4681 1021 85453 2959 2537 1393 2057 915 85754 16960 4197 608 1144 200 82494 2144 146 69 3589 226 68
is_linear=0
shrinkage=0.05


Tree=19
num_leaves=31
num_cat=0
split_feature=11 16 2 13 11 21 2 11 21 21 1 1 0 23 2 2 7 21 0 13 11 21 1 2 0 21 21 3 1 0
split_gain=39720.6 2935.08 727.949 356.626 273.494 465.888 126.979 119.781 277.179 118.245 116.13 100.124 67.2918 60.6586 45.4566 39.9132 36.7814 31.0109 28.9393 26.1273 27.8427 57.6563 41.1303 24.3712 23.4706 20.352 17.6004 14.0065 12.4984 11.6817
threshold=0.17752101272344592 1.0000000180025095e-35 0.31666667759418493 0.75000000000000011 0.25462962687015539 1.0000000180025095e-35 0.080128207802772536 0.11651583760976793 1.0000000180025095e-35 1.0000000180025095e-35 0.76729261875152599 0.98960864543914806 0.64760348200798046 0.10690476745367052 0.43650794029235845 0.069047622382640853 1.0000000180025095e-35 1.0000000180025095e-35 0.96039214730262767 1.0000000180025095e-35 0.34057971835136419 1.0000000180025095e-35 0.88275891542434703 0.095454547554254546 0.91366460919380199 1.0000000180025095e-35 1.0000000180025095e-35 0.73214286565780651 0.82545331120491039 0.65261757373809826
decision_type=2 2 2 2 2 2 2 2 2 2 2 2 2 2 2 2 2 2 2 2 2 2 2 2 2 2 2 2 2 2
left_child=1 2 12 7 5 -2 -7 16 18 -5 17 14 25 29 -12 -10 -3 -4 -9 20 21 -6 -23 -11 -15 28 -13 -19 -1 -8
right_child=4 3 10 9 19 6 13 8 15 23 11 26 -14 24 -16 -17 -18 27 -20 -21 -22 22 -24 -25 -26 -27 -28 -29 -30 -31
leaf_value=-0.044007139862580792 0.058985925645073448 0.063094266034952995 0.059691501447713846 0.063679091568419083 0.058322614442075475 0.065973142601874799 -0.063051644593082087 0.05710722518398717 0.061793533394502123 0.061633945567895698 0.017787392910140986 0.026851253676808962 0.04097422497503745 0.038933237120654683 0.052496748788740867 -0.060463994236794452 -0.061833586681447929 -0.056763062288253757 0.001832388397628159 0.061494654308879605 0.057798155973566835 -0.018084671623698825 0.046541017847891421 -0.061609307303785582 -0.02899953386176108 -0.060221170604588314 0.0035587453569561871 -8.3029070367411666e-05 0.059639595503813682 0.0055019697629680991
leaf_weight=5.886055260896681 416.36176300048828 5.8944701254367819 8.3843576163053495 76.399813786149025 174.36741214990616 30.203599572181702 142.93005813658237 64.991822570562363 6.8240245878696433 4.5936349481344214 110.86667066812515 148.45423984527588 18.346461862325668 24.087098002433777 632.35935291647911 307.39783501625061 13125.482101395726 44.994874581694603 37.252220749855042 13112.113986968994 2414.4243590682745 55.365912780165672 44.335220068693161 31.645211383700371 26.929985076189041 291.84546054899693 178.75858260691166 14.38395421206951 5.7499514669179916 6.4966668188571921
leaf_count=25 2170 30 40 355 908 149 841 293 37 25 488 576 82 95 2985 1913 83122 232 154 70919 12580 247 201 175 115 1762 690 59 25 30
internal_value=0.00549368 -0.0530017 0.0143811 -0.0602036 0.0592693 0.0274072 -0.0295983 -0.0609402 -0.0345408 0.0283966 0.0331544 0.0371728 -0.0520143 -0.0439994 0.0473192 -0.0578089 -0.0617775 -0.0303228 0.0369681 0.060574 0.0560838 0.0409813 0.0106532 -0.045987 0.0030741 -0.0576357 0.0141264 -0.0430329 0.00721006 -0.0600711
internal_weight=31568.1 15120.5 1460.03 13660.5 16447.6 647.009 230.647 13547.8 416.466 112.639 1138.2 1070.44 321.828 200.444 743.226 314.222 13131.4 67.7632 102.244 15800.6 2688.49 274.069 99.7011 36.2388 51.0171 303.481 327.213 59.3788 11.636 149.427
internal_count=181323 93068 6964 86104 88255 3400 1230 85549 2397 555 5070 4739 1894 1081 3473 1950 83152 331 447 84855 13936 1356 448 200 210 1812 1266 291 50 871
is_linear=0
shrinkage=0.05


Tree=20
num_leaves=31
num_cat=0
split_feature=11 16 1 13 11 21 3 2 11 21 21 2 23 1 21 0 2 2 7 21 0 13 11 21 1 2 2 15 0 21
split_gain=37272.2 2779.24 676.916 335.862 260.338 436.459 157.966 118.235 115.165 259.752 109.946 105.15 57.7555 52.9319 43.8569 38.6498 37.4345 36.0161 34.5472 33.0579 27.2472 27.1088 27.5679 55.6307 37.8921 22.7718 22.6879 22.1157 21.3033 14.7657
threshold=0.17752101272344592 1.0000000180025095e-35 0.8494696617126466 0.75000000000000011 0.25462962687015539 1.0000000180025095e-35 0.73214286565780651 0.080128207802772536 0.11651583760976793 1.0000000180025095e-35 1.0000000180025095e-35 0.89444443583488475 0.10690476745367052 0.88275891542434703 1.0000000180025095e-35 0.85599079728126537 0.069047622382640853 0.44949495792388922 1.0000000180025095e-35 1.0000000180025095e-35 0.96039214730262767 1.0000000180025095e-35 0.34057971835136419 1.0000000180025095e-35 0.88275891542434703 0.095454547554254546 0.2264957278966904 0.58554005622863781 0.91366460919380199 1.0000000180025095e-35
decision_type=2 2 2 2 2 2 2 2 2 2 2 2 2 2 2 2 2 2 2 2 2 2 2 2 2 2 2 2 2 2
left_child=1 2 6 8 5 -2 14 -7 18 20 -5 13 -9 17 26 -13 -11 -4 -3 -17 -10 22 23 -6 -25 -12 -1 -20 -14 -8
right_child=4 3 11 10 21 7 29 12 9 16 25 15 28 -15 -16 19 -18 -19 27 -21 -22 -23 -24 24 -26 -27 -28 -29 -30 -31
leaf_value=-0.066481328621411082 0.058127005844726333 0.062295379242945419 -0.024111881726899355 0.062222878077666278 0.057453685427681936 0.065046150571634778 0.063592802788850003 -0.059054661627607558 0.055612432318666499 0.06108893315465469 0.060938565835832126 0.065352226864560423 0.037253055612868929 0.056706780146419902 -0.055836301536912075 0.029107499739649857 -0.059629213615296564 0.046683088653666792 -0.061106954681230036 0.00073876792458824883 0.0017406644366415919 0.060781554546731689 0.056916958543577062 -0.017101993847834281 0.045263786532319383 -0.060481058789330744 0.06096799624760222 0.077132655685408918 -0.027631204704507858 0.013793436769833106
leaf_weight=4.8362445533275631 401.75923550128937 5.6770668923854819 36.511748507618904 74.331226587295532 168.30821613967419 29.12956403195858 26.21979433298111 144.52977405488491 63.441467583179474 6.564177379012107 4.4181941300630561 39.820075854659081 23.919131681323051 483.67530430853367 342.58555535972118 190.00315149128437 296.39534951746464 35.367271393537521 12633.520454198122 223.47355824708939 37.254395171999931 12615.236886754632 2331.3259856253862 55.613307505846024 43.33265945315361 30.649093747138977 12.561681553721426 2.8938386291265479 26.852412059903145 34.43153116106987
leaf_count=20 2170 30 160 355 908 149 124 871 293 37 25 192 95 2420 2066 748 1913 163 83112 871 154 70919 12580 247 201 175 60 10 115 140
internal_value=0.00542007 -0.0522539 0.013959 -0.0594489 0.0585232 0.0269276 -0.0393264 -0.0289234 -0.0601805 -0.0338899 0.0277943 0.0361761 -0.0429391 0.0507572 -0.0519034 0.0183058 -0.0570136 0.010722 -0.0610199 0.0137749 0.0356815 0.0598236 0.0551733 0.0399628 0.0102106 -0.0451832 0.0255399 -0.0610753 0.00293661 0.0353219
internal_weight=30424.6 14584.6 1429.49 13155.1 15840 626.19 420.635 224.431 13045.7 403.655 109.399 1008.85 195.301 555.554 359.983 453.297 302.96 71.879 12642.1 413.477 100.696 15213.8 2598.58 267.254 98.946 35.0673 17.3979 12636.4 50.7715 60.6513
internal_count=181323 93068 6964 86104 88255 3400 2410 1230 85549 2397 555 4554 1081 2743 2146 1811 1950 323 83152 1619 447 84855 13936 1356 448 200 80 83122 210 264
is_linear=0
shrinkage=0.05


Tree=21
num_leaves=31
num_cat=0
split_feature=23 3 17 3 13 1 26 23 21 23 0 1 13 23 1 12 21 21 17 1 7 1 21 12 7 24 23 15 17 0
split_gain=25864.3 9708.5 2739.35 600.685 351.095 144.007 135.115 133.726 185.022 92.63 59.4156 47.9813 44.0945 69.0796 77.7421 31.763 28.0985 25.8793 23.0534 21.5855 17.068 14.8583 14.7492 10.6541 8.76543 39.1553 10.4699 8.73442 4.36859 3.76881
threshold=0.11111111566424371 1.0000000180025095e-35 0.25087413191795355 0.61250001192092907 0.75000000000000011 0.87307858467102062 1.0000000180025095e-35 0.060075189918279655 1.0000000180025095e-35 0.038585608825087554 0.69309264421463024 0.96843671798706066 1.0000000180025095e-35 0.17902931571006778 0.98676329851150524 0.46428571641445165 1.0000000180025095e-35 1.0000000180025095e-35 0.43111357092857366 0.68560534715652477 0.99193549156188976 0.98759469389915477 1.0000000180025095e-35 0.46428571641445165 0.83827373385429393 4.5000000000000009 0.27320575714111334 0.45852446556091314 0.30805176496505743 0.96225070953369152
decision_type=2 2 2 2 2 2 2 2 2 2 2 2 2 2 2 2 2 2 2 2 2 2 2 2 2 2 2 2 2 2
left_child=1 11 3 5 7 16 19 -4 -9 -6 -8 -1 13 14 17 -13 -3 29 28 -5 -19 -11 -7 24 25 -15 -26 -20 -16 -2
right_child=12 2 4 6 9 22 10 8 -10 21 -12 15 -14 23 18 -17 -18 20 27 -21 -22 -23 -24 -25 26 -27 -28 -29 -30 -31
leaf_value=0.060660159564834074 0.056471569359922813 0.0083284359745182408 -0.060678211204275911 -0.019020494452526137 -0.05706503420893299 0.063963343668796108 -0.034220049748442477 0.0090590970271076723 -0.057060647708517778 0.055647952427157081 0.021381228117382106 -0.050468431550804715 0.060048585266727267 0.049577617108373294 0.069873645994272704 0.058474421531862289 -0.05729421990730741 -0.0032035464523093452 -0.053359794481439016 0.054322190899451506 0.058683709080366214 -0.028581777861965498 0.011700028004580986 0.059867213742611884 0.045295664800444155 -0.026359761830663644 0.058025328547215808 0.024113284681529297 0.0034340488428079722 0.018884872512708231
leaf_weight=2248.8683916926384 118.22868281602859 17.213809534907341 12155.15067961812 10.269438460469244 25.555611208081245 22.695905745029449 52.112277120351791 165.65874071419239 292.82827265560627 86.395309045910835 615.99267776310444 16.258075952529907 10552.619767248631 320.55704766511917 5.3966462016105634 11.369340911507608 311.47422720491886 41.117174685001373 36.09667132794857 433.8981993496418 15.281432330608366 5.5735088884830466 33.314716726541519 783.15779612958431 211.76425148546696 17.924570843577385 680.91837206482887 4.0458516478538504 4.5687549263238907 7.0679278671741477
leaf_count=13034 660 76 83217 49 151 113 241 961 1835 477 2558 97 61593 1758 21 66 1989 203 203 2302 72 27 140 4506 1120 100 3679 20 20 35
internal_value=0.00535122 -0.0360146 -0.0513538 0.0126265 -0.0588769 -0.0412292 0.0312535 -0.0596783 -0.0331705 0.0271441 0.0170443 0.0598556 0.0586946 0.0523334 0.026485 -0.00563585 -0.0538575 0.0416912 -0.0286537 0.0526265 0.0135651 0.0505434 0.0328775 0.0553079 0.0524077 0.0455563 0.0550056 -0.0455515 0.0394136 0.0543513
internal_weight=29303.4 16504.6 14228.1 1496.97 12731.2 384.699 1112.27 12613.6 458.487 117.524 668.105 2276.5 12798.7 2246.13 231.803 27.6274 328.688 181.695 50.1079 444.168 56.3986 91.9688 56.0106 2014.32 1231.16 338.482 892.683 40.1425 9.9654 125.297
internal_count=181323 107333 94136 7468 86668 2318 5150 86013 2796 655 2799 13197 73990 12397 1234 163 2065 970 264 2351 275 504 253 11163 6657 1858 4799 223 41 695
is_linear=0
shrinkage=0.05


Tree=22
num_leaves=31
num_cat=0
split_feature=11 17 2 11 21 26 2 11 21 2 1 2 0 2 2 13 2 11 21 1 21 15 1 1 1 21 15 0 0 2
split_gain=32891.4 2814.53 522.594 180.948 316.96 153.109 124.394 104.788 239.344 92.6195 76.8656 64.0047 60.2005 47.8799 44.8678 28.9654 27.0884 26.831 52.3076 33.538 26.1243 24.9806 24.6096 19.1026 15.0173 12.1894 11.0443 10.4895 9.91398 11.1692
threshold=0.18350168317556384 0.30805176496505743 0.31666667759418493 0.25462962687015539 1.0000000180025095e-35 1.0000000180025095e-35 0.074175827205181136 0.12060606107115747 1.0000000180025095e-35 0.080128207802772536 0.76388812065124523 0.89444443583488475 0.64760348200798046 0.44949495792388922 0.43650794029235845 1.0000000180025095e-35 0.069047622382640853 0.34057971835136419 1.0000000180025095e-35 0.88275891542434703 1.0000000180025095e-35 0.59763106703758251 0.98129165172576915 0.99095961451530468 1.0000000180025095e-35 1.0000000180025095e-35 0.48584780097007757 0.70521390438079845 0.83469945192337047 0.095454547554254546
decision_type=2 2 2 2 2 2 2 2 2 2 2 2 2 2 2 2 2 2 2 2 2 2 2 2 2 2 2 2 2 2
left_child=1 2 6 4 -2 14 -1 21 22 -6 -7 -12 25 27 20 17 -10 18 -5 -20 -4 24 -9 -15 -3 -8 -24 -11 29 -19
right_child=3 7 5 15 9 10 12 8 16 13 11 -13 -14 23 -16 -17 -18 28 19 -21 -22 -23 26 -25 -26 -27 -28 -29 -30 -31
leaf_value=0.058618396466355673 0.056790799817523586 0.049359828457172517 0.054408461547704082 0.055912264752329688 0.063670041868641378 -0.054837269067903142 -0.01326355310943078 0.05461107970846435 0.059879256100894687 -0.060780956707497141 0.041458354240150042 0.0075184216409957512 0.037935113060903795 0.023211031622717222 0.056615284511364231 0.059500425540700508 -0.058401772606968431 0.060223376432392318 -0.016390238398637617 0.043125652015249601 0.0011657518284701324 0.087131656217092138 -0.010852545385410493 -0.042859410325881392 -0.059801286789231738 -0.058124993995093722 0.066775962453413371 0.029485385083555627 0.059337155424765455 0.049654290004081322
leaf_weight=28.391369089484215 344.90839995443821 3.1514819711446753 35.053740218281746 157.10271756350994 25.463074222207069 39.601216092705727 15.976348936557768 61.097836554050446 4.9282820522785178 103.6408079713583 190.91173925995827 509.95943465828896 18.153137177228928 33.252341985702515 390.70489236712456 11655.864248603582 271.84235672652721 340.75444443523884 55.140195086598396 41.475409373641014 67.217795372009277 2.8945887982845298 28.616844207048416 16.304052531719208 11645.576187759638 289.8420344889164 5.45521456003189 3.3215688765048972 892.27058883011341 938.24068608880043
leaf_count=155 2010 19 176 908 139 223 70 304 30 668 870 2099 86 137 2173 70919 1876 2017 247 201 299 10 122 70 82949 1945 24 14 5137 5426
internal_value=0.00528422 -0.0506435 0.0119666 0.0573896 0.0286216 0.0273078 -0.0417356 -0.0589013 -0.0327758 -0.0247672 0.0129341 0.0167634 -0.0505301 -0.0391545 0.0488978 0.0584661 -0.0562956 0.0534943 0.0381086 0.0091589 0.0194148 -0.0597353 0.035624 0.00147386 -0.0597718 -0.0557814 0.00157641 -0.0579779 0.0552921 0.0524701
internal_weight=28217.1 13609.4 1585.81 14607.7 526.89 1233.45 352.363 12023.6 371.941 181.982 740.472 700.871 323.972 156.519 492.976 14080.8 276.771 2424.98 253.718 96.6156 102.272 11651.6 95.1699 49.5564 11648.7 305.818 34.0721 106.962 2171.27 1279
internal_count=181323 93430 8096 87893 3038 5840 2256 85334 2356 1028 3192 2969 2101 889 2648 84855 1906 13936 1356 448 475 82978 450 207 82968 2015 146 682 12580 7443
is_linear=0
shrinkage=0.05


Tree=23
num_leaves=31
num_cat=0
split_feature=11 17 2 11 22 26 2 2 0 2 3 11 22 0 2 2 12 0 0 24 23 22 15 2 12 17 3 0 2 0
split_gain=30917.4 2653.81 487.452 226.458 364.843 147.308 107.759 96.8274 77.6713 137.386 72.8608 64.5975 175.213 56.598 47.7651 43.9055 30.1309 28.2891 24.9184 31.6552 180.018 24.5245 23.4067 23.2601 19.5779 12.4108 11.6086 10.5598 10.1366 36.6819
threshold=0.17752101272344592 0.30805176496505743 0.31666667759418493 0.25462962687015539 1.0000000180025095e-35 1.0000000180025095e-35 0.074175827205181136 0.080128207802772536 0.74239632487297069 0.89444443583488475 0.96153846383094799 0.11651583760976793 1.0000000180025095e-35 0.64760348200798046 0.44949495792388922 0.43650794029235845 0.41428571939468389 0.96039214730262767 0.80810147523880016 3.5000000000000004 0.12150349840521814 1.0000000180025095e-35 0.59763106703758251 0.069047622382640853 0.13392857462167743 0.43111357092857366 0.61250001192092907 0.65261757373809826 1.0000000180025095e-35 0.79361054301261913
decision_type=2 2 2 2 2 2 2 2 2 2 2 2 2 2 2 2 2 2 2 2 2 2 2 2 2 2 2 2 2 2
left_child=1 2 6 4 7 15 -1 -2 10 -10 -7 22 23 26 27 21 18 -14 19 -5 -21 -4 28 -13 -16 -19 -8 -9 29 -3
right_child=3 11 5 16 -6 8 13 14 9 -11 -12 12 17 -15 24 -17 -18 25 -20 20 -22 -23 -24 -25 -26 -27 -28 -29 -30 -31
leaf_value=0.057632561434076635 0.062677491151687179 0.1012638030807041 0.001107469396216107 0.052984691352192019 0.05590635034516328 -0.056761516398247384 -0.056361457142632368 -0.060274588011196534 0.059307654901275667 0.0051331923828612028 0.05509844758932491 0.059352964962694092 0.052909743586468432 0.036583351109484068 -0.017794039372315881 0.055724302850908659 0.059038038375877899 0.044705667213718596 0.058055338386080325 -0.10013595929588343 0.044927995368130705 0.05332108571265276 0.08408665954578029 -0.058261993907515144 0.053038491474350392 -0.026088219339876529 0.017582419331405755 0.0098890796708805094 -0.059270377937053302 -0.06221890385638576
leaf_weight=25.235560655593872 26.06768561899662 4.5386417508125332 67.21748186647892 1049.7637106031179 361.44753611087799 67.354205340147018 289.74387528002262 121.09261864423752 153.54679502546787 492.06902500987053 18.571274727582932 4.2704797685146323 46.808756336569786 17.889526680111885 40.943067416548729 374.20546698570251 10769.235588029027 8.3360315263271314 1347.7591111809015 22.797985017299652 345.39292633533478 33.796465799212456 2.8505386412143698 268.63603785634041 12.806699767708777 24.056766659021378 5.4068439602851859 5.6110094189643851 11131.104711771011 14.062387198209761
leaf_count=142 149 23 299 6256 2170 350 1986 824 720 2026 78 27 230 86 174 2155 68411 34 8035 110 2043 175 10 1939 56 105 28 27 82565 90
internal_value=0.00522168 -0.0502434 0.0112844 0.0565446 0.0256149 0.0261538 -0.0417602 -0.0274004 0.0120738 0.0180175 -0.032585 -0.0585064 -0.0374206 -0.0497727 -0.0404127 0.0478281 0.0578425 0.0280513 0.0531873 0.0485603 0.0359458 0.0185767 -0.0591721 -0.0564215 -0.000917111 -0.00786997 -0.0550069 -0.0571674 -0.0592087 -0.0223292
internal_weight=27152.6 13049.7 1545.04 14102.9 567.969 1206.76 338.276 206.521 731.541 645.616 85.9255 11504.7 352.108 313.04 180.453 475.219 13534.9 79.2016 2765.71 1417.95 368.191 101.014 11152.6 272.907 53.7498 32.3928 295.151 126.704 11149.7 18.601
internal_count=181323 93068 8045 88255 3400 5803 2242 1230 3174 2746 428 85023 2335 2100 1081 2629 84855 369 16444 8409 2153 474 82688 1966 230 139 2014 851 82678 113
is_linear=0
shrinkage=0.05


Tree=24
num_leaves=31
num_cat=0
split_feature=23 2 17 2 23 2 21 26 0 0 13 23 2 1 2 17 18 27 21 21 0 0 13 21 12 7 24 23 24 21
split_gain=21509.5 8074.57 2360.47 500.634 301.931 297.401 201.793 128.942 78.0666 56.3683 47.409 64.1195 86.3481 41.1473 39.3398 29.9627 32.5278 26.5177 20.3354 20.3118 16.0859 11.7876 11.0299 33.6956 9.23304 10.0863 38.7965 5.45309 4.17035 3.25999
threshold=0.11111111566424371 1.0000000180025095e-35 0.25087413191795355 0.31666667759418493 0.060075189918279655 0.89444443583488475 1.0000000180025095e-35 1.0000000180025095e-35 0.74239632487297069 0.64760348200798046 1.0000000180025095e-35 0.20000001043081286 0.89444443583488475 0.96843671798706066 0.41428571939468389 0.43111357092857366 1.0000000180025095e-35 1.0000000180025095e-35 1.0000000180025095e-35 1.0000000180025095e-35 0.73401361703872692 0.83469945192337047 0.75000000000000011 1.0000000180025095e-35 0.46428571641445165 0.83827373385429393 4.5000000000000009 0.27320575714111334 2.5000000000000004 1.0000000180025095e-35
decision_type=2 2 2 2 2 2 2 2 2 2 2 2 2 2 2 2 2 2 2 2 2 2 2 2 2 2 2 2 2 2
left_child=1 13 3 9 22 6 -6 14 -9 19 11 12 18 -1 -5 -14 -17 -15 -2 -3 -20 -7 29 -24 25 26 -13 -27 -11 -4
right_child=10 2 4 7 5 21 -8 8 -10 28 -12 24 15 17 -16 16 -18 -19 20 -21 -22 -23 23 -25 -26 27 -28 -29 -30 -31
leaf_value=0.058948633280631962 0.055079465743802396 0.0025331093793805643 -0.055227906035385535 0.018791204359536951 0.061693992371501319 0.028671358141232811 -0.033441257667797153 -0.033893922254564286 0.019061741405542662 0.059566113413776267 0.05830585985365902 0.047190585924023282 0.045076455166472247 0.056651400081845972 0.055155479250971563 -0.059493752908279032 0.014760413117266486 -0.048437557031031905 0.0021128965041166173 -0.056468057408696593 0.050154564550133063 -0.056616334580539565 0.048432027262161927 -0.061419816832803953 0.058100217192707762 0.044876433168619882 -0.031625159781080832 0.055719257898572287 0.011508879327776698 -0.059100651258839509
leaf_weight=1995.1248103529215 149.05154307186604 15.477736055850981 573.95031574368477 94.222150012850761 135.88771387934685 4.1161921620368949 94.504207298159599 78.822078719735146 594.54302150011063 9.9689724445343035 9355.1483110189438 272.29694181680679 15.853764116764067 10.110420495271683 353.07057569921017 39.566844254732132 23.51330928504467 14.77588464319706 40.853686422109604 253.48407517373562 30.38179811835289 256.95743751525879 9.7008027434349042 24.895333036780357 681.20839282870293 143.14470674097538 16.563510656356812 610.52594010531902 8.250514864921568 10208.558473110199
leaf_count=13034 934 68 4173 446 807 24 550 398 2526 49 61593 1648 71 66 2113 235 122 97 206 1827 163 1856 50 164 4406 836 97 3679 41 79044
internal_value=0.0051628 -0.0347106 -0.0494618 0.0115922 -0.0570626 -0.0187335 0.0226706 0.0266859 0.0128629 -0.0473073 0.056805 0.0498644 0.028499 0.0581516 0.0474953 -0.0163717 -0.0318153 -0.00574365 0.0445772 -0.0530728 0.0226026 -0.0552717 -0.0588041 -0.0306172 0.0535732 0.0506152 0.0426712 0.0536599 0.0378039 -0.0588945
internal_weight=26114.5 14736.4 12716.4 1407.84 11308.6 491.466 230.392 1120.66 673.365 287.181 11378.1 2022.96 299.221 2020.01 447.293 78.9339 63.0802 24.8863 220.287 268.962 71.2355 261.074 10817.1 34.5961 1723.74 1042.53 288.86 753.671 18.2195 10782.5
internal_count=181323 107333 94136 7468 86668 3237 1357 5483 2924 1985 73990 12397 1731 13197 2559 428 357 163 1303 1895 369 1880 83431 214 10666 6260 1745 4515 90 83217
is_linear=0
shrinkage=0.05


Tree=25
num_leaves=31
num_cat=0
split_feature=11 17 2 11 21 26 2 11 21 2 19 11 21 0 2 2 12 1 2 23 21 2 15 1 0 12 21 1 0 21
split_gain=27355.5 2429.23 415.859 160.33 266.424 132.889 101.947 93.2737 199.946 76.1078 72.3124 71.5199 51.9483 49.7162 42.7789 39.8321 32.7257 25.9312 39.0743 229.395 23.5378 22.5336 21.881 21.5161 17.5241 14.7892 12.8036 12.1462 9.97027 8.69933
threshold=0.18350168317556384 0.30805176496505743 0.31666667759418493 0.25462962687015539 1.0000000180025095e-35 1.0000000180025095e-35 0.074175827205181136 0.12060606107115747 1.0000000180025095e-35 0.080128207802772536 1.0000000180025095e-35 0.11651583760976793 1.0000000180025095e-35 0.64760348200798046 0.43650794029235845 0.44949495792388922 0.41428571939468389 0.88022258877754223 0.080128207802772536 0.12150349840521814 1.0000000180025095e-35 0.069047622382640853 0.59763106703758251 0.98129165172576915 0.91366460919380199 0.30952382087707525 1.0000000180025095e-35 1.0000000180025095e-35 0.70521390438079845 1.0000000180025095e-35
decision_type=2 2 2 2 2 2 2 2 2 2 2 2 2 2 2 2 2 2 2 2 2 2 2 2 2 2 2 2 2 2
left_child=1 2 6 4 -2 14 -1 22 23 -6 12 -12 -7 26 20 28 17 18 -5 -20 -4 -10 27 -9 -17 -25 -8 -3 -11 -29
right_child=3 7 5 16 9 10 13 8 21 15 11 -13 -14 -15 -16 24 -18 -19 19 -21 -22 -23 -24 25 -26 -27 -28 29 -30 -31
leaf_value=0.056330928342911236 0.05474209576172917 0.046760205969220488 0.052000594345500611 0.059239322962092493 0.06156536909355103 0.048585436800215452 -0.010148256671613313 0.05153938368120712 0.058268337956409538 -0.058517576894227187 -0.011999401876308427 0.065099663864159427 0.010668160488416642 0.03408010111427516 0.05419089340521023 0.029789488315716074 0.058007091698569206 0.054562946211575307 -0.066465210109221365 0.047705507019769999 0.00015564155238455719 -0.056499007421480923 0.08197262488089041 -0.019711736060818837 -0.03020011880987198 0.055212565167261377 -0.055946999502115513 -0.052295329764677483 0.02970111702869099 -0.058462352130079165
leaf_weight=25.403039008378983 308.19226810336113 2.7623964995145789 32.490418419241905 233.39622870087624 22.709937021136284 157.78417094051838 16.214480727910995 56.360889971256256 4.3536265790462485 93.115208029747009 320.41274976730347 33.195653170347214 211.2990867048502 17.320703998208046 351.23082402348518 24.508995428681374 9915.404388435185 1934.0797448381782 50.219693258404732 355.01508799940348 67.115887761116028 242.8157657533884 2.7899740487337104 24.086421430110931 24.188118681311607 9.0649977177381498 259.33724892139435 607.65644292533398 3.3168559223413459 9701.8544605895877
leaf_count=155 2010 19 176 1515 139 687 70 304 30 668 1455 154 896 86 2173 104 68411 12463 250 2216 299 1876 10 103 103 43 1945 4589 14 78360
internal_value=0.00510624 -0.0488185 0.0109381 0.0556177 0.0271379 0.0246862 -0.0397531 -0.0571876 -0.0312896 -0.0235499 0.0113969 -0.00476158 0.0268779 -0.0480871 0.0459888 -0.0368688 0.0567033 0.0516784 0.0429427 0.0335566 0.0170669 -0.0544775 -0.0580329 0.0327388 -7.67243e-06 0.000775731 -0.053252 -0.0580708 -0.0554832 -0.0580989
internal_weight=25107.7 12143.5 1491.8 12964.1 476.031 1173.53 318.275 10651.7 336.682 167.839 722.692 353.608 369.083 292.872 450.837 145.129 12488.1 2572.71 638.631 405.235 99.6063 247.169 10315.1 89.5123 48.6971 33.1514 275.552 10312.3 96.4321 10309.5
internal_count=181323 93430 8096 87893 3038 5840 2256 85334 2356 1028 3192 1609 1583 2101 2648 889 84855 16444 3981 2466 475 1906 82978 450 207 146 2015 82968 682 82949
is_linear=0
shrinkage=0.05


Tree=26
num_leaves=31
num_cat=0
split_feature=11 17 1 11 21 21 0 3 11 21 16 11 3 23 13 21 1 3 12 1 3 1 3 15 3 0 12 3 24 0
split_gain=25748.5 2298.72 393.527 199.651 305.649 180.984 140.199 79.6025 59.0127 148.981 53.8094 82.5979 45.1469 40.2581 34.0504 33.7477 44.7781 30.7195 28.6388 41.501 49.7146 27.1937 25.8506 20.5592 19.4168 17.3201 14.3534 11.8661 18.912 11.512
threshold=0.17752101272344592 0.30805176496505743 0.8494696617126466 0.25462962687015539 1.0000000180025095e-35 1.0000000180025095e-35 0.9506097435951234 0.15476191043853763 0.11651583760976793 1.0000000180025095e-35 1.0000000180025095e-35 0.075498577207326903 0.81666666269302379 0.10690476745367052 1.0000000180025095e-35 1.0000000180025095e-35 0.89143985509872448 0.96153846383094799 0.23611111193895343 0.88022258877754223 0.15476191043853763 0.98676329851150524 0.15476191043853763 0.59763106703758251 1.0000000180025095e-35 0.96329966187477123 0.30952382087707525 0.61250001192092907 2.5000000000000004 0.65261757373809826
decision_type=2 2 2 2 2 2 2 2 2 2 2 2 2 2 2 2 2 2 2 2 2 2 2 2 2 2 2 2 2 2
left_child=1 2 5 4 -2 27 15 -6 23 21 17 -12 22 29 18 -4 -17 -8 19 20 -5 -10 -7 -3 -11 -15 -23 28 -1 -9
right_child=3 8 6 14 7 12 10 13 9 24 11 -13 -14 25 -16 16 -18 -19 -20 -21 -22 26 -24 -25 -26 -27 -28 -29 -30 -31
leaf_value=0.040274015109135072 0.053904515096709807 -0.057619549499409867 0.056059619959387123 0.058984550750264611 0.060741707113367509 0.057949314341360685 0.057259405953164734 -0.057681608016156106 0.049361899885998928 0.057847563171223276 -0.068026698323630924 0.044971980234790987 0.046573932758757791 0.02427725312501788 0.057406369617175303 -0.0070815514775504317 0.041574916440043207 0.0094139426704577048 0.05603459893169957 0.050225201060039741 0.01173682219555887 -0.032885806780172007 -0.050143852515446931 0.079518426907549608 -0.056515273579729436 -0.03627158713474167 0.049037653419383556 0.059989653598061882 -0.060366455672977562 0.01297948500526163
leaf_weight=20.5457176566124 323.06954314559698 9854.7924216166139 276.9176197424531 82.014553546905518 23.191297143697739 5.6241628676652899 37.092156007885933 111.37823043018579 46.574551790952682 3.7699773907661429 51.181538432836533 23.642233148217201 13.003643244504927 29.322758063673973 9891.8041464164853 59.320167630910873 233.06646589934826 351.15487910807133 1084.2351664751768 755.69107484072447 173.36024743318558 21.536061897873882 334.36121854931116 2.7336971163749686 239.19723139703274 19.77636194229126 7.1123269796371451 42.540312767028809 6.0403887182474127 6.0786409974098197
leaf_count=115 2170 82678 1624 539 149 40 196 841 242 27 265 107 61 122 70919 293 1312 1403 7539 4846 1012 96 2373 10 1939 88 31 230 26 30
internal_value=0.00505259 -0.0484933 0.0103025 0.0548729 0.0243217 -0.0303704 0.0269327 -0.026047 -0.0568974 -0.035704 0.00650258 -0.0323223 -0.0448587 -0.0381315 0.0561799 0.0435506 0.0317034 0.013985 0.0503898 0.0443364 0.0269106 0.025784 -0.0483557 -0.0575815 -0.0547408 -0.000110878 -0.0125473 0.0436129 0.0174084 -0.0540247
internal_weight=24130.1 11630.2 1454.49 12499.9 512.817 422.115 1032.38 189.747 10175.7 318.19 463.071 74.8238 352.989 166.556 11987.1 569.304 292.387 388.247 2095.3 1011.07 255.375 75.2229 339.985 9857.53 242.967 49.0991 28.6484 69.1264 26.5861 117.457
internal_count=181323 93068 8045 88255 3400 2845 5200 1230 85023 2335 1971 372 2474 1081 84855 3229 1605 1599 13936 6397 1551 369 2413 82688 1966 210 127 371 141 871
is_linear=0
shrinkage=0.05


Tree=27
num_leaves=31
num_cat=0
split_feature=11 17 1 11 22 22 2 17 16 11 2 23 22 2 3 2 12 0 7 22 27 0 24 15 0 18 2 2 5 11
split_gain=24244.4 2192.49 383.145 191.204 287.147 176.101 174.594 74.8963 67.5068 87.4285 47.288 42.4316 66.9125 98.1831 42.1955 35.7853 35.6861 34.7692 30.4371 29.4598 26.7837 33.1275 46.2929 25.1248 24.1428 32.4808 13.7683 35.7077 12.1219 11.4384
threshold=0.17752101272344592 0.35069781541824346 0.8494696617126466 0.25462962687015539 1.0000000180025095e-35 1.0000000180025095e-35 0.89444443583488475 0.55022937059402477 1.0000000180025095e-35 0.075498577207326903 0.43650794029235845 0.05298245698213578 1.0000000180025095e-35 0.89444443583488475 0.81666666269302379 0.074175827205181136 0.41428571939468389 0.85599079728126537 1.0000000180025095e-35 1.0000000180025095e-35 0.60000000149011623 0.83469945192337047 3.5000000000000004 0.49374902248382574 0.63211598992347728 1.0000000180025095e-35 0.2264957278966904 0.080128207802772536 1.0000000180025095e-35 0.12060606107115747
decision_type=2 2 2 2 2 2 2 2 2 2 2 2 2 2 2 2 2 2 2 2 2 2 2 2 2 2 2 2 2 2
left_child=1 2 5 4 7 14 10 28 17 -10 19 18 -13 29 15 -1 20 -8 -3 -4 -5 22 -22 -15 -9 -26 27 -7 -2 -14
right_child=3 11 6 16 -6 26 8 24 9 -11 -12 12 13 23 -16 -17 -18 -19 -20 -21 21 -23 -24 -25 25 -27 -28 -29 -30 -31
leaf_value=0.06112187330244373 0.051257606135299533 0.057833424409561851 -0.001331017723031806 0.055689893342644764 0.053264161677302552 0.061266203759236151 0.062479687595647052 -0.053739067319925754 -0.064208894283294099 0.040357105943353594 0.054474927045960256 -0.056163559481144036 0.13639538768305476 -0.03747707846250499 0.045253711999310602 -0.049731228470644671 0.057100765640911433 0.0094462507212456377 -0.057341906093772946 0.050325128705642479 0.045934068233314362 0.054724043683740002 0.017366360670249312 0.083256552264419872 -0.068692984028767654 0.022945279969661364 0.057021054897512219 -0.065390036896934553 -0.035328585672437379 0.057598209338007494
leaf_weight=7.4353561699390402 30.752707608044147 5.7397260665893546 72.680234104394913 1159.7974051162601 310.91442733258009 13.75638483464718 33.493108004331589 106.49105132371187 66.818483680486679 28.523218706250191 393.04903811961412 235.47418956458569 6.0245739072561291 105.88031240552664 12.72111403942108 349.08812039345503 9112.6030441299081 400.02651979029179 9325.7603361308575 44.50054058432579 517.82045559585094 518.04123727977276 195.29045682400465 4.4919058978557578 14.884037993848322 27.601531386375427 47.932314798235893 9.3451006859540922 4.6538769379258147 19.553501218557358
leaf_count=54 193 41 341 8288 2170 87 192 819 391 131 2456 1924 27 722 61 2583 68411 1619 81753 249 3443 3475 1238 19 78 116 266 43 24 109
internal_value=0.00500136 -0.0479665 0.00873391 0.0543646 0.0239465 -0.0303571 0.0252973 -0.0254901 0.00516612 -0.0329261 0.0461637 -0.0566114 -0.0400383 -0.0121083 -0.0442266 -0.0474194 0.0556743 0.0135435 -0.0572711 0.0182859 0.0502375 0.0451012 0.0381106 -0.0325635 -0.0410255 -0.0091585 0.0417389 0.0100307 0.0398766 0.0761578
internal_weight=23181.1 11182.3 1479.37 11998.9 495.298 440.278 1039.09 184.383 528.861 95.3417 510.23 9702.92 371.424 135.95 369.245 356.523 11503.6 433.52 9331.5 117.181 2390.95 1231.15 713.111 110.372 148.977 42.4856 71.0338 23.1015 35.4066 25.5781
internal_count=181323 93068 8473 88255 3400 3094 5379 1230 2333 522 3046 84595 2801 877 2698 2637 84855 1811 81794 590 16444 8156 4681 741 1013 194 396 130 217 136
is_linear=0
shrinkage=0.05


Tree=28
num_leaves=31
num_cat=0
split_feature=11 16 1 13 11 21 11 21 3 2 21 2 1 21 2 12 0 21 0 13 24 2 7 0 2 15 12 21 2 0
split_gain=22835.5 1880.8 389.663 283.232 142.94 224.819 117.942 203.536 85.2061 77.1611 75.4956 65.9543 83.2605 49.3575 38.4988 35.2584 33.8339 29.0112 25.5589 30.0219 42.0425 24.5525 22.5207 17.5351 17.2771 17.0677 16.4808 11.8432 11.0314 9.93856
threshold=0.18350168317556384 1.0000000180025095e-35 0.81937944889068615 0.75000000000000011 0.26794873178005224 1.0000000180025095e-35 0.11651583760976793 1.0000000180025095e-35 0.73214286565780651 0.080128207802772536 1.0000000180025095e-35 0.89444443583488475 0.88275891542434703 1.0000000180025095e-35 0.44949495792388922 0.41428571939468389 0.85599079728126537 1.0000000180025095e-35 0.80810147523880016 1.0000000180025095e-35 3.5000000000000004 0.069047622382640853 1.0000000180025095e-35 0.96039214730262767 0.095454547554254546 0.59763106703758251 0.13392857462167743 1.0000000180025095e-35 0.2264957278966904 0.7589399814605714
decision_type=2 2 2 2 2 2 2 2 2 2 2 2 2 2 2 2 2 2 2 2 2 2 2 2 2 2 2 2 2 2
left_child=1 2 8 6 5 -2 22 23 27 -7 -5 12 13 -4 -11 18 -13 -18 19 20 -6 -9 -3 -8 -12 -24 -16 28 -1 -10
right_child=4 3 11 10 15 9 7 21 29 14 24 16 -14 -15 26 -17 17 -19 -20 -21 -22 -23 25 -25 -26 -27 -28 -29 -30 -31
leaf_value=-0.055758709895182529 0.053024311650869287 0.058043112460642032 0.058112491600917041 0.058553962741080802 0.045139417156587307 0.060429469190171115 0.04825911247032174 0.056905266494647333 0.0099625460649588726 -0.053402080550751213 0.056810535780909513 0.061691750987227768 0.050887388010685 -0.018067850422435281 -0.015169127849241704 0.056687038517949206 0.023820557560532061 -0.0032737558927893209 0.055172326050636024 0.053168727456007418 0.016328336350320136 -0.054069425546370203 -0.056688341222453281 0.0060116493456565927 -0.054805322277427876 0.07704851110711522 0.051731277960366084 -0.052705602349264552 0.052479121393883645 0.062293519250134648
leaf_weight=4.2524431049823743 295.16187337040901 4.2817831486463538 28.689574792981148 68.875194504857063 458.88763637840748 25.461164280772209 63.269956797361374 5.0896586924791327 25.85513898730278 91.317887522280216 4.0513807237148312 32.99251002073288 381.52540645003319 82.128585949540138 37.258818581700325 8714.7541613653302 180.67770165205002 218.01090680062771 1107.4579002857208 548.21058085560799 174.8759673088789 240.35419134795666 9135.2699434459209 40.145287275314331 24.037654660642147 2.3863049149513236 12.226703003048895 236.36604609340429 5.2730490416288376 13.977922946214674
leaf_count=17 2167 30 172 417 3148 171 366 40 128 704 32 197 2420 451 158 68296 748 871 8007 4065 1119 2101 83113 179 179 9 58 1864 30 66
internal_value=0.00495208 -0.0472297 0.0115179 -0.0546422 0.0540932 0.0268301 -0.0555109 -0.0269779 -0.0395132 -0.0196713 0.0303791 0.0272976 0.0398059 0.00165438 -0.0341557 0.0552364 0.0130316 0.00900484 0.0497145 0.0446008 0.0371895 -0.0517682 -0.0565997 0.0318589 -0.0387066 -0.0566534 0.00136038 -0.0505028 0.00415876 0.0283261
internal_weight=22263.1 10797.5 1209.75 9587.76 11465.6 461.426 9490.8 348.859 285.725 166.265 96.9642 924.025 492.344 110.818 140.803 11004.2 431.681 398.689 2289.43 1181.97 633.764 245.444 9141.94 103.415 28.089 9137.66 49.4855 245.892 9.52549 39.8331
internal_count=181323 93430 6964 86466 87893 3258 85838 2686 2105 1091 628 4859 3043 623 920 84635 1816 1619 16339 8332 4267 2141 83152 545 211 83122 216 1911 47 194
is_linear=0
shrinkage=0.05


Tree=29
num_leaves=31
num_cat=0
split_feature=11 17 3 11 21 26 21 3 18 11 21 0 3 12 3 21 11 0 13 0 24 12 3 8 13 15 23 24 0 7
split_gain=21515.2 2007.56 342.192 176.232 256.654 129.536 111.16 79.9644 62.5038 63.8319 41.6965 41.5437 39.8929 37.0002 36.7664 35.138 132.365 51.5896 26.0327 31.336 40.6762 22.2971 21.8163 20.1736 16.6516 11.3192 10.783 9.83719 16.7148 9.65235
threshold=0.17752101272344592 0.368892252445221 0.61250001192092907 0.26794873178005224 1.0000000180025095e-35 1.0000000180025095e-35 1.0000000180025095e-35 0.15476191043853763 1.0000000180025095e-35 0.11651583760976793 1.0000000180025095e-35 0.81016731262207042 0.61250001192092907 0.41428571939468389 0.15476191043853763 1.0000000180025095e-35 0.087595909833908095 0.90121948719024669 1.0000000180025095e-35 0.83469945192337047 3.5000000000000004 0.13392857462167743 0.73214286565780651 0.75000000000000011 1.0000000180025095e-35 0.36930006742477423 0.027241807430982593 2.5000000000000004 0.62192192673683178 1.0000000180025095e-35
decision_type=2 2 2 2 2 2 2 2 2 2 2 2 2 2 2 2 2 2 2 2 2 2 2 2 2 2 2 2 2 2
left_child=1 2 6 4 -2 22 27 -6 9 -7 -10 14 -9 18 -8 16 25 26 19 20 -5 -14 23 -4 -19 -3 -18 -1 -29 -17
right_child=3 15 5 13 7 8 11 12 10 -11 -12 -13 21 -15 -16 29 17 24 -20 -21 -22 -23 -24 -25 -26 -27 -28 28 -30 -31
leaf_value=0.044715183508878292 0.052205030930117503 -0.05539467304294713 0.00079091683326233838 0.044498405733116225 0.059718809882082557 -0.012220275731783895 0.060224423839444555 -0.055042131465893998 0.044860907581958653 0.059808071673909752 0.0098574881792983637 0.047970408126903487 -0.019802591911211087 0.0562986996482868 -0.050297644697362011 0.056727842432747359 0.0095929723087176243 -0.035612706557240074 0.054660057285447865 0.053584508691243295 0.017035353815198283 0.052794624222634312 0.052856726660765602 0.051475264981724458 0.025499092098054694 0.050535135852431946 0.071151343494823174 -0.054947163382984998 0.060664967233709226 -0.056699776298317794
leaf_weight=41.820647910237312 307.73077082633972 457.03513638675213 44.315678238868713 481.71798542886972 25.643634371459484 317.38609386235476 7.71450101584196 98.759536884725094 147.26029013842344 34.059740588068962 201.48296772688627 11.803980886936186 47.544683709740639 8345.4627587124705 305.95943273603916 1.8760012388229359 9.5335439369082433 42.839528433978558 1061.9413681253791 477.04973891377449 187.23380357027054 13.602680310606955 285.0120205283165 35.247871182858944 15.067094922065733 2.5358380004763594 28.028484858572483 7.2988975644111616 5.468756303191185 8326.9469372108579
leaf_count=253 2327 4111 228 3420 181 1575 61 823 686 172 870 57 223 68296 2522 15 65 270 8237 3464 1218 66 2022 220 81 17 155 35 33 79620
internal_value=0.00490483 -0.0469727 0.00768784 0.0534105 0.0241996 0.0222257 -0.0330402 -0.0222467 0.00964146 -0.00523978 0.024638 -0.0441142 -0.0353912 0.0547759 -0.0475795 -0.0558625 -0.0436813 0.00989105 0.0490201 0.0437938 0.0368117 -0.00365281 0.0463943 0.0232449 -0.0197116 -0.0548102 0.0555273 0.0329874 -0.00542714 -0.0566742
internal_weight=21375.4 10328.7 1444.83 11046.7 493.281 1064.76 380.066 185.551 700.189 351.446 348.743 325.478 159.907 10553.4 313.674 8883.86 555.04 95.4687 2207.94 1146 668.952 61.1474 364.576 79.5635 57.9066 459.571 37.562 54.5883 12.7677 8328.82
internal_count=181323 93068 8734 88255 3620 5773 2961 1293 3303 1747 1556 2640 1112 84635 2583 84334 4699 571 16339 8102 4638 289 2470 448 351 4128 220 321 68 79635
is_linear=0
shrinkage=0.05


Tree=30
num_leaves=31
num_cat=0
split_feature=11 17 2 11 21 26 2 17 18 11 23 21 2 21 2 12 1 15 27 1 2 2 6 1 15 2 23 5 11 7
split_gain=20274.5 1943.63 323.867 132.111 199.242 126.715 102.309 68.5192 61.603 73.0437 52.6748 74.8137 90.0021 43.0259 40.4077 38.7934 32.8157 31.9314 26.6764 29.658 45.2973 22.3562 28.797 19.9739 19.7848 19.1465 12.2998 10.1204 9.10742 8.60451
threshold=0.18350168317556384 0.368892252445221 0.31666667759418493 0.26794873178005224 1.0000000180025095e-35 1.0000000180025095e-35 0.074175827205181136 0.52843666076660167 1.0000000180025095e-35 0.11651583760976793 0.05298245698213578 1.0000000180025095e-35 0.89444443583488475 1.0000000180025095e-35 0.43650794029235845 0.41428571939468389 0.87307858467102062 0.38206814229488378 0.60000000149011623 0.90695977210998546 0.080128207802772536 1.0000000180025095e-35 1.0000000180025095e-35 0.88022258877754223 0.55942294001579296 0.080128207802772536 0.077171217650175108 1.0000000180025095e-35 0.12060606107115747 0.28730159997940069
decision_type=2 2 2 2 2 2 2 2 2 2 2 2 2 2 2 2 2 2 2 2 2 2 2 2 2 2 2 2 2 2
left_child=1 2 6 4 -2 14 -1 27 9 -7 21 12 28 -10 23 18 29 -14 -5 20 -20 22 -3 -4 25 -9 -26 -6 -12 -8
right_child=3 10 5 15 7 8 16 24 13 -11 11 -13 17 -15 -16 -17 -18 -19 19 -21 -22 -23 -24 -25 26 -27 -28 -29 -30 -31
leaf_value=0.054244833457457509 0.051892487367053645 0.068998358078495817 -0.0062236511655782692 0.054180424052831459 0.053935453481710638 -0.0139187962727621 0.024071796376746377 0.071661871177269007 0.043675487266954333 0.060083670008069662 0.12242723915586351 -0.054771809824611745 -0.039824159789067143 0.0080515254332202395 0.051859671478861571 0.055933178713042819 0.016645562163775236 0.040815501475122966 0.057365649929625076 0.048984254825734125 0.02046352156364141 -0.056207632689603437 -0.056915904287067512 0.039456702045621357 -0.046440141485266838 -0.046422407997294649 0.056484006420103421 -0.040575601671599709 0.054690740597667188 -0.052336057873577903
leaf_weight=27.610959529876709 272.81462348997593 8.1652874127030373 52.267203576862812 1018.8662784993649 30.092068627476692 332.22171898186207 3.7380156219005576 3.545933172106742 144.62419626116753 37.06519678235054 6.2533223181962994 212.9775608330965 91.875150747597218 204.76326062530279 302.74490711838007 7989.0130516514182 19.099312767386436 14.169378548860548 120.32307792454958 720.82269579172134 269.23786387592554 8178.4934519380331 10.229827731847763 44.138510547578335 4.3441966250538817 107.57273545861244 8.7478062659502012 3.1268375366926184 24.037708446383476 257.84808046370745
leaf_count=202 2167 57 276 8237 204 1674 23 16 690 196 27 1957 685 901 2216 68296 103 74 918 5402 1782 81585 85 233 34 785 36 16 160 2286
internal_value=0.00485837 -0.0462563 0.00778019 0.053181 0.0260454 0.0202935 -0.0375908 -0.0187459 0.0077477 -0.00649119 -0.0552735 -0.0362582 -0.00733707 0.0227976 0.0428824 0.0543349 -0.0466246 -0.0290493 0.0483379 0.042977 0.0318614 -0.0560838 -0.00102465 0.0146907 -0.0358046 -0.0426542 0.0223317 0.0450393 0.0686744 -0.0512442
internal_weight=20520.8 9972.32 1426.12 10548.5 430.244 1117.82 308.296 157.43 718.674 369.287 8546.2 349.313 136.336 349.387 399.151 10118.3 280.685 106.045 2129.25 1110.38 389.561 8196.89 18.3951 96.4057 124.211 111.119 13.092 33.2189 30.291 261.586
internal_count=181323 93430 8800 87893 3258 6186 2614 1091 3461 1870 84630 2903 946 1591 2725 84635 2412 759 16339 8102 2700 81727 142 509 871 801 70 220 187 2309
is_linear=0
shrinkage=0.05


Tree=31
num_leaves=31
num_cat=0
split_feature=11 16 1 13 11 21 11 21 2 3 2 1 3 21 21 12 0 0 13 24 21 2 7 12 1 1 2 15 21 0
split_gain=19108.7 1650.45 320.286 281.69 113.928 180.099 111.184 189.839 78.4647 73.6228 62.696 73.2965 61.7536 60.4861 51.044 33.128 31.6168 23.5184 26.7575 36.7129 23.3154 21.5789 19.1785 18.454 17.7231 17.6135 15.1736 14.8855 11.162 10.0568
threshold=0.19292803853750232 1.0000000180025095e-35 0.81937944889068615 0.75000000000000011 0.11651583760976793 1.0000000180025095e-35 0.29520697891712194 1.0000000180025095e-35 0.080128207802772536 0.73214286565780651 0.89444443583488475 0.89569163322448742 0.61250001192092907 1.0000000180025095e-35 1.0000000180025095e-35 0.41428571939468389 0.85599079728126537 0.83469945192337047 1.0000000180025095e-35 4.5000000000000009 1.0000000180025095e-35 0.069047622382640853 1.0000000180025095e-35 0.13392857462167743 0.88722458481788646 0.99298030138015758 0.095454547554254546 0.59763106703758251 1.0000000180025095e-35 0.7589399814605714
decision_type=2 2 2 2 2 2 2 2 2 2 2 2 2 2 2 2 2 2 2 2 2 2 2 2 2 2 2 2 2 2
left_child=1 2 9 4 22 25 7 -2 -9 28 11 14 24 -5 -4 17 -12 18 19 -8 -18 -7 -3 -14 -10 -6 -15 -24 -1 -11
right_child=6 3 10 13 5 21 15 8 12 29 16 -13 23 26 -16 -17 20 -19 -20 -21 -22 -23 27 -25 -26 -27 -28 -29 -30 -31
leaf_value=0.004886700613813846 0.052623179819790346 0.05686276766836549 0.057216442350084253 0.056765656512256304 0.04248878807257768 0.055816400953956159 0.039972454061461174 0.059711834310279537 -0.059682282474015427 0.0074273877893996009 0.060686916857303597 0.05074946987401583 -0.0066384721879374602 0.055776905742931739 -0.013256719787627236 0.055601634653080836 0.021206240014840241 0.054551067962342131 0.051939216098066676 -0.0062215524451208126 -0.0032854463929698147 -0.052698383882656089 -0.055511309348895047 0.050677564343790754 0.064565125799366754 -0.0024907095417256503 -0.048697831378873964 0.073626708993339077 -0.051031058709137128 0.06104142313827074
leaf_weight=9.3123213648796064 343.66845860332251 3.8010635375976554 35.483610734343529 69.049092590808868 72.836784556508064 4.6779019311070433 556.09706733375788 33.168530963361263 77.979349881410599 24.937418639659882 30.245562925934792 326.48331563174725 53.415030911564827 4.1209823340177563 93.135161183774471 7586.766043625772 175.38872984051704 858.47080636769533 512.61953976750374 46.617380626499653 217.89878843724728 221.93388608843088 8034.2499315068126 19.052821643650532 2.9798225909471503 31.04029630869627 22.185093179345131 2.2321180701255789 214.28459396213293 13.471804454922674
leaf_count=47 2871 30 238 469 453 42 4146 238 640 128 197 2269 248 37 536 67793 748 7014 4324 309 871 2180 83113 105 13 143 182 9 1864 66
internal_value=0.00481316 -0.0456593 0.0108021 -0.0532663 -0.0542397 -0.0254684 0.0528644 0.0305788 -0.0100221 -0.0377171 0.0252703 0.038155 -0.0250975 0.0321861 0.00618556 0.0541004 0.0114252 0.0483301 0.0435417 0.0363995 0.00763676 -0.0504583 -0.0554223 0.00843072 -0.0551092 0.0290481 -0.0323313 -0.0554754 -0.0487022 0.0262322
internal_weight=19697.6 9606.77 1140.64 8466.13 8370.77 330.489 10090.8 530.264 186.596 262.006 878.635 455.102 153.427 95.3552 128.619 9560.57 423.533 1973.8 1115.33 602.714 393.288 226.612 8040.28 72.4679 80.9592 103.877 26.3061 8036.48 223.597 38.4092
internal_count=181323 93622 6964 86658 85970 2818 87701 4115 1244 2105 4859 3043 1006 688 774 83586 1816 15793 8779 4455 1619 2222 83152 353 653 596 219 83122 1911 194
is_linear=0
shrinkage=0.05


Tree=32
num_leaves=31
num_cat=0
split_feature=11 17 2 11 21 26 2 17 18 11 12 21 2 0 21 11 1 27 0 24 15 24 2 0 27 15 15 5 21 7
split_gain=18018.1 1773 285.803 156.271 213.368 117.083 84.9094 65.3632 56.2602 60.1648 42.2351 38.629 38.2703 36.6235 35.6257 119.355 44.674 27.9406 31.9897 39.8281 22.9324 18.4263 17.2794 16.0707 15.868 12.4729 11.1134 10.6342 8.89685 8.05689
threshold=0.17752101272344592 0.368892252445221 0.31666667759418493 0.26794873178005224 1.0000000180025095e-35 1.0000000180025095e-35 0.074175827205181136 0.52843666076660167 1.0000000180025095e-35 0.065591398626565947 0.41428571939468389 1.0000000180025095e-35 0.43650794029235845 0.64760348200798046 1.0000000180025095e-35 0.087595909833908095 0.98003268241882335 0.60000000149011623 0.83469945192337047 3.5000000000000004 0.55942294001579296 2.5000000000000004 0.080128207802772536 0.57947367429733287 0.60000000149011623 0.48584780097007757 0.35859310626983648 1.0000000180025095e-35 1.0000000180025095e-35 1.0000000180025095e-35
decision_type=2 2 2 2 2 2 2 2 2 2 2 2 2 2 2 2 2 2 2 2 2 2 2 2 2 2 2 2 2 2
left_child=1 2 6 4 -2 12 -1 27 9 -7 17 -10 21 28 15 26 24 -5 19 -19 22 -4 -9 -22 -17 -18 -3 -6 -8 -16
right_child=3 14 5 10 7 8 13 20 11 -11 -12 -13 -14 -15 29 16 25 18 -20 -21 23 -23 -24 -25 -26 -27 -28 -29 -30 -31
leaf_value=0.053094795406151911 0.050518139607679605 -0.054174596386800271 0.042487822840456158 0.053291442912596271 0.051165699147057424 -0.014663077326480907 -0.014762687727233079 0.069248609319708332 0.041708715230704324 0.047264804621371136 0.055264293636644882 0.0074929590325147864 0.050771242251743211 0.029873193144348754 0.055609317161435613 0.083056018280386085 -0.03158993686740906 0.042213105066373588 0.051958178432634505 0.014170593057876045 -0.048866734713040066 -0.0034666308886134173 -0.046004089366060735 0.065732918700527221 0.021965068189218628 0.072729705760861268 0.033484345220348322 -0.040899429123007112 -0.052746041005132555 -0.055649901316635365
leaf_weight=23.791429914534092 273.46900970488787 402.05933720618486 34.903895951807499 937.79623136669397 30.217246986925602 314.20022301375866 16.524065032601357 3.3427246138453475 139.02970389276743 44.814208947122097 7314.1308766156435 202.84081097692251 280.42680325359106 15.157602347433565 1.6275422945618618 17.288268588483334 42.916735179722309 438.96967063099146 424.47655858844519 177.94508724659681 4.6944480687379828 58.162338383495808 119.99188763648272 8.7823451608419401 27.596632488071918 3.0703328847885123 3.6485449895262709 3.4998636767268172 230.0354695469141 7303.4852814078331
leaf_count=185 2327 4101 190 8237 222 1608 80 16 690 239 68296 901 2195 87 15 102 279 3420 3464 1218 38 317 960 37 177 13 27 20 2242 79620
internal_value=0.0047707 -0.0455609 0.00712354 0.0521264 0.0231473 0.0189399 -0.0373418 -0.0207461 0.00689075 -0.00693289 0.0535109 0.0214076 0.0415509 -0.0455629 -0.0547442 -0.041785 0.01001 0.0470311 0.0413936 0.0341244 -0.0361136 0.0137683 -0.0428804 0.0258138 0.0454954 -0.024625 -0.0533863 0.0416093 -0.0502005 -0.0556251
internal_weight=18898.9 9161.58 1359.89 9737.32 443.998 1074.38 285.509 170.529 700.885 359.014 9293.32 341.871 373.493 261.717 7801.69 496.58 90.872 1979.19 1041.39 616.915 136.811 93.0662 123.335 13.4768 44.8849 45.9871 405.708 33.7171 246.56 7305.11
internal_count=181323 93068 8734 88255 3620 6140 2594 1293 3438 1847 84635 1591 2702 2409 84334 4699 571 16339 8102 4638 1051 507 976 75 279 292 4128 242 2322 79635
is_linear=0
shrinkage=0.05


Tree=33
num_leaves=31
num_cat=0
split_feature=11 17 1 11 21 2 3 2 2 2 21 21 11 13 1 0 11 13 1 3 1 21 15 13 0 21 11 15 7 21
split_gain=16990 1752.13 262.029 106.288 196.273 84.6185 103.658 81.3902 77.7693 146.598 64.1163 51.0288 146.53 44.5397 43.0439 35.7284 28.5574 28.493 27.8949 23.8695 18.3189 16.4114 15.2628 14.7625 14.5349 19.0723 32.3649 13.8647 8.10406 6.77092
threshold=0.19292803853750232 0.368892252445221 0.74018052220344555 0.32575757801532751 1.0000000180025095e-35 0.080128207802772536 0.61250001192092907 0.074175827205181136 0.89444443583488475 0.43650794029235845 1.0000000180025095e-35 1.0000000180025095e-35 0.087595909833908095 1.0000000180025095e-35 0.98003268241882335 0.85599079728126537 0.080540537834167494 1.0000000180025095e-35 0.88722458481788646 0.76388889551162731 0.98676329851150524 1.0000000180025095e-35 0.48584780097007757 1.0000000180025095e-35 0.83469945192337047 1.0000000180025095e-35 0.43303571641445165 0.37541946768760687 1.0000000180025095e-35 1.0000000180025095e-35
decision_type=2 2 2 2 2 2 2 2 2 2 2 2 2 2 2 2 2 2 2 2 2 2 2 2 2 2 2 2 2 2
left_child=1 2 7 4 -2 -6 18 -1 9 10 -4 12 27 16 23 -15 -10 24 -7 29 -8 -11 -16 -14 25 -5 -27 -3 -13 -9
right_child=3 11 8 17 5 6 20 19 13 21 -12 28 14 15 22 -17 -18 -19 -20 -21 -22 -23 -24 -25 -26 26 -28 -29 -30 -31
leaf_value=0.057382433691405554 0.052194750009513846 -0.053613586407680595 0.040446641056107735 0.051567548734319325 0.058229918840855967 -0.067684871711670674 0.028885099667445666 -0.013168508328560391 -0.056220558630360309 0.058131892592729266 -0.020929746811821318 0.055290249189351985 0.021846627871792042 0.059964481483604039 -0.029658608732205289 0.004999758665625801 0.024960007361928008 0.054843683494893672 0.061053585820001956 0.049423835145601447 -0.022681847625719707 0.03758360011126019 0.057216758778879079 0.074056628323672768 0.053323329618972959 0.0057221273714956021 0.041997542354324152 0.07902602197628382 -0.055321583040886538 -0.054235543169436552
leaf_weight=19.481789633631706 425.15982800722122 387.13161423057318 59.193298451602459 396.93780624121428 41.26423192769289 80.691125571727753 67.863680735230446 10.571753300726412 45.79046605527401 199.53384735435247 151.34038215875626 1.6563118174672116 32.549717225134373 31.757846787571907 45.382765047252178 428.28037124872208 14.19028666615486 7109.9661276042461 4.439220465719699 5.9475546926259986 23.079775974154472 189.41092331707478 5.6894977465271941 23.181807480752468 602.83770573884249 71.315849937498569 446.17866387218237 1.9802537187933911 7013.2728795260191 198.4003004655242
leaf_count=170 3883 4116 368 3468 327 676 387 64 339 1521 1051 16 217 221 298 1832 72 69129 23 33 122 1297 30 157 5374 514 3798 12 79890 1918
internal_value=0.00472773 -0.0447619 0.00759469 0.0520552 0.0324361 -0.00621598 -0.0213194 -0.0404763 0.0176598 0.0299338 -0.00367326 -0.0541997 -0.0386993 0.00351038 0.0131776 0.00879414 -0.0370148 0.0535163 -0.0609717 -0.0493469 0.0157984 0.0481251 -0.0199806 0.0435636 0.0472961 0.0433226 0.0369984 -0.0529386 -0.0552955 -0.052158
internal_weight=18134.5 8864.74 1353.9 9269.73 642.498 217.338 176.074 234.401 1119.5 599.478 210.534 7510.84 495.916 520.019 106.804 460.038 59.9808 8627.24 85.1303 214.92 90.9435 388.945 51.0723 55.7315 1517.27 914.432 517.495 389.112 7014.93 208.972
internal_count=181323 93622 8886 87701 5418 1535 1208 2185 6701 4237 1419 84736 4830 2464 702 2053 411 82283 699 2015 509 2818 328 374 13154 7780 4312 4128 79906 1982
is_linear=0
shrinkage=0.05


Tree=34
num_leaves=31
num_cat=0
split_feature=11 17 1 12 11 21 3 0 3 21 11 21 0 3 23 16 11 21 13 0 3 21 13 3 15 1 21 12 0 12
split_gain=16026.3 1680.59 243.812 104.511 111.751 164.539 76.487 67.5707 107.897 50.7437 139.752 46.2155 40.0906 39.8993 57.6345 37.5206 67.1284 35.4467 23.0766 23.6801 22.4041 22.1639 18.7379 13.8267 12.8673 9.54722 6.82983 5.9132 4.35132 4.18468
threshold=0.19292803853750232 0.368892252445221 0.74018052220344555 0.26785714924335485 0.31009615957736975 1.0000000180025095e-35 0.15476191043853763 0.96225070953369152 0.61250001192092907 1.0000000180025095e-35 0.087595909833908095 1.0000000180025095e-35 0.90121948719024669 0.15476191043853763 0.10690476745367052 1.0000000180025095e-35 0.075498577207326903 1.0000000180025095e-35 1.0000000180025095e-35 0.83469945192337047 0.76388889551162731 1.0000000180025095e-35 1.0000000180025095e-35 0.96153846383094799 0.37541946768760687 0.85842564702034008 1.0000000180025095e-35 0.18333333730697635 1.0000000180025095e-35 0.41428571939468389
decision_type=2 2 2 2 2 2 2 2 2 2 2 2 2 2 2 2 2 2 2 2 2 2 2 2 2 2 2 2 2 2
left_child=1 2 6 4 5 -2 -1 8 11 10 24 -4 25 -7 -15 23 -17 -10 19 21 26 -6 -14 -9 27 -12 -8 -3 -11 -5
right_child=3 9 7 29 18 13 20 15 17 28 12 -13 22 14 -16 16 -18 -19 -20 -21 -22 -23 -24 -25 -26 -27 -28 -29 -30 -31
leaf_value=0.057050233223757955 0.048650368213136175 -0.054368548086160817 0.037931140261414087 0.048719877945882263 0.0479309506974979 0.059621547320043003 -0.012461867925349845 0.051101220694845739 0.0496537238777153 0.0076916161657126086 0.02106409595166138 -0.027121456568038702 -0.03115607455676643 -0.057605950555261104 0.0066514946034566622 -0.059810583414807307 0.03708282475171891 0.024193822554498427 0.053291625434104345 0.051248819179599996 0.047862247609122846 0.024398596027881012 0.029388412161542019 0.0060384272119679942 0.072203342783331848 0.06855931052921091 -0.053676071920298468 -0.019122884968907076 -0.055027248862786017 0.054627635452809936
leaf_weight=18.636827737092972 167.59750628471375 358.73745078593493 36.081838555634022 313.54148446023464 158.06236589699984 13.466870702803133 10.611602775752543 18.027885943651199 270.64996895939112 2.7665831372141829 17.838721461594105 112.2054400369525 43.415411539375782 82.434790067374706 60.51152328401804 56.564094178378582 26.134589873254299 276.24969378113747 693.93410044163465 304.63477588444948 5.8373678401112548 272.66660536825657 18.110232256352901 305.21676567196846 2.056907206773757 26.005597695708275 190.64168246090412 12.308422587811945 6704.8161811158061 6813.7924250885844
leaf_count=170 1518 4013 229 2929 1316 98 64 118 1967 29 131 867 290 700 305 398 142 1733 6634 2671 33 2110 107 1247 12 174 1918 103 79877 69420
internal_value=0.00468713 -0.044333 0.00736744 0.0516775 0.0407414 0.014229 -0.0399708 0.0170716 0.0265364 -0.0538792 -0.0381477 -0.0112926 0.0127006 -0.0226536 -0.0304047 0.000862902 -0.0291902 0.0367934 0.0467515 0.0405798 -0.0487021 0.0330341 -0.0133346 0.00855165 -0.052508 0.0492352 -0.0515029 -0.0531994 -0.0550014 0.0543677
internal_weight=17393.6 8512.91 1326.86 8880.64 1753.31 324.011 225.727 1101.13 695.187 7186.06 478.473 148.287 105.37 156.413 142.946 405.943 82.6987 546.9 1429.3 735.364 207.091 430.729 61.5256 323.245 373.103 43.8443 201.253 371.046 6707.58 7127.33
internal_count=181323 93622 8886 87701 15352 2621 2185 6701 4796 84736 4830 1096 702 1103 1005 1905 540 3700 12731 6097 2015 3426 397 1365 4128 305 1982 4116 79906 72349
is_linear=0
shrinkage=0.05


Tree=35
num_leaves=31
num_cat=0
split_feature=11 17 1 11 21 17 1 3 3 24 12 21 11 0 26 0 13 24 16 11 0 18 3 15 13 3 24 23 24 23
split_gain=15119.2 1569.05 232.022 139.845 186.723 63.6808 62.3383 97.406 61.2176 49.383 42.5534 35.9859 105.117 34.8561 29.2681 27.6142 30.0485 36.9709 27.1804 55.5637 23.6747 40.2073 19.9974 13.8551 12.9893 11.7466 10.627 9.42882 8.63769 13.6115
threshold=0.17752101272344592 0.368892252445221 0.74018052220344555 0.2788888961076737 1.0000000180025095e-35 0.58030202984809887 0.98960864543914806 0.61250001192092907 0.15476191043853763 2.5000000000000004 0.41428571939468389 1.0000000180025095e-35 0.087595909833908095 0.90121948719024669 1.0000000180025095e-35 0.83469945192337047 1.0000000180025095e-35 3.5000000000000004 1.0000000180025095e-35 0.075498577207326903 0.63211598992347728 1.0000000180025095e-35 0.76388889551162731 0.38206814229488378 1.0000000180025095e-35 0.15476191043853763 4.5000000000000009 0.027241807430982593 1.5000000000000002 0.060075189918279655
decision_type=2 2 2 2 2 2 2 2 2 2 2 2 2 2 2 2 2 2 2 2 2 2 2 2 2 2 2 2 2 2
left_child=1 2 8 4 -2 28 7 9 -1 -4 15 12 23 27 -9 16 17 -5 26 -20 25 -22 -10 -3 -15 -7 -8 -14 -6 -30
right_child=3 11 6 10 5 20 18 14 22 -11 -12 -13 13 24 -16 -17 -18 -19 19 -21 21 -23 -24 -25 -26 -27 -28 -29 29 -31
leaf_value=0.057099712898799539 0.049464756346487615 -0.052810864145627912 0.016297615495688918 0.040670134818632436 0.057836062514035329 0.070747971303015286 0.0029072048280541322 0.04559620070358885 -0.051104587682526903 -0.042215425073857497 0.054394192727862715 -0.054746105065650544 0.0043731114916900652 -0.031035345616633805 0.022558727106826524 0.052899622218834257 0.049790476795560333 0.012223802870885973 -0.058959673850547248 0.038906334611632731 -0.073944201104082993 0.026234277873102202 0.045521551634118015 0.083777783469568101 0.024134863772722982 -0.051383175927864011 0.0352993532844166 0.064215101036942321 -0.046391683253446142 0.038695172688966439
leaf_weight=14.763970889151095 283.82327282428741 355.77737268805504 75.218737564980984 389.17645881325006 22.231125980615616 2.0155995264649382 277.91644388437271 282.76812432706356 193.26630469411612 69.26227543503046 6371.6303867921233 6386.1771707162261 8.9210964813828451 39.363341473042965 269.04632696509361 735.99953860789537 445.03350732475519 161.67093492299318 47.418027929961681 20.893966265022755 14.451620072126387 32.633406385779381 5.5071437135338774 1.8663498908281315 14.635544352233408 84.774840153753757 27.858556486666203 25.109147891402245 6.6158040463924435 16.233546979725361
leaf_count=139 2742 4118 515 3337 200 9 1152 2343 1978 566 68031 79635 65 270 1440 7103 4431 1187 349 106 85 152 32 10 81 842 114 155 47 89
internal_value=0.00464683 -0.0442568 0.00645669 0.0509785 0.0242456 -0.0157519 0.0159503 0.0247947 -0.0411314 -0.0117528 0.0525052 -0.0537875 -0.0400509 0.00889446 0.0343639 0.0455555 0.0401278 0.0323213 -0.000511899 -0.0290263 -0.0330598 -0.0045131 -0.0484275 -0.0520981 -0.0160823 -0.0485468 0.00585839 0.0485274 0.0356474 0.0140591
internal_weight=16682.1 8115.77 1283.92 8566.29 462.779 178.956 1070.38 696.295 213.537 144.481 8103.51 6831.85 445.673 88.0291 551.814 1731.88 995.881 550.847 374.087 68.312 133.875 47.085 198.773 357.644 53.9989 86.7904 305.775 34.0302 45.0805 22.8494
internal_count=181323 93068 8734 88255 4166 1424 6585 4864 2149 1081 84089 84334 4699 571 3783 16058 8955 4524 1721 455 1088 237 2010 4128 351 851 1266 220 336 136
is_linear=0
shrinkage=0.05


Tree=36
num_leaves=31
num_cat=0
split_feature=11 17 2 12 11 21 6 2 11 16 2 15 2 23 0 21 11 1 13 0 2 21 21 15 3 7 23 0 12 7
split_gain=14262.9 1552.83 234.807 106.338 102.626 147.543 98.9096 86.6251 46.3616 108.752 39.6316 35.9298 35.3809 52.7641 33.7932 25.3139 75.0789 29.2702 24.2752 23.7234 23.1683 16.7837 13.7184 11.2815 8.43768 6.39366 6.30575 6.12828 4.55291 4.70923
threshold=0.19292803853750232 0.40310543775558477 0.31666667759418493 0.26785714924335485 0.31009615957736975 1.0000000180025095e-35 1.0000000180025095e-35 0.069047622382640853 0.11651583760976793 1.0000000180025095e-35 0.43650794029235845 0.52092087268829357 0.087121214717626586 0.10690476745367052 0.62192192673683178 1.0000000180025095e-35 0.087595909833908095 0.98129165172576915 1.0000000180025095e-35 0.83469945192337047 0.080128207802772536 1.0000000180025095e-35 1.0000000180025095e-35 0.38206814229488378 0.61250001192092907 1.0000000180025095e-35 0.035504203289747245 0.73401361703872692 0.41428571939468389 0.90098038315773021
decision_type=2 2 2 2 2 2 2 2 2 2 2 2 2 2 2 2 2 2 2 2 2 2 2 2 2 2 2 2 2 2
left_child=1 2 7 4 5 -2 10 27 9 -8 21 15 -7 -14 24 16 23 -18 19 20 -6 -4 -13 -3 -9 -17 -12 -1 29 -5
right_child=3 11 6 28 18 12 8 14 -10 -11 26 22 13 -15 -16 25 17 -19 -20 -21 -22 -23 -24 -25 -26 -27 -28 -29 -30 -31
leaf_value=0.059292653894526273 0.047536260651541415 -0.053072637595419796 0.043834905779150696 0.041339180847854762 0.055596171134544604 0.058676812164264097 0.011054000976964885 -0.050267860698314064 0.057044596679194808 -0.046495810544619605 0.04552094724332157 0.06459740249905202 -0.056626282480268214 0.0059276945592109777 0.024388935884537177 0.05521058907964832 0.030790788656005999 -0.028121520809677805 0.052572798076548244 0.050244406215953032 0.025534312992273586 -0.0039795105744315868 -0.037264368874323599 0.0772626705815221 0.018480193949765036 -0.054524906177531189 0.068197769740708777 -0.0299593774084215 0.054087727287039755 0.054065512990925338
leaf_weight=23.770106770098213 155.0368913859129 333.23973578214645 25.882980093359947 145.74226439744234 79.529281541705132 12.437743425369261 567.17352718114853 230.14220068603754 41.753770008683205 95.981457307934761 219.02178487181664 8.7836825996637327 77.437336139380932 59.69997800141573 16.841474339365959 1.3276692628860463 40.784386768937111 43.648900650441647 637.29729549586773 280.41887525469065 330.18130581080914 63.087035216391087 5.2997068390250197 1.6686009019613255 4.5514247938990584 6090.6693380475044 35.644866913557053 2.092595547437667 6226.1721980348229 145.02513344585896
leaf_count=221 1518 4029 179 1447 739 98 2720 2540 262 750 1975 56 700 305 107 13 296 296 6634 2671 2687 340 48 9 31 79453 281 16 69420 1482
internal_value=0.00460662 -0.043487 0.00584183 0.0509438 0.0395303 0.0133566 0.0166642 -0.0350659 0.00594209 0.00272455 0.0386586 -0.0535105 -0.0220712 -0.0293947 -0.0440253 -0.0536831 -0.0418005 0.000335294 0.0455366 0.039039 0.0313696 0.00993056 0.0262659 -0.0524233 -0.0489346 -0.054501 0.0486949 0.0520711 0.0538021 0.0476867
internal_weight=16000.3 7851.37 1325.94 8148.98 1632.04 304.612 1048.55 277.398 704.909 663.155 343.637 6525.42 149.575 137.137 251.535 6511.34 419.342 84.4333 1327.43 690.129 409.711 88.97 14.0834 334.908 234.694 6092 254.667 25.8627 6516.94 290.767
internal_count=181323 93622 9422 87701 15352 2621 6507 2915 3732 3470 2775 84200 1103 1005 2678 84096 4630 592 12731 6097 3426 519 104 4038 2571 79466 2256 237 72349 2929
is_linear=0
shrinkage=0.05


Tree=37
num_leaves=31
num_cat=0
split_feature=11 17 2 12 26 11 21 2 0 2 2 2 23 21 0 2 23 0 13 2 24 2 0 24 18 21 21 1 18 24
split_gain=13457.6 1493.37 217.953 106.905 103.614 97.3969 138.372 81.1881 45.736 122.109 55.3989 36.2922 35.86 46.3202 55.0312 32.9347 50.1413 31.9594 24.8114 24.0116 31.8 18.5679 20.7961 18.5133 15.9501 9.73119 6.47656 5.90372 5.09947 4.84368
threshold=0.19292803853750232 0.40310543775558477 0.31666667759418493 0.26785714924335485 1.0000000180025095e-35 0.31009615957736975 1.0000000180025095e-35 0.069047622382640853 0.74239632487297069 0.89444443583488475 0.63068181276321422 0.43650794029235845 0.05298245698213578 1.0000000180025095e-35 0.91010102629661571 0.087121214717626586 0.10000000521540643 0.64760348200798046 1.0000000180025095e-35 0.89444443583488475 4.5000000000000009 1.0000000180025095e-35 0.79361054301261913 2.5000000000000004 1.0000000180025095e-35 1.0000000180025095e-35 1.0000000180025095e-35 0.92323961853981029 1.0000000180025095e-35 2.5000000000000004
decision_type=2 2 2 2 2 2 2 2 2 2 2 2 2 2 2 2 2 2 2 2 2 2 2 2 2 2 2 2 2 2
left_child=1 2 7 5 11 6 -2 27 10 -10 -6 23 21 14 28 -8 -17 25 19 20 -7 22 -3 -4 -16 -9 -13 -1 -14 -19
right_child=3 12 4 -5 8 18 15 17 9 -11 -12 26 13 -15 24 16 -18 29 -20 -21 -22 -23 -24 -25 -26 -27 -28 -29 -30 -31
leaf_value=0.058924293686950568 0.046986863182058691 0.070195142032794547 0.041477980917889623 0.053535359185362855 -0.050447442587088359 0.036578919328244419 0.058221948740115839 -0.01187486372721252 0.053920139095546819 -0.0015723286873549785 0.052990306633129425 0.056635347527327518 0.027871746286798046 -0.052557292558403482 -0.048460015755813483 -0.056794931981266651 0.0044245422797338741 0.055534466529376769 0.052223685323944037 0.053004798780704701 -0.0060775254925251043 -0.054179699083993074 -0.050644890521758495 -0.0048454439121979401 -0.0046632013385367885 -0.050911773104632956 0.040401995213673547 -0.029222796872981113 0.07354756561512038 -0.0016388759875653883
leaf_weight=22.766324728727344 149.1566284224391 6.3624676316976538 34.030175805091858 6229.2252253592014 65.753464676439762 424.58609145134687 11.92123670876026 17.27186344563961 124.42432574182749 487.70340480655432 16.117336362600327 127.183748036623 10.47132582962513 160.56104589998722 48.50117739289999 72.336659871041775 62.21277816593647 7.6336746513843519 610.16633932292461 195.88693060725927 48.70334816724062 5953.5272620394826 8.0844296962022764 58.900080092251301 36.382098264992237 210.9090972840786 118.86689239740372 2.072466902434825 14.673935562372208 7.1971417292952538
leaf_count=222 1518 55 194 72349 449 3848 98 87 767 2381 89 1237 83 1982 424 687 318 46 6634 1836 413 81164 88 355 295 2501 1035 15 109 44
internal_value=0.0045678 -0.0430737 0.00565868 0.0505928 0.0160805 0.0389546 0.0130887 -0.0345334 0.00501315 0.00970736 -0.0300844 0.0387386 -0.0532351 -0.0354322 -0.0104422 -0.021431 -0.0284884 -0.0433342 0.0449317 0.0382827 0.0321894 -0.0540423 0.00257351 0.0121178 -0.0296881 -0.0479569 0.048793 0.0515696 0.0545266 0.0277892
internal_weight=15343.6 7539.39 1300.83 7804.2 1032.98 1574.97 295.627 267.851 693.999 612.128 81.8708 338.981 6238.56 270.59 110.029 146.471 134.549 243.012 1279.34 669.176 473.289 5967.97 14.4469 92.9303 84.8833 228.181 246.051 24.8388 25.1453 14.8308
internal_count=181323 93622 9422 87701 6507 15352 2621 2915 3686 3148 538 2821 84200 2893 911 1103 1005 2678 12731 6097 4261 81307 143 549 719 2588 2272 237 192 90
is_linear=0
shrinkage=0.05


Tree=38
num_leaves=31
num_cat=0
split_feature=11 17 1 12 11 22 2 1 22 11 16 11 2 3 0 13 22 11 0 24 0 15 2 3 18 1 25 10 11 24
split_gain=12699.4 1398.11 209.756 130.166 125.981 153.1 71.3063 131.481 74.657 55.6246 45.127 70.5677 33.8035 48.5859 26.5839 25.3609 25.1206 71.8607 24.3472 37.7084 23.0019 12.062 11.288 10.9794 10.8527 10.0589 9.83784 6.54256 8.84376 6.06661
threshold=0.17752101272344592 0.40310543775558477 0.75973123311996471 0.26785714924335485 0.31009615957736975 1.0000000180025095e-35 0.89444443583488475 0.88275891542434703 1.0000000180025095e-35 0.075498577207326903 1.0000000180025095e-35 0.080540537834167494 0.080128207802772536 0.61250001192092907 0.85599079728126537 1.0000000180025095e-35 1.0000000180025095e-35 0.087595909833908095 0.83469945192337047 4.5000000000000009 0.90121948719024669 0.38206814229488378 0.43650794029235845 0.81666666269302379 1.0000000180025095e-35 0.85153260827064525 1.0000000180025095e-35 1.0000000180025095e-35 0.14495798945426944 6.5000000000000009
decision_type=2 2 2 2 2 2 2 2 2 2 2 2 2 2 2 2 2 2 2 2 2 2 2 2 2 2 2 2 2 2
left_child=1 2 9 4 5 12 7 8 -4 23 14 -12 -2 -14 -8 18 -3 21 19 -6 25 -18 -9 26 -22 -19 -1 -11 -29 -20
right_child=3 16 6 -5 15 -7 10 22 -10 27 11 -13 13 -15 -16 -17 17 20 29 -21 24 -23 -24 -25 -26 -27 -28 28 -30 -31
leaf_value=-0.050164939170220829 0.057719483991976683 -0.054034672752239922 -0.023671922048818714 0.05327824080443453 0.034320545191561663 0.044608281281373063 0.058442592975374769 0.028560740657391344 0.045197265770419694 0.058156761393259031 -0.056769396138776455 0.034423800794404852 -0.056469114649943246 -0.00018545242543817927 0.0051545308407779803 0.051883934828993172 -0.052389807852678653 0.00070510923872977183 0.050259066945443513 -0.021784841088887504 -0.040935765255265003 0.071276627496128092 0.051539686802158924 0.043855150636902214 0.0062038299199972356 0.06288545235402003 0.037365974879598578 -0.02449755924208398 0.074980788365538328 -0.015754857845083268
leaf_weight=196.13234878331423 11.6932300850749 5542.4710375368595 143.90393662452698 5970.1567241773009 356.28973460197449 157.24531629681587 24.921887896955013 67.333445854485035 54.162519015371799 12.80065755546093 69.748232409358025 30.486357264220715 82.962643526494503 71.292036168277264 384.40334993600845 584.11312112957239 305.60558619350195 10.527354925870897 256.64552763849497 32.696361094713211 25.106459178030491 1.9845674633979786 259.08162617683411 3.254198506474494 23.768993228673935 17.018683522939682 3.2635014653205863 7.4958916530013084 3.1828549727797508 3.5281280577182761
leaf_count=2240 101 79245 1090 72521 3192 1635 200 405 384 137 571 167 876 391 1619 6634 4029 81 2635 234 164 10 2303 22 170 109 25 74 23 36
internal_value=0.00452985 -0.0430085 0.00481725 0.0499209 0.0370431 0.00925552 0.0143567 0.0272986 -0.00483921 -0.0388045 0.00103582 -0.029033 -0.0242433 -0.0304564 0.00839899 0.0443252 -0.0531778 -0.0408108 0.0375238 0.0296046 0.00258248 -0.0515919 0.0467996 -0.0472455 -0.0180109 0.0391218 -0.0487323 0.0340497 0.00515247 0.0493639
internal_weight=14713.3 7186.65 1260.17 7526.62 1556.47 323.193 1034.04 524.482 198.066 226.129 509.56 100.235 165.948 154.255 409.325 1233.27 5926.48 384.012 649.16 388.986 76.4215 307.59 326.415 202.65 48.8755 27.546 199.396 23.4794 10.6787 260.174
internal_count=181323 93068 9260 88255 15734 3003 6739 4182 1474 2521 2557 738 1368 1267 1819 12731 83808 4563 6097 3426 524 4039 2708 2287 334 190 2265 234 97 2671
is_linear=0
shrinkage=0.05


Tree=39
num_leaves=31
num_cat=0
split_feature=11 17 2 12 26 11 21 2 1 2 18 11 23 21 0 21 2 18 0 13 2 2 2 6 12 1 2 21 11 12
split_gain=11985.7 1382.06 192.274 108.153 93.7163 88.4598 137.973 72.2585 43.9078 64.8248 42.5717 65.3904 36.0115 43.4389 47.57 35.2775 33.9861 29.7086 29.217 19.2745 20.0047 19.5865 17.7437 19.0948 15.8099 14.8508 9.20973 6.57519 6.47238 5.47812
threshold=0.19292803853750232 0.40310543775558477 0.31666667759418493 0.26785714924335485 1.0000000180025095e-35 0.34057971835136419 1.0000000180025095e-35 0.069047622382640853 0.88275891542434703 0.080128207802772536 1.0000000180025095e-35 0.11651583760976793 0.05298245698213578 1.0000000180025095e-35 0.91010102629661571 1.0000000180025095e-35 0.43650794029235845 1.0000000180025095e-35 0.62192192673683178 1.0000000180025095e-35 0.89444443583488475 0.84523808956146251 1.0000000180025095e-35 1.0000000180025095e-35 0.46428571641445165 0.88022258877754223 0.2264957278966904 1.0000000180025095e-35 0.061553031206130988 0.41428571939468389
decision_type=2 2 2 2 2 2 2 2 2 2 2 2 2 2 2 2 2 2 2 2 2 2 2 2 2 2 2 2 2 2
left_child=1 2 7 5 16 6 -2 28 9 -8 11 -6 22 14 -14 -12 25 -10 26 20 21 -7 23 -3 -16 -4 -9 -18 -1 -5
right_child=3 12 4 29 10 19 8 18 17 -11 15 -13 13 -15 24 -17 27 -19 -20 -21 -22 -23 -24 -25 -26 -27 -28 -29 -30 -31
leaf_value=-0.038540869385643273 0.046184306112483531 0.065307734408508192 -0.0061322696477050052 0.04588903318679443 -0.014690222461585063 0.033337527535069821 0.057038204939959473 -0.052671038505756065 -0.05632678867596104 -0.052676376755328727 0.038175730800030443 0.054547186985368402 0.051938073895032882 -0.051845774786813362 -0.035144698285197638 0.0043884162023273259 0.055965668463049012 0.031564693911829235 0.022511882140758475 0.051602668670696877 0.052959029642004822 -0.10947021538943298 -0.053720457144656023 -0.053613454128287399 0.039936013677476831 0.034592673400881756 -0.026738518518290053 0.03902967972266002 0.058400576652325897 0.053371129052139289
leaf_weight=1.8743512481451059 183.46209319680929 6.5082344189286214 51.451672583818436 256.17528635263443 318.57627323269844 409.61694284528494 15.841790638864039 168.02565754950047 11.70176477730274 89.672382444143295 127.9773770943284 38.189327612519264 24.064798176288605 147.28517348319292 74.050451055169106 194.92631487548351 117.25652983784676 53.90268199890852 16.08967899531126 533.04380906373262 168.28987117111683 2.4151612296700469 5432.5151765272021 7.0125598087906837 7.7448386773467055 39.626049771904945 42.998591363430023 112.0976894646883 21.156684882938862 5432.186074025929
leaf_count=14 2004 59 311 2929 1833 3928 141 2099 63 791 692 252 192 1982 678 909 1237 359 107 6333 1710 23 81164 84 41 238 472 1035 223 69420
internal_value=0.00449308 -0.0422776 0.00532909 0.0499116 0.0151354 0.0378117 0.0160622 -0.0338774 -0.0162328 -0.0362039 0.00462609 -0.00727883 -0.0527212 -0.0342863 -0.00985549 0.0177794 0.0374268 0.0158876 -0.0424351 0.0447384 0.0384333 0.0325004 -0.0535781 0.00362926 -0.0280356 0.0115863 -0.047387 0.0476881 0.0505111 0.0530342
internal_weight=14105.7 6949.43 1250.25 7156.31 1000.1 1467.95 354.581 250.145 171.119 105.514 679.669 356.766 5699.18 253.145 105.86 322.904 320.432 65.6044 227.114 1113.37 580.322 412.032 5446.04 13.5208 81.7953 91.0777 211.024 229.354 23.031 5688.36
internal_count=181323 93622 9422 87701 6507 15352 3358 2915 1354 932 3686 2085 84200 2893 911 1601 2821 422 2678 11994 5661 3951 81307 143 719 549 2571 2272 237 72349
is_linear=0
shrinkage=0.05


Tree=40
num_leaves=31
num_cat=0
split_feature=23 2 17 1 23 21 2 13 2 2 23 2 21 1 0 0 12 3 17 18 7 24 15 0 8 13 21 23 15 23
split_gain=8483 3227.54 1233.86 179.3 145.579 115.404 93.9809 67.6242 50.8653 77.292 46.5072 29.9532 24.3217 21.418 18.396 17.3513 14.2568 14.2516 13.7514 21.0882 13.452 41.5877 12.672 9.40079 8.37535 8.16876 18.2763 6.93665 5.31543 4.12117
threshold=0.11111111566424371 1.0000000180025095e-35 0.25087413191795355 0.74018052220344555 0.060075189918279655 1.0000000180025095e-35 0.89444443583488475 1.0000000180025095e-35 0.20714285969734195 0.89444443583488475 0.20000001043081286 0.89444443583488475 1.0000000180025095e-35 0.96536955237388622 0.24037037044763568 0.73401361703872692 0.46428571641445165 0.73214286565780651 0.43111357092857366 1.0000000180025095e-35 0.83827373385429393 4.5000000000000009 0.34855434298515325 0.66369047760963451 0.41666667163372045 0.75000000000000011 1.0000000180025095e-35 0.34299722313880926 0.48584780097007757 0.027241807430982593
decision_type=2 2 2 2 2 2 2 2 2 2 2 2 2 2 2 2 2 2 2 2 2 2 2 2 2 2 2 2 2 2
left_child=1 13 3 17 25 6 -6 10 23 -10 11 12 -2 -1 -7 -14 20 29 -13 -20 21 -12 -15 -5 -19 28 -27 -22 -4 -3
right_child=7 2 4 8 5 14 -8 -9 9 -11 16 18 15 22 -16 -17 -18 24 19 -21 27 -23 -24 -25 -26 26 -28 -29 -30 -31
leaf_value=0.053898749530663315 0.046469163124767711 -0.051273633494551822 -0.053464850433758621 -0.043927870966314904 0.053788518168711025 -0.15624565175677652 -0.034530989336825302 0.052840384184589854 0.033863108632109 0.0037997770060488739 0.034530690209257114 0.033269719153912046 -0.021016662297785125 -0.0471614034850312 -0.042719185490441028 0.039061957524760278 0.051972716956604915 0.067657070063399868 -0.054586264630403593 0.015782485189052148 0.036109844359075632 -0.057177004176439651 0.049027050312027698 0.037103727643480466 -0.021796763044449004 0.045031616562984343 -0.055887220421196808 0.049069277418971713 -0.076240367426196845 0.023783374153743039
leaf_weight=1005.3617819547653 81.910782881081104 124.86401180177927 5341.7054400369525 39.957443118095398 76.382402174174786 3.654101461172103 49.732327044010162 4654.5144936777651 418.95501363277435 436.59383458644152 168.30098462849855 12.183038361370562 30.87845454365015 8.4051669612526876 152.09992706775665 19.67601016163826 340.20676519721746 3.84238529205322 26.851317256689072 17.642089739441872 169.54447500407696 13.342130236327646 5.7777335569262496 3.9314483925700179 8.2025371417403221 6.8001232221722612 13.184464141726494 264.09882895648479 25.741243541240692 1.8560344055294979
leaf_count=13025 934 1534 82955 419 807 26 518 61593 3404 2001 1648 71 206 99 1886 163 4406 25 235 122 1672 97 73 25 46 50 164 2843 262 14
internal_value=0.00445597 -0.029847 -0.0424456 0.0076669 -0.0516226 -0.016594 0.0189604 0.0501628 0.0158284 0.0185215 0.039275 0.0166224 0.0296376 0.053038 -0.0453826 0.00236619 0.0437591 -0.0452341 -0.0137968 -0.0266843 0.0392176 0.0277945 -0.00797681 -0.0366693 0.00673942 -0.0534553 -0.0215477 0.0440024 -0.0535741 -0.0501743
internal_weight=13526.2 7727.05 6707.5 1038.2 5669.3 281.869 126.115 5799.15 899.438 855.549 1144.63 189.142 132.465 1019.54 155.754 50.5545 955.493 138.765 56.6764 44.4934 615.286 181.643 14.1829 43.8889 12.0449 5387.43 19.9846 433.643 5367.45 126.72
internal_count=181323 107333 94136 7468 86668 3237 1325 73990 5849 5405 12397 1731 1303 13197 1912 369 10666 1619 428 357 6260 1745 172 444 71 83431 214 4515 83217 1548
is_linear=0
shrinkage=0.05


Tree=41
num_leaves=31
num_cat=0
split_feature=11 17 1 12 11 21 2 1 21 2 0 21 11 16 2 2 0 24 2 18 17 1 3 2 15 23 21 12 24 0
split_gain=10674.1 1286.9 169.193 110.357 71.9952 108.611 58.8289 121.308 78.06 55.7776 36.812 36.6237 84.9899 34.8561 34.346 46.6455 25.8376 28.219 53.0377 23.4183 24.0444 19.2235 16.2981 16.0227 11.4336 10.8906 10.5075 6.31311 5.68549 12.6201
threshold=0.19292803853750232 0.40310543775558477 0.74018052220344555 0.41428571939468389 0.31009615957736975 1.0000000180025095e-35 0.89444443583488475 0.88953205943107616 1.0000000180025095e-35 0.069047622382640853 0.84698995947837841 1.0000000180025095e-35 0.087595909833908095 1.0000000180025095e-35 0.080128207802772536 0.31666667759418493 0.83469945192337047 4.5000000000000009 0.41428571939468389 1.0000000180025095e-35 0.63034346699714672 0.98003268241882335 0.96153846383094799 0.10555555671453477 0.38206814229488378 0.035504203289747245 1.0000000180025095e-35 0.18333333730697635 6.5000000000000009 0.91366460919380199
decision_type=2 2 2 2 2 2 2 2 2 2 2 2 2 2 2 2 2 2 2 2 2 2 2 2 2 2 2 2 2 2
left_child=1 2 9 4 5 -2 7 8 -4 -1 -8 12 24 -12 -7 -16 17 23 -19 20 -14 -21 26 -6 27 -9 -11 -3 -18 -30
right_child=3 11 6 -5 16 14 10 25 -10 22 13 -13 19 -15 15 -17 28 18 -20 21 -22 -23 -24 -25 -26 -27 -28 -29 29 -31
leaf_value=0.05668464192835352 0.045419659822453502 -0.052920965716267504 0.045224996984312156 0.052952443193439482 0.0540390877193236 0.056877033606699927 0.056345405522303132 0.042845216194703474 -0.021584984601623759 -0.00051928810439842721 0.004453243226539204 -0.053388533485243965 0.01399253515007343 -0.029688863884371849 -0.059683358235754873 0.0013271404559034991 0.051650674864249263 -0.15937184875964122 0.017467818389915801 0.065446980481417241 -0.063053077033858804 0.00016145878497144422 0.050326391262155296 0.035715534111764889 0.068323742716862437 0.07403100115169052 -0.050988434802987197 -0.011372543262150935 -0.10419241507992261 0.054373508116181718
leaf_weight=14.451557479798792 148.87028752267361 258.66142315417528 60.490535996854305 4955.6157513558865 152.37939300388098 14.733159966766832 28.424277931451797 261.60504909604788 157.7030912488699 11.006451219320295 381.61448077857494 4847.3980515226722 22.335794553160667 92.965720146894455 53.103389550000429 76.402770839631557 543.9386770427227 4.5996910333633414 54.220368072390556 21.553337976336479 18.525462739169598 23.645919367671013 4.3358517959713927 549.64738480746746 2.0073349922895423 31.349632062017918 163.70060477405787 9.4777032285928708 1.8892111256718624 3.7369232028722763
leaf_count=178 1783 3930 478 69420 1862 141 240 2394 1239 70 1619 79514 172 736 589 453 6756 27 519 169 132 174 29 6086 10 276 2163 99 22 43
internal_value=0.00441892 -0.0414598 0.00504023 0.0492632 0.0378618 0.0154605 0.013215 0.0251611 -0.00306303 -0.0378055 0.00107544 -0.0522514 -0.0367774 -0.00223487 -0.0154605 -0.0236899 0.0428725 0.0369055 0.00363907 0.00649387 -0.020938 0.031293 -0.0454324 0.0396928 -0.0505624 0.0461825 -0.0478089 -0.0514524 0.0511335 0.00112833
internal_weight=12970.4 6411.25 1207.65 6559.14 1603.52 293.11 1014.15 511.148 218.194 193.494 503.004 5203.61 356.207 474.58 144.239 129.506 1310.41 760.847 58.8201 86.0605 40.8613 45.1993 179.043 702.027 270.146 292.955 174.707 268.139 549.565 5.62613
internal_count=181323 93622 9422 87701 18281 2966 6982 4387 1717 2440 2595 84200 4686 2355 1183 1042 15315 8494 546 647 304 343 2262 7948 4039 2670 2233 4029 6821 65
is_linear=0
shrinkage=0.05


Tree=42
num_leaves=31
num_cat=0
split_feature=11 17 2 12 11 21 26 2 0 2 2 0 2 18 2 21 11 0 13 2 21 0 21 15 15 2 0 21 12 11
split_gain=10074.8 1209.21 163.28 131.307 102.104 134.978 81.5784 50.3235 42.0402 102.639 44.7879 39.9748 54.1417 33.7469 32.5196 26.8487 65.1825 24.9026 20.9786 20.8459 19.4085 17.734 13.2709 10.6935 10.0467 8.83097 8.30972 6.6691 6.32373 6.28864
threshold=0.17752101272344592 0.40310543775558477 0.31666667759418493 0.26785714924335485 0.34057971835136419 1.0000000180025095e-35 1.0000000180025095e-35 0.069047622382640853 0.74239632487297069 0.89444443583488475 0.63068181276321422 0.62605932354927074 0.080128207802772536 1.0000000180025095e-35 0.43650794029235845 1.0000000180025095e-35 0.087595909833908095 0.62192192673683178 1.0000000180025095e-35 0.89444443583488475 1.0000000180025095e-35 0.90121948719024669 1.0000000180025095e-35 0.38206814229488378 0.39408509433269506 0.2264957278966904 0.43613053858280187 1.0000000180025095e-35 0.18333333730697635 0.061553031206130988
decision_type=2 2 2 2 2 2 2 2 2 2 2 2 2 2 2 2 2 2 2 2 2 2 2 2 2 2 2 2 2 2
left_child=1 2 7 4 5 -2 14 29 10 -10 -8 12 -7 -13 22 16 23 25 19 20 -6 26 -4 28 -23 -9 -18 -16 -3 -1
right_child=3 15 6 -5 18 11 8 17 9 -11 -12 13 -14 -15 27 -17 21 -19 -20 -21 -22 24 -24 -25 -26 -27 -28 -29 -30 -31
leaf_value=-0.039692934224384926 0.042961925050242232 -0.052679818419764296 0.040990397726958866 0.052365881921385971 0.045247772099034494 0.055796532728567799 -0.050594740594170219 -0.051726939855401922 0.051627453250544054 -0.0020470566751500984 0.049176361339299354 -0.049237879263358153 -0.050512909906748775 0.031060097478179467 0.055271031885793534 -0.053231995266313281 -0.010646582973378151 0.020341529091609512 0.050694353370677847 0.052004567505949909 0.021524568211546802 -0.024593860543690366 -0.0026553043935839734 0.063382744050963807 0.041435132366441349 -0.025321408295931838 0.053516491336006326 0.037237818183615413 -0.01089605769728812 0.058536183957807353
leaf_weight=1.8238164335489297 175.96863374114037 247.14424795657396 24.195486821234226 4974.3350049555302 133.31225132197142 13.670054905116556 60.211580067873001 149.62243032827973 109.67264734208584 474.05625154078007 13.832528233528135 17.441805809736252 96.668488930910826 52.379301983863115 101.36128352582455 4607.3624004088342 6.8615041226148632 15.215657919645308 469.46497112512589 148.78750431537628 244.04328975081444 39.846808709204197 62.160625174641609 2.054352030158042 6.7346070259809485 40.162829473614693 19.072271391749382 103.74528016895056 9.3995963484048826 15.28150115162134
leaf_count=14 2121 3930 190 72521 1475 141 447 2096 753 2352 81 111 1014 353 1185 79245 60 107 6333 1710 2476 301 352 10 33 471 130 1034 99 178
internal_value=0.0043828 -0.0414106 0.00426264 0.0486108 0.034792 0.0118154 0.0132927 -0.0343298 0.00353548 0.00803746 -0.031956 -0.0186066 -0.037342 0.0110011 0.0353126 -0.0522437 -0.0384914 -0.0412046 0.0430108 0.0361549 0.0299055 0.00340193 0.00957347 -0.050239 -0.0150476 -0.0461389 0.0365404 0.0461496 -0.0511489 0.0480627
internal_weight=12435.9 6109.82 1171.34 6326.07 1351.74 356.128 949.236 222.106 657.773 583.729 74.0441 180.16 110.339 69.8211 291.463 4938.48 331.113 205.001 995.608 526.143 377.356 72.5152 86.3561 258.598 46.5814 189.785 25.9338 205.107 256.544 17.1053
internal_count=181323 93068 9260 88255 15734 3740 6394 2866 3633 3105 528 1619 1155 464 2761 83808 4563 2674 11994 5661 3951 524 542 4039 334 2567 190 2219 4029 192
is_linear=0
shrinkage=0.05


Tree=43
num_leaves=31
num_cat=0
split_feature=11 17 1 13 11 11 21 11 16 21 23 21 10 23 10 18 6 26 0 24 23 10 15 23 24 0 23 21 5 21
split_gain=9508.72 1220.98 141.915 88.0799 62.2736 59.5478 74.1677 59.2397 156.448 60.9647 58.1312 37.9512 32.0318 44.0802 25.6191 23.0211 18.1207 15.7816 15.6571 28.4914 32.068 13.7937 11.1876 9.30172 8.81731 9.86477 7.02377 15.3913 6.33426 15.1685
threshold=0.21240601688623431 0.40310543775558477 0.74018052220344555 1.0000000180025095e-35 0.075498577207326903 0.34057971835136419 1.0000000180025095e-35 0.070197045803070082 1.0000000180025095e-35 1.0000000180025095e-35 0.083683479577302947 1.0000000180025095e-35 1.0000000180025095e-35 0.10690476745367052 1.0000000180025095e-35 1.0000000180025095e-35 1.0000000180025095e-35 1.0000000180025095e-35 0.83469945192337047 4.5000000000000009 0.22528196126222613 1.0000000180025095e-35 0.38206814229488378 0.035504203289747245 6.5000000000000009 0.93142634630203258 0.040000000968575485 1.0000000180025095e-35 1.0000000180025095e-35 1.0000000180025095e-35
decision_type=2 2 2 2 2 2 2 2 2 2 2 2 2 2 2 2 2 2 2 2 2 2 2 2 2 2 2 2 2 2
left_child=1 2 4 5 -1 6 -2 8 9 -4 14 15 -8 -14 16 17 -3 -12 19 21 -21 -7 -17 -10 -20 -26 -16 -28 -9 -30
right_child=3 10 7 -5 -6 18 12 28 23 -11 11 -13 13 -15 26 22 -18 -19 24 20 -22 -23 -24 -25 25 -27 27 -29 29 -31
leaf_value=-0.046844771381236439 0.042891331580906709 0.061132472697995349 0.032956073782201133 0.052141654743872091 0.035915169611199435 0.053533394798016415 0.056415350252218589 0.079498212944904667 -0.06172858407785458 0.0048044408604432411 0.05649776280853544 -0.046437339108003982 -0.061609824668232484 0.005742912707334142 -0.053061110975051118 0.0043352387298763286 -0.05260492381585713 -0.04158237751177149 0.051020068412790248 -0.12977496011257225 0.012855610833079366 0.035738091609628514 0.054971828697086868 -0.020988763219575903 -0.10928357917542331 0.054020098055649168 -0.022889262165035385 -0.053126336854952633 0.049305964112950046 -0.052403630052772224
leaf_weight=157.99264904856682 108.82227751985192 8.4608652740716916 314.68677031993866 4742.4199653081596 26.549949284642935 147.08929266035557 13.721671618521212 15.356511503458021 72.341622412204742 494.54401192814112 4.7768021821975699 75.359878595918417 44.888155020773411 52.945752486586571 4432.7300276495516 24.212520062923431 5.974988378584384 29.00510761141777 374.37220367789268 4.3640728294849387 40.633156754076481 419.36612349003553 19.851432207971811 17.376228615641594 1.8253378346562379 1.8744048923254011 62.390365611761808 129.31761565804482 77.168941143900156 3.8485281169414511
leaf_count=2175 1380 93 2282 72134 330 2016 133 122 690 3158 52 1066 420 325 79806 209 84 226 5094 28 408 4991 200 149 20 23 828 2168 670 43
internal_value=0.00434662 -0.0402293 0.00533369 0.0490695 -0.0349382 0.0370278 0.0135229 0.0128005 0.00880651 0.0157518 -0.0514475 -0.0211448 -0.0151259 -0.0251599 -0.0524483 0.00334011 0.0140567 -0.0277137 0.0422625 0.037317 -0.000977467 0.0403589 0.0271477 -0.0538382 0.050261 -0.0265489 -0.0526559 -0.0432858 0.0500553 0.0444745
internal_weight=11924.3 5971.94 1179.87 5952.32 184.543 1209.9 220.378 995.323 898.949 809.231 4792.08 153.206 111.556 97.8339 4638.87 77.8459 14.4359 33.7819 989.525 611.453 44.9972 566.455 44.064 89.7179 378.072 3.69974 4624.44 191.708 96.374 81.0175
internal_count=181323 94351 9619 86972 2505 14838 2258 7114 6279 5440 84732 1753 878 745 82979 687 177 278 12580 7443 436 7007 409 839 5137 43 82802 2996 835 713
is_linear=0
shrinkage=0.05


Tree=44
num_leaves=31
num_cat=0
split_feature=11 17 2 13 26 2 11 21 21 11 11 16 2 2 2 0 18 17 0 24 2 24 2 1 2 24 0 7 0 21
split_gain=8972.23 1177.46 135.537 88.93 78.6628 65.2811 56.7817 69.5308 56.606 103.148 38.6783 73.948 30.8566 29.832 44.4488 26.5569 24.4811 27.9334 15.9058 27.3897 36.3286 15.2894 14.0374 11.8256 9.07415 8.47802 8.33413 7.32939 6.7816 6.71735
threshold=0.21240601688623431 0.40310543775558477 0.31666667759418493 1.0000000180025095e-35 1.0000000180025095e-35 0.069047622382640853 0.34057971835136419 1.0000000180025095e-35 1.0000000180025095e-35 0.087595909833908095 0.11651583760976793 1.0000000180025095e-35 0.43650794029235845 0.080128207802772536 0.31666667759418493 0.62192192673683178 1.0000000180025095e-35 0.63034346699714672 0.83469945192337047 4.5000000000000009 0.61250001192092907 2.5000000000000004 0.10555555671453477 0.98003268241882335 0.2264957278966904 6.5000000000000009 0.93142634630203258 1.0000000180025095e-35 0.79361054301261913 1.0000000180025095e-35
decision_type=2 2 2 2 2 2 2 2 2 2 2 2 2 2 2 2 2 2 2 2 2 2 2 2 2 2 2 2 2 2
left_child=1 2 5 6 12 28 7 -2 9 -3 11 -6 21 -9 -15 24 17 -11 19 22 -21 -4 -8 -18 -7 -20 -27 -10 -1 -14
right_child=3 8 4 -5 10 15 18 13 27 16 -12 -13 29 14 -16 -17 23 -19 25 20 -22 -23 -24 -25 -26 26 -28 -29 -30 -31
leaf_value=0.056481467590171398 0.042314223060894607 -0.049607949011625102 0.03775814572059509 0.051927502339181301 0.0075544957095076987 -0.051231575630013043 0.053349584491269392 0.0560830516836094 0.054295028312207873 0.017108710304617823 0.05237170776914573 -0.043110452684286836 0.054634186911023799 -0.06894615898217453 0.001514041124482545 0.022867964571956445 0.05343830219313335 -0.063564425081320389 0.050728197579789407 -0.089068864830778374 0.022037299264507773 -0.0060035844579199808 0.035013504287548861 0.008215473590934599 -0.023940831867996164 -0.094823484259031143 0.053809114484084312 -0.052837850370600292 -0.051334689486010165 0.036470841183712764
leaf_weight=21.472058732062582 104.89125989377499 237.64500956982374 31.409607388079166 4529.2654477693141 532.23711315542459 140.0704374872148 140.38554303348064 13.127837561070917 1.597077541053294 24.890737250447273 38.478202991187572 83.290143318474293 102.85932323336601 35.287487201392651 61.204164355993271 15.528351947665213 30.323500607162714 18.860855042934418 358.11129926890135 9.2716816142201406 35.630173176527023 54.749076180160046 406.96028817072511 27.625981107354164 38.922919169068336 1.9937092140316957 1.7898033484816549 4236.8663109056652 1.5647827386856068 100.77543511241674
leaf_count=284 1380 4039 197 72134 2686 2100 2016 133 19 215 304 748 1307 352 393 113 300 149 5094 71 365 360 4991 229 473 20 23 79781 12 1035
internal_value=0.00430894 -0.0398172 0.00514676 0.0487545 0.0133477 -0.0304301 0.0364573 0.0132132 -0.0512243 -0.0315746 0.00373892 0.000698762 0.0350328 -0.0146326 -0.0242536 -0.0398556 0.010564 -0.0176686 0.0416831 0.0366367 -0.000904759 0.00994999 0.0397164 0.0318794 -0.0452971 0.0499416 -0.0245123 -0.0527975 0.049158 0.0456455
internal_weight=11437.1 5739.17 1161.36 5697.92 943.799 217.559 1168.65 214.511 4577.81 339.346 654.005 615.527 289.793 109.619 96.4917 194.522 101.701 43.7516 954.142 592.248 44.9019 86.1587 547.346 57.9495 178.993 361.895 3.78351 4238.46 23.0368 203.635
internal_count=181323 94351 9619 86972 6637 2982 14838 2258 84732 4932 3738 3434 2899 878 745 2686 893 364 12580 7443 436 557 7007 529 2573 5137 43 79800 296 2342
is_linear=0
shrinkage=0.05


Tree=45
num_leaves=31
num_cat=0
split_feature=11 16 12 21 11 1 11 21 2 21 1 1 2 3 2 23 7 24 1 12 7 2 1 23 24 18 3 13 11 6
split_gain=8466.79 987.651 135.106 134.308 216.544 133.289 80.4839 100.336 64.0214 56.7704 37.1921 32.9217 54.3894 32.7626 29.6249 42.2816 27.3723 68.4508 61.785 24.6935 19.6485 19.2839 14.2911 19.4751 12.1728 10.6107 8.00407 5.9532 5.13249 8.35652
threshold=0.17752101272344592 1.0000000180025095e-35 0.41428571939468389 1.0000000180025095e-35 0.061553031206130988 0.73678031563758861 0.31009615957736975 1.0000000180025095e-35 0.89444443583488475 1.0000000180025095e-35 0.98827150464057933 0.89143985509872448 0.89444443583488475 0.81666666269302379 0.080128207802772536 0.10000000521540643 0.83827373385429393 3.5000000000000004 0.72990828752517711 0.30952382087707525 1.0000000180025095e-35 0.41428571939468389 0.65986803174018871 0.1638494357466698 2.5000000000000004 1.0000000180025095e-35 0.73214286565780651 1.0000000180025095e-35 0.050641026347875602 1.0000000180025095e-35
decision_type=2 2 2 2 2 2 2 2 2 2 2 2 2 2 2 2 2 2 2 2 2 2 2 2 2 2 2 2 2 2
left_child=1 5 6 4 28 26 7 -2 21 10 -7 13 -13 -11 -9 -16 17 24 -19 -10 -5 -6 23 -18 -8 -12 -1 -24 -3 -30
right_child=2 3 -4 20 8 9 16 14 19 11 25 12 -14 -15 15 -17 22 18 -20 -21 -22 -23 27 -25 -26 -27 -28 -29 29 -31
leaf_value=-0.049105505195897702 0.04131820770133357 -0.054119550729392264 0.052223333677074601 0.053119739471994443 0.024424640583360621 0.046796062957554535 0.045046999928302411 0.055547129551429666 -0.021670287332826704 -0.025958328840691387 -0.0048625528333467467 0.037747577518431684 -0.002823369337156819 0.049264337009680609 -0.051025385811456152 0.0043879895741334588 -0.10161747982214769 -0.1771148741196189 -0.0019996165980422399 0.039208229792955823 -0.05267867722147257 0.074212060821862311 0.042695539999142523 0.053711380333168995 0.024005742017645444 0.023836798242695398 0.00016207736412804092 0.051850478027875485 0.055322532482836577 -0.040992194180814699
leaf_weight=97.634768161922693 140.19225161522627 242.92321941629052 4136.0509886927903 4.3931817002594462 34.030592944473028 172.86581997573376 242.12838051840663 12.719951171427963 73.718693517148495 119.52604271098971 56.46516378223896 130.56165690720081 224.91627494990826 16.469634093344212 71.114147689193487 66.722065337002277 3.8328275345265848 5.4931745752692214 60.659367557615042 21.519196711480618 4075.4699474163353 45.389645133167505 379.8975194580853 4.2617980465292931 95.985630881041288 74.963052168488503 9.0040843635797483 333.42652371525764 2.6890628859400758 13.857915561646223
leaf_count=1445 1918 3973 69569 69 320 1682 3297 146 669 914 235 1192 962 115 937 370 31 38 679 136 80323 404 4808 57 1241 366 53 5164 23 187
internal_value=0.00427208 -0.040205 0.0476591 -0.0497514 -0.0233118 0.00754742 0.0343313 0.0108795 0.0197292 0.0145819 0.0315542 0.00407353 0.0120777 -0.0168486 -0.0174639 -0.0242016 0.0403886 0.0299732 -0.0165408 -0.00791466 -0.0525648 0.0528788 0.0462251 -0.0198373 0.0390737 0.0115068 -0.0449456 0.0469748 -0.0522842 -0.02534
internal_weight=10968.9 5416.4 5552.48 4513.99 434.128 902.406 1416.43 290.748 174.658 795.768 304.294 491.474 355.478 135.996 150.556 137.836 1125.69 404.267 66.1525 95.2379 4079.86 79.4202 721.419 8.09463 338.114 131.428 106.639 713.324 259.47 16.547
internal_count=181323 93068 88255 86104 5712 6964 18686 3371 1529 5466 2283 3183 2154 1029 1453 1307 15315 5255 717 805 80392 724 10060 88 4538 601 1498 9972 4183 210
is_linear=0
shrinkage=0.05


Tree=46
num_leaves=31
num_cat=0
split_feature=11 17 2 12 26 2 23 1 2 2 21 11 16 7 2 0 2 0 21 13 6 15 21 15 2 21 11 1 21 23
split_gain=7995.24 1095.72 118.332 97.862 71.2267 58.8412 56.3282 50.8745 67.2732 203.412 35.965 35.497 63.3091 31.0544 28.7339 23.8263 23.2936 22.3991 19.6841 17.6947 15.7905 14.5439 11.4073 11.1827 9.1256 9.03326 15.6911 7.15531 6.6603 5.5437
threshold=0.21240601688623431 0.40310543775558477 0.31666667759418493 0.41428571939468389 1.0000000180025095e-35 0.069047622382640853 0.077171217650175108 0.88022258877754223 0.080128207802772536 0.31666667759418493 1.0000000180025095e-35 0.11651583760976793 1.0000000180025095e-35 0.85839599370956432 0.43650794029235845 0.62192192673683178 1.0000000180025095e-35 0.90521115064620983 1.0000000180025095e-35 1.0000000180025095e-35 1.0000000180025095e-35 0.39408509433269506 1.0000000180025095e-35 0.55942294001579296 0.2264957278966904 1.0000000180025095e-35 0.2788888961076737 0.93847250938415538 1.0000000180025095e-35 0.040000000968575485
decision_type=2 2 2 2 2 2 2 2 2 2 2 2 2 2 2 2 2 2 2 2 2 2 2 2 2 2 2 2 2 2
left_child=1 2 5 7 14 27 16 8 -2 18 17 12 -6 -11 22 24 20 -8 -10 25 -3 -19 -4 -12 -7 -9 -27 -1 -16 -18
right_child=3 6 4 -5 11 15 10 19 9 13 23 -13 -14 -15 28 -17 29 21 -20 -21 -22 -23 -24 -25 -26 26 -28 -29 -30 -31
leaf_value=0.056211526934245803 0.053385452395573185 0.060718475737344658 0.039356287226589209 0.052078565275376035 0.0067913220644327177 -0.050552210129700827 0.045966947610653265 0.043765776734645191 0.0072889153690611393 0.0054742131824052258 -0.04809039218361498 0.051343515784536331 -0.041277705204182176 0.045726682594034979 0.054021428326736266 0.02152031578754815 -0.052589310872993525 -0.02669511441948318 -0.085927364096812966 0.049982818782893505 -0.051795872606392512 0.033143246762698857 -0.0018453496653988513 0.087331669392508568 -0.022453763277152133 -0.011020761734407166 0.033596451978611684 -0.062443492694268035 0.035322587395186324 -0.042744772452434139
leaf_weight=20.088216938078407 110.11381212621927 7.6746717914938909 23.194029472768307 3921.5118851400912 525.629608720541 129.65141693130136 20.96784159168601 218.74039182439446 6.359625667333602 77.430822495371103 80.102888878434896 36.437523476779461 78.761481277644634 125.70345860719681 94.505922812968493 14.98907735198736 3850.5769308768213 47.784016843885183 51.726235762238503 427.10245310887694 5.2524726800620556 12.894885331392286 60.933658361434937 1.5540117546915997 37.183089651167393 21.310802225023508 261.60889634117484 1.3563511669635762 95.992319151759148 148.52012171596289
leaf_count=286 1630 93 203 69210 2686 2100 247 2997 75 891 1321 304 748 1514 1307 113 79806 431 509 6792 84 105 354 8 473 104 3250 10 1035 2637
internal_value=0.00423782 -0.039061 0.00488404 0.0481373 0.0125466 -0.0296259 -0.0508354 0.0362492 0.0206068 0.00678941 -0.0220501 0.0034166 0.000527186 0.0303832 0.0338512 -0.0388646 -0.0520071 0.00141593 -0.0757214 0.0425032 0.0150024 -0.0139789 0.00951395 -0.0455132 -0.0442898 0.0361352 0.0302357 0.0487067 0.0445991 -0.0522237
internal_weight=10515.7 5294.05 1118.72 5221.61 915.455 203.268 4175.33 1300.1 371.334 261.22 163.304 640.829 604.391 203.134 274.626 181.824 4012.02 81.6467 58.0859 928.763 12.9271 60.6789 84.1277 81.6569 166.835 501.66 282.92 21.4446 190.498 3999.1
internal_count=181323 94351 9619 86972 6637 2982 84732 17762 4619 2989 2112 3738 3434 2405 2899 2686 82620 783 584 13143 177 536 557 1329 2573 6351 3354 296 2342 82443
is_linear=0
shrinkage=0.05


Tree=47
num_leaves=31
num_cat=0
split_feature=11 17 1 12 23 11 16 22 2 1 2 23 22 7 22 2 18 13 2 6 11 11 15 11 22 11 5 22 18 22
split_gain=7545.26 1056.83 112.296 98.954 56.0422 52.8333 123.595 53.2098 51.1166 48.7248 64.7073 187.743 34.1123 30.9347 28.0627 22.133 18.9422 17.9726 17.6943 14.9045 13.6195 11.7023 10.3265 9.34516 8.99267 14.7783 6.81309 13.0403 6.74897 6.29349
threshold=0.21240601688623431 0.40310543775558477 0.72990828752517711 0.41428571939468389 0.077171217650175108 0.070197045803070082 1.0000000180025095e-35 1.0000000180025095e-35 0.069047622382640853 0.88022258877754223 0.080128207802772536 0.12150349840521814 1.0000000180025095e-35 0.83827373385429393 1.0000000180025095e-35 1.0000000180025095e-35 1.0000000180025095e-35 1.0000000180025095e-35 0.89444443583488475 1.0000000180025095e-35 0.15075758099555972 0.12060606107115747 0.55942294001579296 0.053342817351222045 1.0000000180025095e-35 0.2788888961076737 1.0000000180025095e-35 1.0000000180025095e-35 1.0000000180025095e-35 1.0000000180025095e-35
decision_type=2 2 2 2 2 2 2 2 2 2 2 2 2 2 2 2 2 2 2 2 2 2 2 2 2 2 2 2 2 2
left_child=1 2 8 9 15 6 7 -4 -1 10 -2 14 22 -13 -12 19 18 24 -14 -3 29 -18 -6 -8 25 -11 -7 -28 -19 -10
right_child=3 4 5 -5 12 26 23 -9 20 17 11 13 16 -15 -16 -17 21 28 -20 -21 -22 -23 -24 -25 -26 -27 27 -29 -30 -31
leaf_value=0.055164092681266867 0.053212320379895199 0.060249923028241226 0.0033512366518040231 0.05191734453086895 -0.047546344008306929 0.079434233305265264 -0.057568848499993712 0.030314924404172591 -0.049554791058490394 -0.01045284005417098 -0.079775066783768389 0.0030631191673189426 0.048148030039760301 0.045753322497081299 0.018329935095556422 -0.052053676635076464 -0.010269619882865268 0.033774240781589034 -0.042606703699588404 -0.051424856267312385 0.052919397696689102 0.042686938913560964 0.081641868995528236 -0.0063610237634276548 0.043231658531962737 0.032862778296082154 -0.051761372748787587 0.046832988990203481 0.052273045771576432 -0.0063481858028593607
leaf_weight=14.279344484210013 105.07567890360951 7.3557314835488778 484.51418312266469 3741.5493572615087 77.046205382794142 14.632221087813376 71.342973586171865 293.98457991704345 126.79696333780885 21.344337537884712 56.250819329172373 63.640689857304096 6.5893832631409159 127.35636127740145 8.3745565265417081 3816.1799581572413 16.581856839358807 57.353165835142136 29.040865875780582 5.031450480222702 3.5210960879921904 28.128806732594967 1.5785352066159237 10.180944863706825 210.57840736955404 254.26535156741738 3.5258849933743468 68.673188634216785 351.35635437443852 9.0282337069511396
leaf_count=228 1630 93 3207 69210 1321 132 779 2287 2096 104 544 745 79 1595 105 82443 165 934 249 84 33 290 8 83 2997 3250 44 670 5858 60
internal_value=0.00420202 -0.038658 0.00471907 0.0478414 -0.0506292 0.0111526 0.00739974 0.0135335 -0.0349334 0.0356956 0.0201812 0.00660352 -0.0215394 0.0315288 -0.067062 -0.0518371 0.00137381 0.0419489 -0.0258227 0.0148896 -0.0441661 0.0230469 -0.0449527 -0.0511739 0.0354521 0.0295082 0.0483232 0.0420181 0.0496772 -0.0466829
internal_weight=10085.2 5088.01 1100.48 4997.15 3987.53 946.854 860.023 778.499 153.626 1255.6 360.698 255.622 158.966 190.997 64.6254 3828.57 80.3409 894.898 35.6302 12.3872 139.346 44.7107 78.6247 81.5239 486.188 275.61 86.8313 72.1991 408.71 135.825
internal_count=181323 94351 9619 86972 84732 7202 6356 5494 2417 17762 4619 2989 2112 2340 649 82620 783 13143 328 177 2189 455 1329 862 6351 3354 846 714 6792 2156
is_linear=0
shrinkage=0.05


Tree=48
num_leaves=31
num_cat=0
split_feature=12 23 17 2 2 23 18 26 0 13 23 2 1 21 2 3 23 17 26 1 13 21 3 2 7 24 14 24 0 21
split_gain=5402.44 1681.6 807.468 473.864 100.874 48.713 46.5908 42.3888 43.6409 36.054 44.2841 99.3746 40.5726 35.2108 32.5778 28.9484 23.8386 45.4348 23.8433 23.8266 22.3995 17.8304 11.607 10.0205 9.94647 36.7558 8.33371 7.86669 6.69286 5.43621
threshold=0.30952382087707525 0.11538461968302728 0.20848321169614795 1.0000000180025095e-35 0.20714285969734195 0.063157897442579283 1.0000000180025095e-35 1.0000000180025095e-35 0.71081870794296276 0.75000000000000011 0.14048793911933902 0.080128207802772536 0.88275891542434703 1.0000000180025095e-35 0.89444443583488475 0.81666666269302379 0.24653372913599017 0.43111357092857366 1.0000000180025095e-35 0.96536955237388622 1.0000000180025095e-35 1.0000000180025095e-35 0.61250001192092907 0.074175827205181136 0.83827373385429393 4.5000000000000009 1.0000000180025095e-35 4.5000000000000009 0.66369047760963451 1.0000000180025095e-35
decision_type=2 2 2 2 2 2 2 2 2 2 2 2 2 2 2 2 2 2 2 2 2 2 2 2 2 2 2 2 2 2
left_child=1 2 4 19 23 29 16 15 -9 10 11 -2 21 -7 -14 -6 17 -3 -19 -4 22 -13 27 -1 25 -18 -24 -8 -25 -5
right_child=9 6 3 5 7 13 20 8 -10 -11 -12 12 14 -15 -16 -17 24 18 -20 -21 -22 -23 26 28 -26 -27 -28 -29 -30 -31
leaf_value=0.053824619676183121 0.052535324387759277 0.0434273850372872 0.053591012413206796 -0.044835836589683653 0.01559181175276938 0.0028732236116351777 0.005955724291334499 -0.040930790313919878 0.0086977659232739413 0.051670847988894798 0.048282141480102375 0.018118415941418081 0.059844985125051535 -0.043247256079074328 -0.012990860790444798 0.051230322835219257 0.017706140259516254 0.010427639427658312 -0.057801874536377786 -0.045734709167990141 0.051322773002737979 -0.04810644576879991 -0.005182509703455674 -0.049360312064947953 0.03847437939187201 -0.23089557237963798 0.036680008430128384 -0.095892012310594563 0.021567656006280096 -0.052706497180078596
leaf_weight=2.5573412626981726 138.30262454599142 30.302919387817383 117.20652742683887 234.25286622717977 147.01191427186131 68.260275881737471 14.384912908077242 49.024928905069828 459.28389546275139 3157.8513972871006 509.53920280188322 12.519147761166094 28.508545804768801 105.10410841554403 33.266852829605341 93.04280149564147 31.957281813025475 20.217140920460224 34.922556091099977 6.3657222837209693 320.76967373490334 54.024514108896255 12.293660029768942 84.68448044359684 81.900795225054026 1.559368923306464 360.74120710417628 2.1837874054908744 3.4619241878390303 3457.4698056541383
leaf_count=37 2573 331 1870 4243 1315 844 169 384 2322 61093 9139 150 325 1721 242 1291 441 245 347 99 5422 937 157 1421 1200 14 4533 15 24 78419
internal_value=0.00416587 -0.0267717 -0.0385304 -0.0479092 0.00605335 -0.0509907 0.0355259 0.0120889 0.00391123 0.0492978 0.0396429 0.0231324 -0.00855813 -0.0250878 0.0206219 0.0294049 0.014264 -0.00575586 -0.0327853 0.0484743 0.0415378 -0.0356473 0.0334816 -0.0437439 0.0290846 0.0061399 0.0353004 -0.00746801 -0.0465746 -0.0522071
internal_weight=9672.97 5738.96 4827.73 3988.66 839.067 3865.09 911.233 748.364 508.309 3934.01 776.161 266.622 128.319 173.364 61.7754 240.055 200.86 85.4426 55.1397 123.572 710.373 66.5437 389.604 90.7037 115.417 33.5167 373.035 16.5687 88.1464 3691.72
internal_count=181323 106864 93990 87196 6794 85227 12874 5312 2706 74459 13366 4227 1654 2565 567 2606 2578 923 592 1969 10296 1087 4874 1482 1655 455 4690 184 1445 82662
is_linear=0
shrinkage=0.05


Tree=49
num_leaves=31
num_cat=0
split_feature=11 17 12 21 1 0 21 11 27 21 11 1 2 1 18 24 11 27 0 2 0 15 18 15 21 2 2 11 7 1
split_gain=6721.65 987.899 101.182 100.329 91.464 77.5591 55.773 83.9292 47.9824 46.8265 60.1699 48.9373 28.805 41.3592 26.61 25.6273 25.4106 22.1845 19.9947 19.6216 18.0714 11.5828 11.1275 10.7069 10.1526 13.1739 9.64388 12.6926 9.34476 8.40112
threshold=0.21240601688623431 0.40310543775558477 0.41428571939468389 1.0000000180025095e-35 0.8494696617126466 0.9569842815399171 1.0000000180025095e-35 0.087595909833908095 0.60000000149011623 1.0000000180025095e-35 0.43303571641445165 0.88722458481788646 0.89444443583488475 0.91381365060806286 1.0000000180025095e-35 4.5000000000000009 0.14495798945426944 0.60000000149011623 0.85599079728126537 0.89444443583488475 0.75219297409057628 0.32566948235034948 1.0000000180025095e-35 0.49374902248382574 1.0000000180025095e-35 0.087121214717626586 0.2264957278966904 0.075498577207326903 0.96609193086624157 0.70210084319114696
decision_type=2 2 2 2 2 2 2 2 2 2 2 2 2 2 2 2 2 2 2 2 2 2 2 2 2 2 2 2 2 2
left_child=1 3 8 5 16 26 7 21 22 -10 11 -11 13 -6 15 -7 20 -9 -14 -12 -5 -3 24 -19 -2 -26 27 -1 -23 -24
right_child=2 6 -4 4 12 14 -8 17 9 10 19 -13 18 -15 -16 -17 -18 23 -20 -21 -22 28 29 -25 25 -27 -28 -29 -30 -31
leaf_value=-0.024302770387076764 0.045826502914410955 -0.050104303021084422 0.051616611703522254 -0.039582131754380905 -0.008905837650923943 -0.019426229141849227 -0.052067753856940326 0.041721272405657359 0.042115101495358742 -0.039499246970075272 0.020977758524704154 0.020159094981895009 0.057715131194611392 0.041256643114868451 0.024335121882892548 0.063601228147836364 0.064961475841649061 -0.016621666401405364 -0.0087923489448803512 0.0517978101695247 0.027129140338102077 0.088820488640106027 0.015141055404304516 0.048060969646585877 0.052573666189260439 -0.0039611738737481313 0.046867735587516259 0.04612666354709842 -0.041341431258468724 0.051777347317195757
leaf_weight=11.63410494476557 58.461177460849285 187.03911341354251 3406.6619930677116 210.91331488639116 67.683834847062826 119.61515339836478 3350.5981998480856 34.238258726894855 268.08784970641136 73.565717123448849 198.45405085757375 64.524573553353548 11.908008128404616 104.58884298801422 75.673480071127415 10.076885089278219 6.3643539138138285 52.541605472564697 221.67296387627721 69.808201503008604 10.664873946458099 2.744024269282817 16.328612990677357 7.2847875878214827 15.329257622361181 31.435053881257772 201.25462730973959 14.211163036525248 2.7718090564012527 375.31056365743279
leaf_count=68 1025 3972 69210 3078 496 829 79800 353 3992 724 2573 624 103 1033 407 64 84 462 989 1046 52 28 262 78 282 480 2217 199 39 6754
internal_value=0.00412852 -0.03785 0.0472579 0.00447235 -0.00819693 0.0230397 -0.0502569 -0.0290876 0.0345809 0.0258949 0.0151937 -0.0116231 0.00603777 0.0215484 0.000773033 -0.0129751 -0.0335419 0.00962369 -0.00540178 0.0289979 -0.0363712 -0.0479984 0.0463713 -0.00874556 0.0319359 0.0145708 0.0431754 0.0144232 0.0234117 0.0502499
internal_weight=9281.45 4703.48 4577.97 1066.26 633.796 432.465 3637.22 286.62 1171.31 674.44 406.353 138.09 405.854 172.273 205.366 129.692 227.943 94.0647 233.581 268.262 221.578 192.555 496.865 59.8264 105.225 46.7643 227.1 25.8453 5.51583 391.639
internal_count=181323 94351 86972 9619 5835 3784 84732 4932 17762 8959 4967 1348 2621 1529 1300 893 3214 893 1092 3619 3130 4039 8803 540 1787 762 2484 267 67 7016
is_linear=0
shrinkage=0.05


Tree=50
num_leaves=31
num_cat=0
split_feature=11 17 12 1 22 11 11 16 13 22 22 11 2 1 13 7 18 15 11 18 22 2 23 1 11 12 7 2 1 13
split_gain=6340.22 953.54 103.098 94.2872 55.7668 80.2006 48.0379 107.316 47.3582 46.3752 45.2085 55.8306 44.9717 44.1728 20.344 19.4427 11.2441 11.1504 10.8373 10.1346 9.96445 12.6143 9.30052 8.50999 14.4287 8.35883 8.07696 6.83886 6.70468 6.51886
threshold=0.21240601688623431 0.40310543775558477 0.41428571939468389 0.72090429067611705 1.0000000180025095e-35 0.087595909833908095 0.070197045803070082 1.0000000180025095e-35 1.0000000180025095e-35 1.0000000180025095e-35 1.0000000180025095e-35 0.43303571641445165 0.069047622382640853 0.88485845923423778 1.0000000180025095e-35 0.93405798077583324 1.0000000180025095e-35 0.32566948235034948 0.15504807978868487 1.0000000180025095e-35 1.0000000180025095e-35 0.087121214717626586 0.035504203289747245 0.70210084319114696 0.35504202544689184 0.18333333730697635 0.96609193086624157 0.89444443583488475 0.96536955237388622 0.75000000000000011
decision_type=2 2 2 2 2 2 2 2 2 2 2 2 2 2 2 2 2 2 2 2 2 2 2 2 2 2 2 2 2 2
left_child=1 3 8 12 -3 17 7 9 10 -5 11 13 -1 -2 19 -13 20 25 -14 -7 21 -10 -9 24 -18 -6 -19 -8 -16 -29
right_child=2 4 -4 6 5 14 27 22 16 -11 -12 15 18 -15 28 -17 23 26 -20 -21 -22 -23 -24 -25 -26 -27 -28 29 -30 -31
leaf_value=0.054830863703959898 -0.037798957344173767 -0.051932169378928618 0.051470901610960566 0.0026856968450170138 -0.052111435744846224 -0.028927625142912774 0.058064383763063547 -0.058492179577348015 0.052442466608943833 0.028312248345239099 0.041557729006903354 0.017073497980121689 -0.046601031192568886 0.018989918788371685 0.063885913548659412 0.044863427033932694 -0.052262387219466799 0.079830669573010951 0.06454548953007587 0.012352506961076305 0.045418752459123336 -0.0037523950419327068 -0.014707899374700401 0.051571992783023317 0.047879644188865068 0.0017792165431354094 -0.040484151921458288 0.011605669922238266 0.019219596380379941 0.058995919964552217
leaf_weight=12.582698136568068 72.804197177290916 3195.299017559737 3249.459966018796 478.26982548460364 171.29889107868075 29.832812864333391 50.156956791877747 61.694194402545691 14.617199387401341 279.83501670137048 258.34735203161836 156.25698938593268 117.70544489845634 64.650537475943565 15.885043825954197 105.38940495997667 5.3944383747875717 2.8961670920252791 2.2348014786839476 29.641598861664534 56.096721582114697 31.522551283240318 15.096443258225916 358.39232632890344 10.794773638248442 7.5109618231654158 2.6910492368042469 20.476008202880621 17.833612203598022 11.240017149597408
leaf_count=227 720 79800 69210 3249 3874 259 607 729 282 2291 3992 2048 2097 628 197 1571 61 28 22 281 1025 480 149 6754 201 98 39 134 156 114
internal_value=0.00409215 -0.0374444 0.0469406 0.00432543 -0.0500647 -0.0285683 0.010024 0.00643983 0.0339622 0.0121451 0.0252614 0.0147125 -0.035096 -0.0110888 0.00923611 0.0282671 0.0459589 -0.0476743 -0.0445301 -0.00835392 0.031262 0.0140503 -0.0498845 0.0499702 0.0145111 -0.0498477 0.0218818 0.0465732 0.0402621 0.0284006
internal_weight=8905.91 4522.18 4383.73 1049.29 3472.89 277.59 916.768 834.895 1134.27 758.105 657.448 399.101 132.523 137.455 93.1931 261.646 476.818 184.397 119.94 59.4744 102.236 46.1398 76.7906 374.582 16.1892 178.81 5.58722 81.873 33.7187 31.716
internal_count=181323 94351 86972 9619 84732 4932 7273 6418 17762 5540 8959 4967 2346 1348 893 3619 8803 4039 2119 540 1787 762 878 7016 262 3972 67 855 353 248
is_linear=0
shrinkage=0.05


Tree=51
num_leaves=31
num_cat=0
split_feature=11 17 12 2 26 21 11 13 2 21 11 2 13 11 16 2 0 2 12 21 1 2 1 15 1 2 7 7 2 14
split_gain=5979.27 921.176 104.871 89.0345 61.7411 55.7945 76.984 46.8597 44.3567 43.6212 51.7795 40.0669 29.3304 28.3661 46.1338 25.6007 19.7742 19.5219 16.0499 15.4359 13.3521 8.55563 6.93446 6.73492 6.19182 12.5288 21.7644 6.10897 5.09877 3.98682
threshold=0.21240601688623431 0.40310543775558477 0.41428571939468389 0.31666667759418493 1.0000000180025095e-35 1.0000000180025095e-35 0.061553031206130988 1.0000000180025095e-35 0.069047622382640853 1.0000000180025095e-35 0.43303571641445165 0.44949495792388922 1.0000000180025095e-35 0.11651583760976793 1.0000000180025095e-35 0.58571431040763866 0.62192192673683178 0.89444443583488475 0.46428571641445165 1.0000000180025095e-35 0.96536955237388622 0.2264957278966904 0.94497668743133556 0.55942294001579296 0.75973123311996471 0.087121214717626586 0.78404876589775097 1.0000000180025095e-35 0.27922078967094427 1.0000000180025095e-35
decision_type=2 2 2 2 2 2 2 2 2 2 2 2 2 2 2 2 2 2 2 2 2 2 2 2 2 2 2 2 2 2
left_child=1 3 7 8 15 6 -3 9 22 29 11 -11 18 14 -6 19 21 -12 -8 -5 -14 -10 -1 27 25 -9 -27 -7 -18 -2
right_child=2 5 -4 4 13 23 12 24 16 10 17 -13 20 -15 -16 -17 28 -19 -20 -21 -22 -23 -24 -25 -26 26 -28 -29 -30 -31
leaf_value=0.05540203548934361 0.0040662312661214443 -0.050887770341410156 0.051329416934124197 0.041576789532368659 0.0049588503640824455 0.053599210078461385 -0.022154917881570688 0.052294736322224936 -0.049114193822315855 -0.039717970827215239 0.019524092654253943 0.014536298398099619 0.072520902853185271 0.047995764574249228 -0.03824046715519408 0.048360248597907315 0.033670701868816787 0.051386431940180416 0.053844004453380161 0.0042785274676161852 0.012309970912951959 -0.020351382091076096 -0.072306519639732683 0.029022311256203817 0.047688222576980896 -0.065825194563884207 0.035148062040535333 -0.0519175314487536 -0.046070235194893394 0.042079011995759856
leaf_weight=16.378054134547714 7.1001713909208766 155.54960381239653 3099.2875976897776 40.79139806330204 509.4196160286665 1.3723370768129814 68.57490012422204 28.282216347754002 109.39966921508312 63.352350451052189 191.10206178575754 73.522136397659779 16.906551595777273 32.111233666539192 70.335459891706705 120.43567152321339 11.601473037153481 64.231644991785288 7.7301080152392379 86.69320710003376 20.21854392811656 33.854911282658577 1.1367246434092511 2.5752861015498629 404.1644499450922 7.7575616054236916 17.101417951285839 3042.9833194985986 2.4234261810779563 241.93457832559943
leaf_count=287 109 3695 69210 505 2686 19 777 574 2100 680 2573 668 209 304 748 1791 93 1046 61 603 190 473 9 25 7857 97 275 79756 20 3883
internal_value=0.00405376 -0.0370231 0.0466244 0.00416687 0.0107804 -0.0498745 -0.0280454 0.0333502 -0.0283642 0.0246295 0.014238 -0.0105753 0.00327882 0.0022516 -0.000282059 0.0318296 -0.0367695 0.0275394 -0.0144558 0.0162129 0.0397297 -0.0423168 0.0471136 -0.0518016 0.0455786 0.0295336 0.00363807 -0.05187 0.0198919 0.0409952
internal_weight=8548.33 4350.49 4197.84 1034.58 859.787 3315.91 268.98 1098.55 174.794 641.243 392.208 136.874 113.43 611.866 579.755 247.92 157.279 255.334 76.305 127.485 37.1251 143.255 17.5148 3046.93 457.306 53.1412 24.859 3044.36 14.0249 249.035
internal_count=181323 94351 86972 9619 6637 84732 4932 17762 2982 8959 4967 1348 1237 3738 3434 2899 2686 3619 838 1108 399 2573 296 79800 8803 946 372 79775 113 3992
is_linear=0
shrinkage=0.05


Tree=52
num_leaves=31
num_cat=0
split_feature=11 17 12 2 11 21 26 0 2 2 2 17 0 0 2 21 11 2 2 23 2 21 15 13 11 11 21 0 0 11
split_gain=5638.7 842.182 156.793 92.9031 70.3155 83.3071 47.2098 37.4806 83.4075 37.1431 36.5819 35.7307 29.1203 29.0974 26.9876 23.4308 43.0481 32.1915 23.258 70.3222 19.7472 15.0193 12.6393 7.36794 7.81271 6.56585 6.11351 5.26812 5.22648 2.37953
threshold=0.15894736349582675 0.40310543775558477 0.41428571939468389 0.20714285969734195 0.34057971835136419 1.0000000180025095e-35 1.0000000180025095e-35 0.74239632487297069 0.89444443583488475 0.41428571939468389 0.63068181276321422 0.62053000926971447 0.83469945192337047 0.54110360145568859 0.069047622382640853 1.0000000180025095e-35 0.056349206715822227 0.89444443583488475 0.095454547554254546 0.071714289486408248 0.41428571939468389 1.0000000180025095e-35 0.48584780097007757 1.0000000180025095e-35 0.20344828069210055 0.21583850681781772 1.0000000180025095e-35 0.66369047760963451 0.71547618508338939 0.32575757801532751
decision_type=2 2 2 2 2 2 2 2 2 2 2 2 2 2 2 2 2 2 2 2 2 2 2 2 2 2 2 2 2 2
left_child=1 3 4 14 5 23 9 10 -9 21 -8 25 18 -13 28 16 -3 20 -6 -20 -18 -5 -19 24 -2 -7 -11 -16 -1 -4
right_child=2 15 29 6 12 11 7 8 -10 26 -12 13 -14 -15 27 -17 17 22 19 -21 -22 -23 -24 -25 -26 -27 -28 -29 -30 -31
leaf_value=0.058015883931875456 0.00066612881933008012 -0.051157492538932731 0.04464155778223991 0.037685262150096356 0.05245572737444032 -0.0040564182885006695 -0.050080282406542415 0.048014479465571365 -0.0041937086230981815 0.052220143424793558 0.045578365004099251 -0.051039586960661965 0.048644604254509498 -0.0038968807515269038 -0.048248053246520095 -0.051869764953826808 -0.0028092216561669704 -0.031899799463354313 -0.15097459215401821 0.026830106336783274 0.088871010038919465 -0.0069623524032307723 0.073723405428993985 0.048597497072724871 0.035263592983522656 0.040591445877565135 0.03238830595539699 0.015564351049671519 -0.047946152698830721 0.051458969119590518
leaf_weight=7.935960575938223 21.736968167126179 146.05273234471679 134.0048009082675 24.300997011363506 89.992597088217735 11.710802394896744 58.776147291064262 92.654610462486744 438.80380657315254 69.527012772858143 12.042069997638462 64.034087982028723 331.81562036275864 66.95697270706296 104.9348898679018 2857.8806555941701 11.570059560239317 52.121597107499838 5.6400206275284281 396.47082027420402 11.929307945072649 83.761012200266123 2.995077706873416 67.980393268167973 65.447573639452457 27.738361816853285 88.102877508848906 3.3371963389217845 1.3636902086436746 2853.8376706801355
leaf_count=129 244 3647 2693 218 1725 169 562 732 2324 1140 77 1047 6450 603 2092 78885 123 611 32 6229 90 708 17 1283 1106 277 1047 25 12 67026
internal_value=0.00401585 -0.037784 0.0451158 0.0024502 0.0294233 0.00975203 0.00810019 0.000355118 0.00490828 0.0256569 -0.0338143 -0.014379 0.0371972 -0.0269423 -0.0392606 -0.0506475 -0.0351001 -0.00526857 0.0294785 0.0243362 0.0437317 0.00307801 -0.0261602 0.0362587 0.0266377 0.0273374 0.0411357 -0.0462812 0.0424777 0.0511532
internal_weight=8205.46 4068.09 4137.37 985.54 1149.52 325.605 867.969 602.277 531.458 265.692 70.8182 170.44 823.919 130.991 117.572 3082.55 224.669 78.616 492.103 402.111 23.4994 108.062 55.1167 155.165 87.1845 39.4492 157.63 108.272 9.29965 2987.84
internal_count=181323 92439 88884 9066 19165 4729 6808 3695 3056 3113 639 2096 14436 1650 2258 83373 4488 841 7986 6261 213 926 628 2633 1350 446 2187 2117 141 69719
is_linear=0
shrinkage=0.05


Tree=53
num_leaves=31
num_cat=0
split_feature=11 17 12 1 21 11 13 11 16 21 21 11 2 1 1 2 13 15 18 17 12 23 1 11 2 15 13 7 2 2
split_gain=5318.02 861.023 108.107 80.1387 55.3179 71.1141 46.8389 43.797 95.2579 42.2369 41.7167 44.6649 40.4001 35.5921 26.7508 19.8114 15.6967 14.6186 12.3104 10.3627 25.8472 9.23951 8.13953 12.5427 6.8508 6.63253 6.62478 5.90585 4.61025 4.21795
threshold=0.21240601688623431 0.40310543775558477 0.41428571939468389 0.70487993955612194 1.0000000180025095e-35 0.056349206715822227 1.0000000180025095e-35 0.070197045803070082 1.0000000180025095e-35 1.0000000180025095e-35 1.0000000180025095e-35 0.43303571641445165 0.069047622382640853 0.88722458481788646 0.98129165172576915 0.89444443583488475 1.0000000180025095e-35 0.48584780097007757 1.0000000180025095e-35 0.66563147306442272 0.15476191043853763 0.035504203289747245 0.70210084319114696 0.35504202544689184 0.78888890147209179 0.55942294001579296 0.75000000000000011 1.0000000180025095e-35 0.41428571939468389 0.34848485887050634
decision_type=2 2 2 2 2 2 2 2 2 2 2 2 2 2 2 2 2 2 2 2 2 2 2 2 2 2 2 2 2 2
left_child=1 3 6 12 5 -3 10 8 9 -5 -2 13 -1 -12 16 -13 -7 -16 19 -8 -21 -10 23 -20 29 27 -26 -6 -14 -9
right_child=2 4 -4 7 25 14 18 24 21 -11 11 15 28 -15 17 -17 -18 -19 22 20 -22 -23 -24 -25 26 -27 -28 -29 -30 -31
leaf_value=0.054369600997544343 0.039906075566146497 -0.050987903858442291 0.051057820896507483 0.026629888741335501 0.053519925485288694 0.0077521145570682362 0.047033628531912945 0.033140247321226494 -0.05758956879156063 0.0018239230825091504 -0.033824276567639373 0.017664699761951567 -0.04974909533781538 0.017800620922581698 -0.029441161611768032 0.050992623395916863 0.064017147685500028 0.052386217921119263 -0.049592629196494674 0.022859462354279256 -0.12263158149796927 -0.013134662303956796 0.051086624756465006 0.04699775677863674 0.010445165788538907 0.029028170946317541 0.058380639757465158 -0.051694679483995976 -0.0084864088964175331 0.066531925887624174
leaf_weight=10.998262125998734 232.24401761963964 139.38013986498117 2818.8077573478222 268.87211108207703 1.3343805074691761 34.780525755137205 42.07747795060277 13.27701699733734 59.123321376740932 474.3303084038198 72.780136190354824 182.2333603054285 90.980584397912025 61.682924143970013 52.599141959100962 59.035112749785185 19.259975034743547 6.0901380553841582 5.1787134744226924 46.842169851064682 3.2654912732541552 14.56830136105418 316.80011010915041 9.5751603692769987 21.086712960153818 2.5501904115080825 10.950845167040823 2765.9134804718196 7.3135593831539145 32.87209427729249
leaf_count=227 3992 3647 69210 2300 19 382 820 153 766 3325 724 2573 1917 624 597 1046 249 57 61 898 69 149 6754 201 149 25 126 79756 62 445
internal_value=0.00397835 -0.0361987 0.0459893 0.00390817 -0.0495287 -0.0271058 0.0321411 0.0088434 0.00542168 0.0107981 0.0232471 0.01295 -0.0365103 -0.0101421 0.00242217 0.0258196 0.0278049 -0.02095 0.0449022 0.0287399 0.0133779 -0.0488012 0.049396 0.0130939 0.0445935 -0.0515697 0.0268301 -0.0516439 -0.046679 0.0569252
internal_weight=7876.8 4026.28 3850.52 1004.37 3021.91 252.11 1031.71 895.081 816.894 743.202 607.976 375.732 109.292 134.463 112.73 241.268 54.0405 58.6893 423.739 92.1851 50.1077 73.6916 331.554 14.7539 78.1867 2769.8 32.0376 2767.25 98.2941 46.1491
internal_count=181323 94351 86972 9619 84732 4932 17762 7413 6540 5625 8959 4967 2206 1348 1285 3619 631 654 8803 1787 967 915 7016 262 873 79800 275 79775 1979 598
is_linear=0
shrinkage=0.05


Tree=54
num_leaves=31
num_cat=0
split_feature=11 17 12 1 23 13 22 11 11 16 22 2 2 22 0 2 2 19 19 6 22 2 11 23 15 1 11 0 13 0
split_gain=5013.09 832.404 109.896 74.8111 55.2625 46.1552 40.1309 41.3329 39.6478 86.821 37.7973 35.9873 32.2907 31.9562 23.6327 19.5317 19.4052 16.3081 12.5355 11.3063 10.4606 12.6243 9.30925 9.05896 8.47169 7.91569 11.6688 6.43046 5.79061 5.35056
threshold=0.21240601688623431 0.40310543775558477 0.41428571939468389 0.72090429067611705 0.05298245698213578 1.0000000180025095e-35 1.0000000180025095e-35 0.43303571641445165 0.070197045803070082 1.0000000180025095e-35 1.0000000180025095e-35 0.069047622382640853 0.44949495792388922 1.0000000180025095e-35 0.91010102629661571 0.89444443583488475 1.0000000180025095e-35 1.0000000180025095e-35 1.0000000180025095e-35 1.0000000180025095e-35 1.0000000180025095e-35 0.087121214717626586 0.15504807978868487 0.035504203289747245 0.55942294001579296 0.70210084319114696 0.35504202544689184 0.9569842815399171 0.75000000000000011 0.54616478085517894
decision_type=2 2 2 2 2 2 2 2 2 2 2 2 2 2 2 2 2 2 2 2 2 2 2 2 2 2 2 2 2 2
left_child=1 3 5 11 16 6 7 12 9 10 -5 -1 -2 24 -15 -9 19 -16 25 -3 21 -20 -13 -11 -6 26 -7 29 -29 -10
right_child=2 4 -4 8 13 18 -8 15 27 23 -12 22 -14 14 17 -17 -18 -19 20 -21 -22 -23 -24 -25 -26 -27 -28 28 -30 -31
leaf_value=0.054228794024327946 -0.035963146516012727 0.059815045900887466 0.050926540322719094 0.0020720618991745712 -0.046562410936905586 -0.047384004046298618 0.039326383178725784 0.017045030632391402 0.028539323355444068 -0.057017454288650384 0.025755018661637125 -0.045030949736518951 0.013249857002518614 0.038901599986304491 0.0066856686937359147 0.05077996679419975 -0.051416345700559356 -0.041749733872183836 0.052045606082521283 -0.050162009038918924 0.043875656090775289 -0.0081744476915943925 0.061560522173315341 -0.012570414203376797 0.063482741346931049 0.050888453784124432 0.046666182489289096 0.0076165496615872817 0.058754548404032873 0.065066455466690543
leaf_weight=10.488351933658121 62.382440224289894 6.2196698784828168 2688.0713206380606 468.42851092293859 87.012514885514975 5.1498604528605929 224.0919379144907 179.48680721223354 14.156291354447601 55.271840460598469 263.09670155867934 102.82400489971042 71.575432471930981 25.183386828750372 34.615576732903719 56.385198254138231 2691.0490861609578 34.900365423411131 12.372050937265156 3.7436078414320946 48.237267624586821 29.345502246171236 2.0900117792189112 14.463847901672123 1.7847875133156765 302.49369793757796 9.1712694689631444 17.794607561081648 8.0355443395674246 34.358027052134275
leaf_count=227 680 93 69210 3249 2079 61 3992 2573 187 729 2291 2097 668 311 372 1046 81343 439 282 84 1025 480 22 149 11 6754 201 118 90 460
internal_value=0.00393907 -0.0357723 0.0456609 0.00376162 -0.0493546 0.0315163 0.0226296 0.0125125 0.00874894 0.00550807 0.0105898 -0.0340793 -0.009668 -0.0228025 -0.00259747 0.0251094 -0.0511585 -0.0176312 0.0444917 0.0184922 0.0280193 0.00968483 -0.0429075 -0.0477987 -0.0443506 0.0491688 0.0128459 0.0436781 0.0235252 0.054408
internal_weight=7564.28 3875.52 3688.76 991.008 2884.51 1000.69 593.922 369.83 875.605 801.261 731.525 115.402 133.958 183.497 94.6993 235.872 2701.01 69.5159 406.77 9.96328 89.9548 41.7176 104.914 69.7357 88.7973 316.815 14.3211 74.3445 25.8302 48.5143
internal_count=181323 94351 86972 9619 84732 17762 8959 4967 7273 6418 5540 2346 1348 3212 1122 3619 81520 811 8803 177 1787 762 2119 878 2090 7016 262 855 208 647
is_linear=0
shrinkage=0.05


Tree=55
num_leaves=31
num_cat=0
split_feature=11 17 12 3 2 22 11 24 13 22 22 0 11 2 0 24 2 2 0 18 0 2 18 0 22 2 22 23 24 7
split_gain=4724.49 804.762 111.59 69.965 64.8515 55.813 66.8313 52.3875 45.5109 42.0984 38.5731 38.4407 38.2333 29.1316 28.7057 26.4404 24.3517 19.2373 17.4202 16.6097 15.2207 22.1536 12.6658 12.481 10.175 11.9964 6.97649 5.48673 6.67268 5.30034
threshold=0.21240601688623431 0.40310543775558477 0.41428571939468389 0.61250001192092907 0.89444443583488475 1.0000000180025095e-35 0.056349206715822227 2.5000000000000004 1.0000000180025095e-35 1.0000000180025095e-35 1.0000000180025095e-35 0.75219297409057628 0.43303571641445165 0.44949495792388922 0.84698995947837841 4.5000000000000009 0.89444443583488475 0.89444443583488475 0.61602565646171581 1.0000000180025095e-35 0.52985739707946788 0.095454547554254546 1.0000000180025095e-35 0.84045451879501354 1.0000000180025095e-35 0.087121214717626586 1.0000000180025095e-35 0.11538461968302728 4.5000000000000009 1.0000000180025095e-35
decision_type=2 2 2 2 2 2 2 2 2 2 2 2 2 2 2 2 2 2 2 2 2 2 2 2 2 2 2 2 2 2
left_child=1 3 8 7 9 27 -7 20 10 11 12 -5 13 -2 -6 -16 18 -14 -8 -18 21 -1 24 26 25 -10 -9 29 -29 -3
right_child=2 5 -4 4 14 6 16 23 22 -11 -12 -13 17 -15 15 -17 19 -19 -20 -21 -22 -23 -24 -25 -26 -27 -28 28 -30 -31
leaf_value=0.053957307412030191 -0.034126981062045876 0.053144721762824289 0.050797880343079353 -0.0060584442992329523 0.054353958523574719 -0.050655972800107078 -0.0035904298788079882 -0.051383414925162851 0.051942367471454469 0.050238584972943312 0.038740460682576583 0.03925232985030775 0.016438728412048752 0.012687600046390328 -0.0081688826838958849 0.036160008426247232 -0.040158176502376734 0.050570568596137469 0.062776466317118806 0.008746347488225786 0.032904800742992062 -0.024547225945082362 0.048940106194326635 0.070137381805921481 0.043441681331526164 -0.0077201369258803653 -0.0064714961392778221 -0.036839379973355332 0.047913667631480333 -0.051600306038172276
leaf_weight=11.101180262863634 62.45020005479455 1.2083326131105412 2563.2862605731934 110.92636305838823 21.822842605412006 126.87918439134955 17.623443849384785 101.29065259918571 11.791459411382673 126.24140781909227 216.30573989078403 80.981684446334839 176.86939457803965 71.024365618824959 397.26907691732049 36.750037897378206 34.116610370576382 53.851771973073483 22.525388550013304 35.353864997625351 32.997644484043121 47.177706528455019 302.7466759942472 2.2996369190514079 46.33160287886858 29.514326095581055 9.4537934996187669 14.50633140653372 2.7650184258818618 2498.7771906070411
leaf_count=248 680 19 69210 978 251 3647 222 2022 282 1837 3992 786 2573 668 2199 182 410 1046 274 379 281 744 7016 18 1025 480 73 218 30 79533
internal_value=0.00389913 -0.0353348 0.0453299 0.0036193 0.0104893 -0.0491738 -0.0259505 -0.0224053 0.0308938 0.0278136 0.0220163 0.0130619 0.0120834 -0.00921605 -0.00160188 -0.00441539 0.00264502 0.0244053 0.0336445 -0.0152704 0.00577026 -0.00959339 0.0440945 -0.0451554 0.0273553 0.00931157 -0.0475495 -0.0513557 -0.023271 -0.0515497
internal_weight=7266.24 3732.07 3534.17 978.312 773.991 2753.76 236.498 204.321 970.886 318.149 580.501 191.908 364.196 133.475 455.842 434.019 109.619 230.721 40.1488 69.4705 91.2765 58.2789 390.384 113.044 87.6374 41.3058 110.744 2517.26 17.2713 2499.99
internal_count=181323 94351 86972 9619 6233 84732 4932 3386 17762 3601 8959 1764 4967 1348 2632 2381 1285 3619 496 789 1273 992 8803 2113 1787 762 2095 79800 248 79552
is_linear=0
shrinkage=0.05


Tree=56
num_leaves=31
num_cat=0
split_feature=11 17 12 2 13 11 26 21 18 2 24 2 0 24 21 15 2 0 18 21 11 2 18 21 2 24 18 0 11 7
split_gain=4453.08 736.808 168.34 75.2797 64.7649 56.2505 43.4854 37.5568 34.2372 31.4209 31.0444 27.893 27.7559 35.9293 19.8707 37.4878 19.5451 19.1721 17.3943 17.265 16.8225 22.8922 15.4103 13.3464 13.9836 13.2745 7.9623 5.88395 9.42656 5.34437
threshold=0.15075758099555972 0.40310543775558477 0.41428571939468389 0.20714285969734195 1.0000000180025095e-35 0.34057971835136419 1.0000000180025095e-35 1.0000000180025095e-35 1.0000000180025095e-35 0.58571431040763866 3.5000000000000004 0.069047622382640853 0.83469945192337047 4.5000000000000009 1.0000000180025095e-35 0.38206814229488378 0.069047622382640853 0.75219297409057628 1.0000000180025095e-35 1.0000000180025095e-35 0.050641026347875602 0.89444443583488475 1.0000000180025095e-35 1.0000000180025095e-35 0.087121214717626586 6.5000000000000009 1.0000000180025095e-35 0.36451049149036413 0.35504202544689184 0.8989795744419099
decision_type=2 2 2 2 2 2 2 2 2 2 2 2 2 2 2 2 2 2 2 2 2 2 2 2 2 2 2 2 2 2
left_child=1 3 4 16 5 7 9 26 17 19 -10 -9 13 -7 15 20 29 -8 23 -5 -3 -22 -17 -6 -25 -14 -2 28 -20 -1
right_child=2 14 -4 6 18 12 8 11 10 -11 -12 -13 25 -15 -16 22 -18 -19 27 -21 21 -23 -24 24 -26 -27 -28 -29 -30 -31
leaf_value=0.057619812428874241 0.0017017405337872039 -0.051800672896392425 0.050628590998027925 0.038849278682642124 0.041250385659896943 0.02370743079210668 -0.041814671304178527 0.055853600588434929 -0.0028206864866146325 0.046360748959828259 0.030212040296586896 -0.028091182154012257 0.04625053229763134 -0.037045883777983506 -0.051496855622675343 -0.043443176658646485 -0.044852528293144261 -0.0071110844874250042 -0.029206583639897761 -0.00014113319738919599 0.03159410331249933 -0.037611673080318278 0.082234819861295341 0.051834131074582346 -0.011548043213365696 -0.073121202369188884 0.033958182318201045 0.050146828589360128 0.04751615452374542 -0.059389671111829939
leaf_weight=6.2679602280259124 30.269852980971336 116.31630096957088 2477.2529131099582 38.238352429121733 53.517507586628199 244.5739276856184 47.63194739818573 10.79433376342058 164.15004144981503 98.134154867380857 125.5117524638772 118.86931126378477 148.95141423121095 27.025105692446232 2350.8034876659513 3.3190379850566361 94.519783549010754 241.9784735403955 6.2107940055429962 110.25644050911069 16.17145786806941 45.767601773142815 9.2003644667565823 11.657551597803829 34.325297093018889 2.3659107014536849 51.991186991333961 282.23788087069988 11.26527790725231 1.1558300480246542
leaf_count=116 468 3532 69789 478 1176 3729 471 124 907 1621 731 1687 3022 269 78662 23 2112 1549 88 971 166 675 54 294 570 35 918 6809 267 10
internal_value=0.00385966 -0.0363153 0.0435554 0.00182047 0.0266104 0.0166875 0.00682412 -0.00433758 -0.000662026 0.0244073 0.0114925 -0.0211029 0.0272232 0.0176623 -0.0502374 -0.0347181 -0.0387169 -0.0128188 0.04239 0.00989915 -0.040592 -0.019543 0.0489161 0.0242762 0.00452058 0.0443841 0.0220887 0.0484036 0.0202498 0.0394023
internal_weight=6980.73 3469.42 3511.31 927.845 1034.06 634.841 825.901 211.925 579.272 246.629 289.662 129.664 422.916 271.599 2541.58 190.775 101.944 289.61 399.214 148.495 178.255 61.9391 12.5194 99.5004 45.9828 151.317 82.261 299.714 17.4761 7.42379
internal_count=181323 92078 89245 8966 19456 10252 6728 3197 3658 3070 1638 1811 7055 3998 83112 4450 2238 2020 9204 1449 4373 841 77 2040 864 3057 1386 7164 355 126
is_linear=0
shrinkage=0.05


Tree=57
num_leaves=31
num_cat=0
split_feature=11 17 12 1 23 13 11 16 21 1 2 21 2 21 18 17 2 15 11 18 17 12 6 11 1 11 15 12 5 2
split_gain=4196.76 754.805 114.741 66.908 50.4932 43.6623 38.0316 84.8147 36.5393 36.8474 67.6957 33.6506 33.546 26.6723 20.7216 17.6238 15.6877 14.7217 12.7401 12.719 10.0795 22.7125 9.51474 8.64537 8.40025 10.7699 8.23509 7.96095 6.49749 5.27166
threshold=0.21240601688623431 0.41724236309528356 0.41428571939468389 0.70487993955612194 0.05298245698213578 1.0000000180025095e-35 0.070197045803070082 1.0000000180025095e-35 1.0000000180025095e-35 0.92000496387481701 0.080128207802772536 1.0000000180025095e-35 0.069047622382640853 1.0000000180025095e-35 1.0000000180025095e-35 0.55022937059402477 1.0000000180025095e-35 0.38206814229488378 0.2788888961076737 1.0000000180025095e-35 0.66563147306442272 0.15476191043853763 1.0000000180025095e-35 0.053342817351222045 0.70210084319114696 0.35504202544689184 0.55942294001579296 0.18333333730697635 1.0000000180025095e-35 0.41428571939468389
decision_type=2 2 2 2 2 2 2 2 2 2 2 2 2 2 2 2 2 2 2 2 2 2 2 2 2 2 2 2 2 2
left_child=1 3 5 12 16 8 7 11 -2 10 -10 -5 -1 14 15 -6 22 -16 -11 20 -7 -22 -3 -9 25 -21 -15 28 -8 -14
right_child=2 4 -4 6 13 19 27 23 9 18 -12 -13 29 26 17 -17 -18 -19 -20 24 21 -23 -24 -25 -26 -27 -28 -29 -30 -31
leaf_value=0.053773704033787888 0.037729616336481815 0.059869629055364748 0.050547078483850753 0.02414184981632244 0.017467963019726286 0.045857934729125027 0.063159506584082065 -0.054170112934849017 0.053390371976321051 -0.012550778103821695 -0.021012595930585628 0.0014983249627895448 -0.048799471755305988 -0.046064118513154423 -0.0031130831281895896 -0.053712121352360358 -0.051134520367486259 0.053732234420816719 0.032170921212539859 -0.047023509146584958 0.020573047541217644 -0.11290650731692747 -0.049639518394461526 -0.0028974233006411306 0.050313374898675656 0.045608573065815616 0.062994648646560583 0.056666519534248651 0.012138339420364779 -0.0047942937638099994
leaf_weight=9.4661441892385465 203.68820659816265 5.1242001168429834 2330.6750548835844 253.41408362612128 12.955705005675552 36.408729746937752 8.1378935407847148 62.556146753951907 39.109749019145966 17.745235271751881 140.03955617919564 465.41080033406615 82.628272298723459 76.26658596470952 29.883459538221359 26.449133355170488 2322.8121212497354 18.404063280671835 155.23971026018262 5.1502939946949473 43.6236800737679 3.43813133239746 3.2362230233848095 9.4655246250331384 263.93797495402396 8.0302601568400842 1.7711593434214581 40.263599883764982 26.756289122626185 7.4166959729045621
leaf_count=234 3992 82 69210 2300 154 820 71 964 638 86 1582 3325 2051 2073 336 377 81056 234 2661 61 898 69 83 91 6754 201 11 579 263 67
internal_value=0.00381912 -0.0344756 0.0446534 0.00306648 -0.0489926 0.0296642 0.00752823 0.00429808 0.0208737 0.0111235 -0.00476982 0.00948106 -0.0357623 -0.0223257 -0.00340358 -0.0303092 -0.0508884 0.0185527 0.0275833 0.0432143 0.026104 0.0108216 0.0174799 -0.0474315 0.048368 0.00941264 -0.0435889 0.0415175 0.0240373 -0.0451749
internal_weight=6709.5 3462.42 3247.09 965.515 2496.9 916.412 866.004 790.847 555.822 352.134 179.149 718.825 99.5111 165.73 87.6924 39.4048 2331.17 48.2875 172.985 360.589 83.4705 47.0618 8.36042 72.0217 277.119 13.1806 78.0377 75.1578 34.8942 90.045
internal_count=181323 94351 86972 9945 84406 17762 7593 6680 8959 4967 2220 5625 2352 3185 1101 531 81221 570 2747 8803 1787 967 165 1055 7016 262 2084 913 334 2118
is_linear=0
shrinkage=0.05


Tree=58
num_leaves=31
num_cat=0
split_feature=11 17 12 1 21 11 13 11 17 21 1 3 3 21 0 18 7 18 11 17 12 23 1 11 12 15 0 14 15 21
split_gain=3952.71 730.073 116.389 62.4683 50.9636 56.0026 42.8561 35.3133 78.7587 35.0051 34.2674 62.9214 31.5883 31.1101 23.6493 13.3648 12.992 12.9052 11.9675 9.80481 19.1138 8.5194 8.16175 10.0015 7.95025 6.24938 6.05942 4.72112 9.03141 4.43576
threshold=0.21240601688623431 0.41724236309528356 0.41428571939468389 0.70487993955612194 1.0000000180025095e-35 0.050641026347875602 1.0000000180025095e-35 0.070197045803070082 1.0000000180025095e-35 1.0000000180025095e-35 0.92000496387481701 0.15476191043853763 1.0000000180025095e-35 1.0000000180025095e-35 0.96490147709846508 1.0000000180025095e-35 0.96922349929809581 1.0000000180025095e-35 0.2788888961076737 0.66563147306442272 0.15476191043853763 0.035504203289747245 0.70210084319114696 0.35504202544689184 0.18333333730697635 0.55942294001579296 0.9740215837955476 1.0000000180025095e-35 0.74657276272773754 1.0000000180025095e-35
decision_type=2 2 2 2 2 2 2 2 2 2 2 2 2 2 2 2 2 2 2 2 2 2 2 2 2 2 2 2 2 2
left_child=1 3 6 12 5 -3 9 8 13 27 11 -11 -1 -5 16 -16 -7 19 -12 -8 -21 -10 23 -19 26 -6 -9 28 -2 -14
right_child=2 4 -4 7 25 14 17 24 21 10 18 -13 29 -15 15 -17 -18 22 -20 20 -22 -23 -24 -25 -26 -27 -28 -29 -30 -31
leaf_value=0.053647208080140077 0.039476595823944527 -0.051226613292202829 0.050424125313928904 0.02330967352012403 -0.05118869292549965 0.013557265214507825 0.045414834590436798 0.034508590571011667 -0.055551850939373898 0.053221965992190305 -0.011896606655773127 -0.019772751516342862 -0.0058823819172378914 0.00142404136018838 -0.047764487416037595 0.0031168903359145073 0.084097790104756528 -0.044891412642784866 0.031469822109233374 0.019885641800681031 -0.097501353298797847 -0.012353803227942462 0.050112901533007195 0.04525693579151812 0.055909652541170564 0.028371596850833444 -0.014866986570504151 0.03848006448506866 -0.09004173521853702 -0.047946851345258293
leaf_weight=9.0251729488372785 3.7386973500251761 104.92685678601265 2222.276881987229 249.44113167375326 2170.1419714763761 46.398279003798962 34.962504364550114 26.590227259323001 55.27816423587501 37.3170873709023 17.783939175307751 141.34506733901799 6.8010573945939532 465.20937386900187 27.412193091586232 24.387660168111324 7.5960177890956393 5.1258104704320413 150.87530314922333 42.894006349146366 3.772757861763238 14.383343946188687 252.04481925442815 7.6964850574731827 38.805388698354363 2.4710321612656108 8.1084494814276677 190.98472953215241 2.1030967831611633 79.849724033847451
leaf_count=234 68 3497 69210 2300 79519 587 820 286 891 638 86 1582 54 3325 412 268 98 61 2661 898 69 164 6754 201 579 25 48 3883 41 2064
internal_value=0.00377795 -0.0340283 0.0443035 0.00294773 -0.0488212 -0.025344 0.0290317 0.00722184 0.00411619 0.0202796 0.0107329 -0.00452638 -0.0353733 0.00906299 0.000326354 -0.0238093 0.023481 0.0427764 0.0268971 0.0253946 0.0103955 -0.0466325 0.0481332 0.00921945 0.0403602 -0.0510982 0.0229704 0.0371257 -0.00715113 -0.0446453
internal_weight=6449.75 3336.83 3112.92 953.492 2383.33 210.721 890.644 857.816 784.312 544.148 347.321 178.662 95.676 714.651 105.794 51.7999 53.9943 346.496 168.659 81.6293 46.6668 69.6615 264.867 12.8223 73.5041 2172.61 34.6987 196.827 5.84179 86.6508
internal_count=181323 94351 86972 9945 84406 4862 17762 7593 6680 8959 4967 2220 2352 5625 1365 680 685 8803 2747 1787 967 1055 7016 262 913 79544 334 3992 109 2118
is_linear=0
shrinkage=0.05


Tree=59
num_leaves=31
num_cat=0
split_feature=11 17 12 2 21 11 26 27 21 1 2 2 24 2 18 0 0 2 18 7 18 11 21 2 21 1 11 2 15 0
split_gain=3721.85 706.195 117.991 58.9786 51.0774 54.1084 51.0618 42.0132 33.5093 31.8493 58.5461 29.5145 23.8573 23.5919 22.4654 21.6071 15.9135 15.5479 13.0793 12.6135 12.5792 11.2365 9.7317 10.8831 9.68938 7.93529 9.28824 7.66858 6.08001 5.9848
threshold=0.21240601688623431 0.41724236309528356 0.41428571939468389 0.31666667759418493 1.0000000180025095e-35 0.050641026347875602 1.0000000180025095e-35 0.60000000149011623 1.0000000180025095e-35 0.92000496387481701 0.080128207802772536 0.069047622382640853 4.5000000000000009 0.58571431040763866 1.0000000180025095e-35 0.96490147709846508 0.62192192673683178 0.44949495792388922 1.0000000180025095e-35 0.96922349929809581 1.0000000180025095e-35 0.2788888961076737 1.0000000180025095e-35 0.087121214717626586 1.0000000180025095e-35 0.70210084319114696 0.35504202544689184 0.19090909510850909 0.64306598901748668 0.89528506994247448
decision_type=2 2 2 2 2 2 2 2 2 2 2 2 2 2 2 2 2 2 2 2 2 2 2 2 2 2 2 2 2 2
left_child=1 3 7 11 5 -3 13 18 -9 10 -10 29 14 24 -8 19 27 -14 22 -7 -17 -11 -2 -24 -5 26 -20 -13 -6 -1
right_child=2 4 -4 6 28 15 12 8 9 21 -12 16 17 -15 -16 20 -18 -19 25 -21 -22 -23 23 -25 -26 -27 -28 -29 -30 -31
leaf_value=0.054163330081634126 0.041915006908883987 -0.051117693362698773 0.050302400568196327 0.036446688351744326 -0.051052450007508202 0.012888175922078724 -0.012857589592932803 0.036517520424421288 0.05306220022260099 -0.011278217238677161 -0.018615495903051137 -0.052058696546794569 -0.074772826610391183 0.046757870250846156 0.0078850550679466155 -0.046732418847882276 0.018868241853934382 0.037557974830033196 -0.042829357351144362 0.083807579855796843 0.0029589044643287101 0.030767597747052379 0.051659933415963727 -0.0084516451340904217 0.0046682318637786954 0.049910360124195308 0.044899108845040572 -0.026588574841984576 0.097298492488973598 -0.072196746490209518
leaf_weight=12.253783483058212 40.457987125962973 100.01683757081628 2118.8823445811868 33.506102416664362 2069.7310275360942 46.367513302713633 272.89074786379933 190.28821341693401 35.601290959864855 17.820130616426468 142.59232353232801 60.00889690592885 3.2676789518445721 99.47250447794795 250.22936621680856 26.636619824916124 12.949681302532552 53.760040380060673 5.1045335009694082 7.2499786000698796 24.404855992645025 146.70981551334262 10.136321168392895 29.279840420931578 84.427728531882167 240.70106432586908 7.3780093491077423 58.227520205080509 0.6908898800611486 1.0146577060222615
leaf_count=299 1025 3497 69210 510 79539 587 2069 3992 638 86 1582 1617 29 1800 1414 412 114 337 61 98 268 2661 282 480 617 6754 201 1130 5 9
internal_value=0.00373585 -0.0335735 0.0439469 0.00283245 -0.0486474 -0.0248198 0.00815691 0.0283979 0.0196927 0.0103512 -0.00429501 -0.0265646 0.000412205 0.0288236 -0.00293555 0.00031162 -0.0337523 0.0311214 0.0423293 0.0224777 -0.0229731 0.0262136 0.0246885 0.00700674 0.0136968 0.0478946 0.00902398 -0.0395155 -0.0510029 0.0445004
internal_weight=6202.06 3217.11 2984.95 942.009 2275.1 204.676 797.554 866.07 533.012 342.724 178.194 144.455 580.148 217.406 523.12 104.659 131.186 57.0277 333.058 53.6175 51.0415 164.53 79.8741 39.4162 117.934 253.184 12.4825 118.236 2070.42 13.2684
internal_count=181323 94351 86972 9945 84406 4862 6776 17762 8959 4967 2220 3169 3849 2927 3483 1365 2861 366 8803 685 680 2747 1787 762 1127 7016 262 2747 79544 308
is_linear=0
shrinkage=0.05


Tree=60
num_leaves=31
num_cat=0
split_feature=11 17 13 11 1 21 2 1 21 17 0 7 24 7 21 15 24 19 11 2 24 19 11 21 17 19 2 2 25 2
split_gain=3505.41 654.805 155.968 64.6821 63.1304 35.915 34.5176 72.2366 50.4373 24.8807 23.9985 22.3161 35.7373 44.5963 21.3318 32.8019 20.7549 17.0631 16.4835 19.8727 15.0262 12.3979 12.0343 25.1801 25.2136 16.6228 11.0446 9.26391 7.90584 4.56797
threshold=0.15075758099555972 0.40310543775558477 1.0000000180025095e-35 0.34057971835136419 0.72090429067611705 1.0000000180025095e-35 0.89444443583488475 0.90695977210998546 1.0000000180025095e-35 0.58030202984809887 0.84698995947837841 0.96329966187477123 3.5000000000000004 0.83827373385429393 1.0000000180025095e-35 0.38206814229488378 4.5000000000000009 1.0000000180025095e-35 0.050641026347875602 0.89444443583488475 1.5000000000000002 1.0000000180025095e-35 0.32575757801532751 1.0000000180025095e-35 0.66789215803146373 1.0000000180025095e-35 0.11805555596947671 0.58571431040763866 1.0000000180025095e-35 0.44949495792388922
decision_type=2 2 2 2 2 2 2 2 2 2 2 2 2 2 2 2 2 2 2 2 2 2 2 2 2 2 2 2 2 2
left_child=1 4 3 5 20 29 7 8 -6 28 -8 12 26 -14 15 18 -12 -11 -3 -20 -1 -17 23 -4 -25 -26 -5 -9 -7 -2
right_child=2 14 22 11 6 9 10 27 -10 17 16 -13 13 -15 -16 21 -18 -19 19 -21 -22 -23 -24 24 25 -27 -28 -29 -30 -31
leaf_value=0.056013217533591536 0.0013794796088028598 -0.051468261431176582 0.048251350432270294 0.051742496288105767 0.04342103931759686 0.044146464631768134 0.052477639141334402 0.02816598292898247 -0.017151361908496986 -0.012469778663207892 -0.0093578363362395757 0.047077042346707731 -0.040291033857150792 0.024608682236170167 -0.05117996664479333 0.077064771226087875 0.031647439907851099 -0.054605947136160599 0.029478972193128741 -0.035736874002434589 -0.04307809254167283 -0.039372372182806641 0.049949015881999688 0.041527761764913379 -0.0020846703270709461 -0.092493924985633247 0.02907018383587448 0.051717989956448995 -0.022186535323473245 0.029464797663307687
leaf_weight=4.0074343197047702 18.122969664633274 96.002706067636609 111.21956514753401 73.723456649109721 44.468222158029675 18.415169993415478 18.2864641956985 75.283227350562811 151.29361119121313 64.154605170711875 382.25517294183373 168.08769818022847 40.455742692574859 76.568029902875423 1938.0989320967346 8.9041333068162185 33.568895652890205 38.412018841132522 16.105853866785765 42.520927684381604 84.389067366719246 3.0758757553994647 2044.302179954946 22.177283590659499 14.528456412255766 7.8210935778915873 197.92482430115342 93.740726124495268 5.941045179963111 71.982076589018106
leaf_count=95 374 3532 3146 2007 535 232 224 772 1479 891 2109 4120 604 1698 78662 54 166 725 166 675 2094 23 69129 418 188 114 4151 1492 56 1392
internal_value=0.00369366 -0.0345167 0.0421375 0.0228296 0.00150857 -0.000324508 0.00594494 0.0172827 -0.00339206 -0.0174623 -0.00358222 0.0318551 0.0252722 0.0021725 -0.0497041 -0.0325359 -0.00604754 -0.0282501 -0.0387111 -0.0178209 -0.0385858 0.0471695 0.0489283 0.0355307 0.00375689 -0.0337229 0.0352233 0.0412279 0.0279663 0.023816
internal_weight=5965.84 2992 2973.84 773.788 887.293 217.028 798.896 364.786 195.762 126.923 434.111 556.76 388.672 117.024 2104.71 166.609 415.824 102.567 154.629 58.6268 88.3965 11.98 2200.05 155.746 44.5268 22.3495 271.648 169.024 24.3562 90.105
internal_count=181323 92078 89245 16250 8966 3670 6777 4278 2014 1904 2499 12580 8460 2302 83112 4450 2275 1616 4373 841 2189 77 72995 3866 720 302 6158 2264 288 1766
is_linear=0
shrinkage=0.05


Tree=61
num_leaves=31
num_cat=0
split_feature=11 17 12 2 21 11 13 26 2 21 2 2 2 0 2 2 13 24 18 1 1 1 17 12 1 11 0 1 1 0
split_gain=3300.08 662.065 121.519 53.3044 50.1571 49.7468 40.3943 38.5808 32.2775 31.645 30.191 29.6981 90.9615 27.1832 72.9285 29.2148 20.2993 15.316 13.5294 11.6346 10.0534 9.92265 9.66317 17.384 7.97911 8.56576 7.63034 6.13921 5.94196 5.72314
threshold=0.21240601688623431 0.41724236309528356 0.41428571939468389 0.20714285969734195 1.0000000180025095e-35 0.050641026347875602 1.0000000180025095e-35 1.0000000180025095e-35 0.069047622382640853 1.0000000180025095e-35 0.41428571939468389 0.44949495792388922 0.080128207802772536 0.74239632487297069 0.89444443583488475 0.63068181276321422 1.0000000180025095e-35 4.5000000000000009 1.0000000180025095e-35 0.70741942524909984 0.99298030138015758 0.96536955237388622 0.66563147306442272 0.15476191043853763 0.70210084319114696 0.35504202544689184 0.66369047760963451 0.98676329851150524 0.88275891542434703 0.89528506994247448
decision_type=2 2 2 2 2 2 2 2 2 2 2 2 2 2 2 2 2 2 2 2 2 2 2 2 2 2 2 2 2 2
left_child=1 3 6 8 5 -3 9 10 29 -2 19 12 -11 15 -15 -9 20 -13 22 -5 -7 -18 -8 -24 25 -20 28 -12 -10 -1
right_child=2 4 -4 7 -6 16 18 13 26 11 27 17 -14 14 -16 -17 21 -19 24 -21 -22 -23 23 -25 -26 -27 -28 -29 -30 -31
leaf_value=0.053888660744374241 0.035388213494836514 -0.050928876130630532 0.050074807909003385 -0.037556312634532192 -0.050825328035465259 0.0016412611212872888 0.044198854865132378 -0.045491592656454791 -0.047783301456209654 0.052844448628337128 0.039806366007296347 0.024860829042724561 -0.046354393695381378 0.046248284990747165 -0.0045976381140337905 0.042227779429861882 0.065805454699120552 -0.011288654643108449 -0.042065532139343824 0.010014167071956098 -0.036578171503229777 0.0092609148694159909 0.017544840254850026 -0.093765783451976031 0.049539670783907974 0.044117156736944385 0.02752893377261395 -0.074935389748025494 0.061042305608557515 -0.071048174445767012
leaf_weight=11.271136015653607 178.99640711396933 90.823205968365073 1929.6213331595063 15.113540643826125 1880.2094979491085 39.309966968372464 31.106400916352868 54.791855126619339 81.141582529991865 34.855824455618858 137.47949756681919 193.33468319103122 68.571933872997761 84.322828212752938 430.89014867506921 11.480728682130573 13.408038360998036 34.534982167184353 5.032869338989256 85.946597909554839 30.60000279545784 18.414115184918046 39.710544735193253 3.8474925477057687 219.72538922354579 6.7499019298702478 3.6755625978112212 1.1757307052612294 1.2740110103040923 0.99777196720242578
leaf_count=299 3992 3497 69210 283 79544 483 820 616 2235 681 2373 3033 804 796 2481 95 203 449 61 697 470 209 898 69 6754 201 31 22 8 9
internal_value=0.00365236 -0.0326712 0.043233 0.00263899 -0.0483363 -0.0240318 0.0270633 0.00680525 -0.0321448 0.0184488 0.0236845 0.00929658 -0.0129237 -0.000153149 0.00372411 -0.0302955 -1.88791e-05 0.0193822 0.0414211 0.0029 -0.0150876 0.0330856 0.0229134 0.00771274 0.0473901 0.00730526 -0.0429575 0.0388334 -0.046101 0.0437281
internal_weight=5738.41 2992.33 2746.09 919.561 2072.76 192.555 816.466 821.201 98.3601 510.294 239.715 331.297 103.428 581.486 515.213 66.2726 101.732 227.87 306.173 101.06 69.91 31.8222 74.6644 43.558 231.508 11.7828 86.0912 138.655 82.4156 12.2689
internal_count=181323 94351 86972 9945 84406 4862 17762 7363 2582 8959 3375 4967 1485 3988 3277 711 1365 3482 8803 980 953 412 1787 967 7016 262 2274 2395 2243 308
is_linear=0
shrinkage=0.05


Tree=62
num_leaves=31
num_cat=0
split_feature=11 17 12 1 27 2 2 0 2 1 21 21 15 0 18 18 11 2 18 24 24 21 2 18 1 2 11 7 2 26
split_gain=3107.86 616.113 169.626 55.3934 54.0879 43.4508 114.66 67.121 29.5452 65.327 46.6486 21.7951 30.0021 21.4546 20.2656 17.8888 16.1326 17.5644 15.0332 18.5648 13.408 12.0251 12.3815 11.1032 9.48546 9.44804 8.42877 7.74701 4.75647 5.1313
threshold=0.15075758099555972 0.40310543775558477 0.41428571939468389 0.72090429067611705 0.60000000149011623 0.44949495792388922 0.069047622382640853 0.70087718963623058 0.89444443583488475 0.90851208567619335 1.0000000180025095e-35 1.0000000180025095e-35 0.38206814229488378 0.84698995947837841 1.0000000180025095e-35 1.0000000180025095e-35 0.050641026347875602 0.89444443583488475 1.0000000180025095e-35 5.5000000000000009 1.5000000000000002 1.0000000180025095e-35 0.087121214717626586 1.0000000180025095e-35 0.70210084319114696 0.58571431040763866 0.35504202544689184 0.74527630209922802 0.34848485887050634 1.0000000180025095e-35
decision_type=2 2 2 2 2 2 2 2 2 2 2 2 2 2 2 2 2 2 2 2 2 2 2 2 2 2 2 2 2 2
left_child=1 3 4 20 15 6 -6 -8 9 10 -5 12 16 -10 -15 21 -3 -18 19 -7 -1 -2 -23 -14 26 -11 -17 -20 -22 -30
right_child=2 11 -4 8 5 18 7 -9 13 25 -12 -13 23 14 -16 24 17 -19 27 -21 28 22 -24 -25 -26 -27 -28 -29 29 -31
leaf_value=0.055682611736710221 0.038416022226005278 -0.05132653039527986 0.04990822548786452 0.042566533983435101 0.052333927687009424 0.0098528026829501573 -0.058333694275584595 0.033182243732885662 0.051566452646123244 0.026888594268417949 -0.016336098411915644 -0.051039091267150317 -0.037899437285692644 -0.01730191590911109 0.004796070800757387 -0.038957530984927193 0.026742852096051501 -0.034646454396414943 0.01038796727628763 -0.14776782604826652 -0.048227598041692465 0.051473920124587652 -0.014017974958984231 0.073820160323381262 0.049421470010976007 0.051572918700005521 0.043737116291760268 0.032629403039085195 0.0061633185655595247 -0.050921497431522626
leaf_weight=3.6783630121499291 43.76803614385426 87.183316618204117 1867.594245813787 43.314701814204454 53.60410438477993 107.14588257484138 84.80253167077899 26.233813175931573 17.148490145802498 71.216147195547819 150.07357989065349 1758.962680876255 2.9832150042057011 194.23920286074281 222.71107865124941 5.8792763426899892 16.295654034242034 40.885023362934589 46.913534499704838 1.9012640267610539 62.578117314726114 9.3250332400202733 31.91895760782063 8.7384033352136612 217.69399284012616 85.071992537006736 6.4751001466065645 236.6314004175365 9.3772435039281863 6.7850657850503913
leaf_count=95 1176 3532 69789 553 1218 1852 1598 425 224 759 1501 78662 23 1216 1059 93 166 675 740 19 1931 294 570 54 6870 1465 201 4400 75 88
internal_value=0.00361036 -0.0336231 0.0414059 0.00136838 0.0232021 0.0138402 -0.00772006 -0.0367118 0.00546862 0.0162849 -0.00314321 -0.0494501 -0.0315438 -0.00324416 -0.00549843 0.0397602 -0.0377902 -0.0171514 0.0228818 0.00710465 -0.0376235 0.0201613 0.000789372 0.0453869 0.0470028 0.040325 0.00438388 0.0289495 -0.0419823 -0.0178013
internal_weight=5521.13 2781.24 2739.89 866.194 872.293 557.233 164.64 111.036 783.775 349.676 193.388 1915.05 156.086 434.099 416.95 315.06 144.364 57.1807 392.592 109.047 82.4188 85.012 41.244 11.7216 230.048 156.288 12.3544 283.545 78.7404 16.1623
internal_count=181323 92078 89245 8966 19456 10252 3241 2023 6777 4278 2054 83112 4450 2499 2275 9204 4373 841 7011 1871 2189 2040 864 77 7164 2224 294 5140 2094 163
is_linear=0
shrinkage=0.05


Tree=63
num_leaves=31
num_cat=0
split_feature=12 2 2 15 13 0 2 26 0 13 17 21 21 15 21 3 13 1 0 1 24 0 1 2 15 24 0 24 12 18
split_gain=2352.59 622.239 247.386 185.799 181.516 142.499 72.5076 48.6902 32.9344 32.8179 32.7198 24.1586 23.5626 21.3047 18.5664 18.0267 16.7213 15.8434 13.5739 13.4364 13.2424 14.5203 11.6831 12.6994 10.41 9.95905 9.47762 6.67356 5.03201 10.0827
threshold=0.30952382087707525 0.43650794029235845 1.0000000180025095e-35 0.44130896031856542 1.0000000180025095e-35 0.70521390438079845 0.89444443583488475 1.0000000180025095e-35 0.85599079728126537 0.75000000000000011 0.20848321169614795 1.0000000180025095e-35 1.0000000180025095e-35 0.32366947829723364 1.0000000180025095e-35 0.73214286565780651 1.0000000180025095e-35 0.98340412974357616 0.88303694128990184 0.96536955237388622 4.5000000000000009 0.91751700639724743 0.89772307872772228 0.095454547554254546 0.80972057580947887 4.5000000000000009 0.94804319739341747 1.5000000000000002 0.41428571939468389 1.0000000180025095e-35
decision_type=2 2 2 2 2 2 2 2 2 2 2 2 2 2 2 2 2 2 2 2 2 2 2 2 2 2 2 2 2 2
left_child=1 2 19 4 7 10 11 12 -8 13 15 -6 -3 14 26 -4 20 18 -7 -1 27 -22 23 -16 -12 -9 -2 -5 29 -11
right_child=9 3 5 16 6 17 8 25 -10 28 24 -13 -14 -15 22 -17 -18 -19 -20 -21 21 -23 -24 -25 -26 -27 -28 -29 -30 -31
leaf_value=0.052458041008133463 0.050145125750350683 0.041268235220403959 -0.028455380801088566 -0.035097448957195208 0.052599560291402427 0.002756967010680976 0.057533053567635578 -0.042982141603702402 -0.0067533745335578241 -0.00012929675494447937 -0.051330545282418365 0.018462957319582644 -0.017757201324130729 0.041790091668134584 0.051629458205441417 0.074669697641009697 0.045736556170967016 -0.10232833433257799 0.042443461243610245 -0.044475282581610515 -0.024923305854705577 0.04164656677530551 0.023388740566218664 -0.031302307080719578 -8.1713621774166071e-05 -0.0070120879293487856 0.011807013160068795 0.030217724663486097 0.050389198864201123 0.050639546827460385
leaf_weight=70.622476534917951 43.335249498486519 26.580001421272755 127.32472254708409 3.9882917385548344 82.525298127904534 56.225198939442635 20.893205650150776 346.23289405740798 428.96216411143541 14.945893321186302 1518.1779809072614 139.33739827945828 46.463496709242463 298.07117687352002 5.3870304226875296 4.3835808336734763 138.48021199926734 2.8219310697168103 34.931349121034145 3.7656321357935658 25.321404447779059 12.108505312353371 27.604872381314635 32.259788764640689 9.9739007260650379 20.375570647418499 25.669319722801447 201.36210126802325 1516.2809061035514 28.292093569412827
leaf_count=1907 1115 479 2169 70 1804 1105 348 12282 4198 362 68849 2073 1259 10269 174 30 4437 50 637 99 310 265 456 949 144 523 403 3826 59728 1003
internal_value=0.00356866 -0.0221998 -0.041756 0.00175338 -0.00857894 -0.0455439 0.00776886 -0.0335558 -0.00376764 0.0465304 -0.0489351 0.0311606 0.00372173 0.0343409 0.0178025 -0.0250231 0.031872 0.0143528 0.0179649 0.0475511 0.0239637 -0.00338808 -0.00131848 -0.0194353 -0.0509961 -0.040983 0.0358836 0.0289492 0.0499096 0.0330905
internal_weight=5312.7 3320.86 1828.23 1492.63 1111.37 1753.84 671.718 439.652 449.855 1991.85 1659.86 221.863 73.0435 432.327 134.256 131.708 381.261 93.9785 91.1565 74.3881 242.78 37.4299 65.2517 37.6468 1528.15 366.608 69.0046 205.35 1559.52 43.238
internal_count=181323 106864 74990 31874 22966 72984 8423 14543 4546 74459 71192 3877 1738 13366 3097 2199 8908 1792 1742 2006 4471 575 1579 1123 68993 12805 1518 3896 61093 1365
is_linear=0
shrinkage=0.05


Tree=64
num_leaves=31
num_cat=0
split_feature=11 17 12 2 23 21 0 24 2 26 2 2 0 2 2 11 2 15 21 2 21 0 2 18 6 0 1 0 13 14
split_gain=2760.74 604.476 122.747 47.8469 46.4619 38.0921 38.8021 57.9868 80.6373 33.303 28.308 26.5548 25.6726 62.0172 24.9877 19.875 25.4393 18.1828 13.3926 13.0088 12.1772 12.0472 10.6728 9.78668 7.19039 6.92846 6.43776 5.32731 5.07599 5.10719
threshold=0.21240601688623431 0.43111357092857366 0.41428571939468389 0.20714285969734195 0.050000002607703216 1.0000000180025095e-35 0.80810147523880016 2.5000000000000004 0.43650794029235845 1.0000000180025095e-35 0.069047622382640853 0.58571431040763866 0.74239632487297069 0.89444443583488475 0.78888890147209179 0.2788888961076737 0.89444443583488475 0.45027472078800207 1.0000000180025095e-35 1.0000000180025095e-35 1.0000000180025095e-35 0.96490147709846508 0.11805555596947671 1.0000000180025095e-35 1.0000000180025095e-35 0.66369047760963451 0.88275891542434703 0.89528506994247448 1.0000000180025095e-35 1.0000000180025095e-35
decision_type=2 2 2 2 2 2 2 2 2 2 2 2 2 2 2 2 2 2 2 2 2 2 2 2 2 2 2 2 2 2
left_child=1 3 5 10 19 28 7 22 -9 11 27 20 14 -14 -11 16 -8 18 21 24 -5 -6 -7 -19 -3 26 -12 -1 29 -2
right_child=2 4 -4 9 17 6 15 8 -10 12 25 -13 13 -15 -16 -17 -18 23 -20 -21 -22 -23 -24 -25 -26 -27 -28 -29 -30 -31
leaf_value=0.053464174929287456 -0.014872210381211455 0.059219848788477608 0.049720097809573101 0.033993784017047723 0.014117320381485941 0.052016639028497347 0.06261140352894691 -0.064795880825511312 0.0095294175703314696 -0.041990181294355777 -0.04710897019529689 0.044777666559556409 0.044491067897711317 -0.0038822415993907122 0.053328101551900702 0.040923006277587944 -0.055333656231545028 -0.043871249163968125 -0.045500396237798404 -0.050641032829488557 0.00071934345568853498 -0.029380218759154982 0.020740966649135262 0.044979439589032444 -0.0487250747283774 0.026161730470050295 0.060319065742055894 -0.069301045867630889 0.047283112848078415 0.035501130881186067
leaf_weight=10.209827518090602 5.1943822875618926 4.1940463297069064 1674.1285856161267 37.109289819374681 26.206423670053482 43.832684423774481 7.1967720389366159 52.554986793547869 119.39913604408503 55.595145398750901 76.358531560748816 83.776977118104696 78.231148270890117 432.93620869331062 7.8459811434149733 157.29944567941129 12.534127239137888 3.9461675025522718 55.760806908831 1652.7520982827991 106.1368313562125 40.5475067012012 72.221465105190873 14.440382910892367 2.4403866995126009 3.5623856894671908 1.4205103144049633 0.96741648763418275 124.43487619049847 160.728326799348
leaf_count=306 109 75 69210 571 339 1195 42 668 1976 675 2383 1807 803 2567 77 4219 62 77 2100 80559 1043 614 1287 223 83 31 9 9 4321 3883
internal_value=0.00352046 -0.0313298 0.0421708 0.00227421 -0.0480199 0.0254397 0.0165677 0.0052444 -0.0131869 0.00620354 -0.0317717 0.022417 -0.00020225 0.00352101 -0.0302018 0.0349895 -0.0123136 -0.0204545 -0.0274128 -0.0503605 0.00933941 -0.0123038 0.0325535 0.0259101 0.0195138 -0.042024 -0.045147 0.0428386 0.0396492 0.0339241
internal_weight=5123.96 2694.44 2429.52 894.15 1800.29 755.396 465.039 288.008 171.954 801.632 92.5187 227.023 574.608 511.167 63.4411 177.03 19.7309 140.901 122.515 1659.39 143.246 66.7539 116.054 18.3866 6.63443 81.3414 77.779 11.1772 290.358 165.923
internal_count=181323 94351 86972 10281 84070 17762 9449 5126 2644 7543 2738 3421 4122 3370 752 4323 104 3353 3053 80717 1614 953 2482 300 158 2423 2392 315 8313 3992
is_linear=0
shrinkage=0.05


Tree=65
num_leaves=31
num_cat=0
split_feature=11 17 12 13 1 2 2 0 2 1 22 22 11 2 1 16 19 11 0 7 26 11 17 11 2 2 1 15 11 22
split_gain=2597.69 565.847 165.862 49.6777 47.6742 35.7801 96.4273 54.9664 24.0338 55.5706 40.2891 22.4834 28.5072 20.1388 20.8639 18.6668 18.4069 18.1146 15.7676 15.0984 44.1712 18.336 12.1971 14.5787 10.785 9.60428 8.8242 8.39236 7.22699 5.01496
threshold=0.15075758099555972 0.40310543775558477 0.41428571939468389 1.0000000180025095e-35 0.72090429067611705 0.44949495792388922 0.069047622382640853 0.70087718963623058 0.89444443583488475 0.90851208567619335 1.0000000180025095e-35 1.0000000180025095e-35 0.050641026347875602 0.89444443583488475 0.84715291857719432 1.0000000180025095e-35 1.0000000180025095e-35 0.053342817351222045 0.85599079728126537 0.83827373385429393 1.0000000180025095e-35 0.27525253593921667 0.47925275564193731 0.25462962687015539 0.069047622382640853 0.58571431040763866 0.70210084319114696 0.49374902248382574 0.35504202544689184 1.0000000180025095e-35
decision_type=2 2 2 2 2 2 2 2 2 2 2 2 2 2 2 2 2 2 2 2 2 2 2 2 2 2 2 2 2 2
left_child=1 4 3 5 24 6 -2 -8 9 10 -6 -3 -13 14 -14 18 26 -17 -10 20 -7 -21 -18 -24 -1 -11 28 -15 -5 -26
right_child=2 11 -4 16 8 19 7 -9 15 25 -12 12 13 27 -16 17 22 -19 -20 21 -22 -23 23 -25 29 -27 -28 -29 -30 -31
leaf_value=0.054732276620398423 0.05203392378528067 -0.050859714357094812 0.049538009375352875 -0.037398870034631479 -0.015102686781072756 0.019058367688811001 -0.053877322043510381 0.031242475934640242 0.054889102547429049 0.024803906018561986 0.041360302384443631 -0.050622945414212389 -0.035084282455890396 -0.029717898593359444 0.070681691520684417 -0.051829427729478461 0.045921509108794889 0.0055762983615657352 -0.00060124231919526363 0.0029445239330884634 -0.066729632474578748 0.035361531404598405 -0.062743576413244406 0.014512845211123185 -0.045012598170356723 0.050719734839930079 0.048986118792264242 0.071299590635439655 0.042643729289212395 -0.00023648433983053274
leaf_weight=3.0880081076174966 46.900663102045655 1525.5319383628666 1621.6743657290936 5.5179154723882657 145.41824393719435 102.41004410758615 81.431871203705668 24.724504193291068 13.271623831242321 67.242968318983912 40.362954579293728 77.170201797038317 7.050466030836108 42.049229001626372 13.768318522721527 34.888825803995132 26.123208722099662 22.672771150246263 361.60453662276268 56.292362591251731 17.580491105094552 193.79340267553926 7.0593378916382781 45.239239608868957 64.889721516519785 76.331923257559538 194.39144370518625 2.1617363244295111 5.7677719835191965 6.9202873520553103
leaf_count=97 1218 78662 69789 93 1501 1737 1598 425 200 759 553 3534 99 699 103 508 716 172 1619 695 235 4344 141 1183 2037 1465 6870 15 201 55
internal_value=0.00347769 -0.0322533 0.0403196 0.0218005 0.00130081 0.0126598 -0.00767329 -0.0340524 0.00504317 0.0152195 -0.0028355 -0.0490873 -0.0300722 -0.00568473 0.0348631 -0.0027074 0.038632 -0.0292181 0.00136327 0.0210692 0.00648908 0.0280647 0.018021 0.00408466 -0.036763 0.0385821 0.0464907 -0.0247786 0.00350847 -0.0406976
internal_weight=4933.33 2504.42 2428.91 807.232 836.692 523.133 153.057 106.156 761.794 329.356 185.781 1667.73 142.2 65.0297 20.8188 432.438 284.099 57.5616 374.876 370.076 119.991 250.086 78.4218 52.2986 74.898 143.575 205.677 44.211 11.2857 71.81
internal_count=181323 92078 89245 19456 8966 10252 3241 2023 6777 4278 2054 83112 4450 916 202 2499 9204 680 1819 7011 1972 5039 2040 1324 2189 2224 7164 714 294 2092
is_linear=0
shrinkage=0.05


Tree=66
num_leaves=31
num_cat=0
split_feature=11 17 12 23 2 22 0 24 2 11 16 2 22 11 2 22 18 17 2 2 11 12 1 6 0 1 11 22 17 18
split_gain=2443.23 565.478 123.302 46.1033 43.4345 36.4461 35.6195 52.9425 67.6946 26.5988 64.5259 25.2808 21.7332 18.6751 23.1649 16.4567 18.1724 14.466 12.0906 10.4127 8.11853 7.7959 7.62173 6.52459 6.33535 5.92048 5.55637 13.9617 20.8668 10.8298
threshold=0.21240601688623431 0.43111357092857366 0.41428571939468389 0.050000002607703216 0.20714285969734195 1.0000000180025095e-35 0.80810147523880016 2.5000000000000004 0.43650794029235845 0.070197045803070082 1.0000000180025095e-35 0.069047622382640853 1.0000000180025095e-35 0.2788888961076737 0.89444443583488475 1.0000000180025095e-35 1.0000000180025095e-35 0.54298031330108654 1.0000000180025095e-35 0.11805555596947671 0.053342817351222045 0.18333333730697635 0.98003268241882335 1.0000000180025095e-35 0.66369047760963451 0.88275891542434703 0.32575757801532751 1.0000000180025095e-35 0.71063503623008739 1.0000000180025095e-35
decision_type=2 2 2 2 2 2 2 2 2 2 2 2 2 2 2 2 2 2 2 2 2 2 2 2 2 2 2 2 2 2
left_child=1 4 5 18 11 6 7 19 -9 10 12 -1 -6 14 -8 -5 17 -17 23 -2 -12 -11 -18 -3 25 -13 27 28 -4 -30
right_child=2 3 26 15 9 -7 13 8 -10 21 20 24 -14 -15 -16 16 22 -19 -20 -21 -22 -23 -24 -25 -26 -27 -28 -29 29 -31
leaf_value=0.042021224630090538 0.051830528049736826 0.058133847597878964 0.038980213442952716 -0.039759853387524524 0.0011969971870644381 0.038733258771843748 0.061017945959277731 -0.060556375304506187 0.0081237916147945243 0.019278088788349627 -0.052255001016078287 -0.046579989904136677 0.020373740711869689 0.039952259849699336 -0.052834495149873886 0.019895192570452875 0.043917870476668092 -0.052558397839178296 -0.050489567623366774 0.019869906723822058 0.00041819630425082388 0.054147615928163584 0.00051979486113442979 -0.048407288160617949 0.024609340401661808 0.05838148252002761 0.05006255282280532 0.047469095788871277 -0.15911887935782462 -0.0078051437907460525
leaf_weight=10.297210758551953 40.032124880701303 3.9539966434240332 7.5645798947662097 57.672400815412402 434.00905404426157 271.77232808619738 6.9488078989088544 51.946912586688995 115.98738570697606 32.084013851359487 54.655504791066051 71.29749408736825 223.99981524795294 146.28735863603652 12.512823358178139 9.6537726242095214 16.502069048583508 24.056855574250221 1500.2526801340282 70.126614330336452 8.4458362068980914 32.033125899732113 26.147310350090265 2.2574258726090193 3.4640058595687142 1.3693000636994828 1467.2028423547745 42.541676396504045 2.7515078224241734 2.0737218670547009
leaf_count=315 1195 75 254 2215 3189 8313 42 668 1976 340 1083 2383 2281 4219 62 136 252 431 80559 1287 98 552 319 83 31 9 67026 1860 22 48
internal_value=0.00343547 -0.0304094 0.0414305 -0.0477011 0.00213458 0.0243132 0.0154835 0.00454825 -0.013121 0.0058375 0.00309347 -0.0315077 0.00772516 0.0338307 -0.0121833 -0.0196001 -0.00437401 -0.0318097 -0.0502013 0.0314845 -0.0452049 0.036699 0.0173116 0.0194135 -0.041453 -0.0446021 0.049478 0.0338655 -0.0128439 -0.0940893
internal_weight=4749.9 2512.15 2237.75 1640.5 871.655 715.614 443.842 278.093 167.934 785.227 721.11 86.428 658.009 165.749 19.4616 134.032 76.36 33.7106 1506.46 110.159 63.1013 64.1171 42.6494 6.21142 76.1308 72.6668 1522.13 54.9315 12.3898 4.82523
internal_count=181323 94351 86972 84070 10281 17762 9449 5126 2644 7543 6651 2738 5470 4323 104 3353 1138 567 80717 2482 1181 892 571 158 2423 2392 69210 2184 324 70
is_linear=0
shrinkage=0.05


Tree=67
num_leaves=31
num_cat=0
split_feature=11 17 12 23 2 13 26 21 2 2 2 2 0 2 2 15 18 21 2 1 0 18 17 12 1 11 0 11 0 1
split_gain=2296.95 546.417 123.671 46.393 40.5021 36.0838 29.6765 25.8509 24.1085 24.0305 64.565 23.718 23.1175 46.0895 22.4326 15.9089 14.5223 13.3256 11.5212 10.7911 10.2328 9.73338 9.70295 15.5637 6.99755 6.22395 6.17046 6.12281 5.9972 5.54854
threshold=0.21240601688623431 0.43111357092857366 0.41428571939468389 0.050000002607703216 0.20714285969734195 1.0000000180025095e-35 1.0000000180025095e-35 1.0000000180025095e-35 0.58571431040763866 0.080128207802772536 0.31666667759418493 0.069047622382640853 0.71081870794296276 0.89444443583488475 0.58571431040763866 0.44130896031856542 1.0000000180025095e-35 1.0000000180025095e-35 1.0000000180025095e-35 0.68560534715652477 0.82650500535964977 1.0000000180025095e-35 0.66563147306442272 0.15476191043853763 0.70210084319114696 0.14495798945426944 0.79361054301261913 0.35504202544689184 0.66369047760963451 0.88275891542434703
decision_type=2 2 2 2 2 2 2 2 2 2 2 2 2 2 2 2 2 2 2 2 2 2 2 2 2 2 2 2 2 2
left_child=1 4 5 18 11 7 8 -2 19 -9 -11 -1 14 -14 -8 17 22 20 26 -6 -5 25 -7 -24 27 -17 -3 -18 29 -13
right_child=2 3 -4 15 6 16 12 9 -10 10 -12 28 13 -15 -16 21 24 -19 -20 -21 -22 -23 23 -25 -26 -27 -28 -29 -30 -31
leaf_value=0.041295869545299561 0.032087694439133035 0.061828294753383486 0.049372794807409026 0.036482171959132823 -0.032903106426225563 0.042588306496331454 -0.053521944790412168 0.052166815950157742 0.043771350707118739 -0.05868976573721018 0.012057393884153252 -0.046068239685833463 0.037426112438401896 -0.0037338043501959775 0.017485929524756146 0.063363030556950514 -0.036551538387842544 -0.045658564218155374 -0.050406170984135135 0.013545867715619426 -0.019492635887106483 0.043342990033079627 0.013383506807327248 -0.092417519977794557 0.048585962821088138 -0.076627340846071271 -0.041457185465949016 0.041913228957892783 0.023595444215212969 0.056388921261943087
leaf_weight=9.9627353604882938 151.87251477129757 3.5050975773483506 1450.9303853362799 9.6327943094074708 13.886781025677918 25.418717548251152 36.702585628256202 26.512838501483202 77.03329161554575 37.414078896865249 233.61089404858649 68.554800719022751 80.833187008276582 428.84170308709145 15.958917681127785 1.0509976241737611 4.6314981952309591 49.224181104451418 1429.3865000344813 125.59005941264331 53.579837357625365 14.408837933093309 34.814504131674767 3.8614801112562409 173.35660811513662 3.2467482835054398 2.4615557491779327 5.3676120024174452 3.4330215919762841 1.3473703321069468
leaf_count=315 3992 67 69210 131 271 820 541 681 1807 470 3816 2383 855 2577 149 19 61 2083 80559 1343 811 239 898 69 6754 70 91 201 31 9
internal_value=0.00339029 -0.0299214 0.0410579 -0.0475158 0.00204732 0.0237454 0.00559145 0.0153028 0.0213208 0.0067353 0.00229099 -0.0310908 -0.000464626 0.00279406 -0.0320032 -0.0190491 0.0390785 -0.0261524 -0.0501168 0.00892125 -0.0109628 0.0236455 0.0185914 0.00282014 0.0462401 -0.0423932 0.0192176 0.00556905 -0.0409247 -0.0440934
internal_weight=4576.43 2428.64 2147.79 1566.5 862.144 696.861 778.847 449.41 216.51 297.538 271.025 83.2979 562.336 509.675 52.6615 131.143 247.45 112.437 1435.35 139.477 63.2126 18.7066 64.0947 38.676 183.356 4.29775 5.96665 9.99911 73.3352 69.9022
internal_count=181323 94351 86972 84070 10281 17762 7543 8959 3421 4967 4286 2738 4122 3432 690 3353 8803 3025 80717 1614 942 328 1787 967 7016 89 158 262 2423 2392
is_linear=0
shrinkage=0.05


Tree=68
num_leaves=31
num_cat=0
split_feature=11 17 12 13 2 2 23 26 7 21 11 18 24 3 2 18 2 12 21 17 11 7 11 11 21 17 18 18 5 23
split_gain=2159.91 515.481 162.935 45.8192 40.1589 29.3712 96.7677 26.2659 24.0926 23.7212 27.2169 23.3991 26.1404 22.5539 19.0706 18.385 15.644 14.4115 13.6318 11.4228 12.6655 10.4018 7.15548 5.03111 15.0584 21.3012 8.61638 4.68082 4.42424 4.28474
threshold=0.15075758099555972 0.40310543775558477 0.41428571939468389 1.0000000180025095e-35 0.20714285969734195 0.069047622382640853 0.071714289486408248 1.0000000180025095e-35 0.83827373385429393 1.0000000180025095e-35 0.050641026347875602 1.0000000180025095e-35 3.5000000000000004 0.81666666269302379 0.89444443583488475 1.0000000180025095e-35 0.41428571939468389 0.18333333730697635 1.0000000180025095e-35 0.47925275564193731 0.25462962687015539 0.28730159997940069 0.36602871119976049 0.32575757801532751 1.0000000180025095e-35 0.71063503623008739 1.0000000180025095e-35 1.0000000180025095e-35 1.0000000180025095e-35 0.083683479577302947
decision_type=2 2 2 2 2 2 2 2 2 2 2 2 2 2 2 2 2 2 2 2 2 2 2 2 2 2 2 2 2 2
left_child=1 4 3 5 21 -2 22 13 -8 10 -3 17 -13 18 16 19 -12 -9 -6 -5 -21 -1 -7 24 -4 28 -27 -16 -26 -17
right_child=2 9 23 15 7 6 8 11 -10 -11 14 12 -14 -15 27 29 -18 -19 -20 20 -22 -23 -24 -25 25 26 -28 -29 -30 -31
leaf_value=0.046675617344095491 0.051776844764496899 -0.050341165369009726 0.048248924579514844 0.044888244285725062 0.036343839453457975 -0.054557156466871863 -0.0014236636895164708 -0.016568169725717626 0.024177547535239999 -0.050696404591429767 -0.0077973495280790036 -0.0041536377497590257 0.027177339711803489 0.045000300872932303 -0.039629084328690126 0.025292933514574307 0.081018411592025941 0.016359119569160387 -0.00012354268857185877 -0.061714805621645545 0.012545642755869935 -0.039959713438743806 -0.11275213855937966 0.04988359184052818 0.05328929025211028 -0.13564620779765679 -0.012328366798153023 -0.0062872988617046991 -0.031979110263279119 0.048724113248471618
leaf_weight=3.6585748735815278 41.149879470467567 66.869695467874408 58.143198041245341 23.597939578816295 33.86901992931962 38.029466470703483 140.70496130362153 227.90347081422806 264.92517541535199 1319.0760912466794 10.035780049860479 157.92556878738105 115.09054838493466 62.043333241716027 21.596213098615408 22.201113069429994 9.7990535441786033 38.903103353455663 105.29517974331975 6.6260637678205958 43.024352993816137 65.356256673112512 6.1341102570295325 1333.0238179732114 8.1424623616039717 3.3246032223105422 2.4680176563560963 20.536501720547676 1.8707719910889871 161.01003325171769
leaf_count=104 1218 3534 2366 716 607 1201 2257 1767 5549 78662 124 907 731 1421 458 750 78 253 1042 141 1183 2134 27 67026 269 35 55 256 38 6414
internal_value=0.00334364 -0.0308272 0.0391575 0.0202914 0.00111278 0.0113437 0.00764464 0.00451028 0.015297 -0.0486963 -0.0282186 -0.00123676 0.00905401 0.0199291 -0.00434592 0.03742 0.0360805 -0.011767 0.00875169 0.0162476 0.00263526 -0.0353671 -0.0626402 0.0491794 0.036485 -0.00678964 -0.0831051 -0.0233775 0.0373586 0.0458848
internal_weight=4412.33 2257.96 2154.38 747.403 810.045 490.944 449.794 741.03 405.63 1447.91 128.837 539.823 273.016 201.208 61.9675 256.46 19.8348 266.807 139.164 73.2484 49.6504 69.0148 44.1636 1406.97 73.9491 15.8059 5.79262 42.1327 10.0132 183.211
internal_count=181323 92078 89245 19456 8966 10252 9034 6728 7806 83112 4450 3658 1638 3070 916 9204 202 2020 1649 2040 1324 2238 1228 69789 2763 397 90 714 307 7164
is_linear=0
shrinkage=0.05


Tree=69
num_leaves=31
num_cat=0
split_feature=11 17 12 23 1 13 11 16 24 7 3 9 2 2 18 2 23 18 17 23 1 2 17 12 23 0 1 12 24 11
split_gain=2027.42 511.889 124.775 45.4718 35.93 33.6986 26.7321 60.6197 23.8622 63.6367 29.5301 25.9954 18.6942 14.5523 14.2967 13.3968 37.9682 13.2112 16.0952 14.3577 16.4508 10.9476 9.24132 11.1114 8.0956 7.87313 7.0935 6.681 6.58149 5.86973
threshold=0.21240601688623431 0.43111357092857366 0.41428571939468389 0.050000002607703216 0.70487993955612194 1.0000000180025095e-35 0.070197045803070082 1.0000000180025095e-35 3.5000000000000004 0.85053193569183361 0.6904762089252473 1.0000000180025095e-35 0.069047622382640853 0.19090909510850909 1.0000000180025095e-35 0.10555555671453477 0.071714289486408248 1.0000000180025095e-35 0.56276261806488048 0.11111111566424371 0.98183351755142223 1.0000000180025095e-35 0.47925275564193731 0.30952382087707525 0.035504203289747245 0.95505049824714672 0.70210084319114696 0.18333333730697635 3.5000000000000004 0.32575757801532751
decision_type=2 2 2 2 2 2 2 2 2 2 2 2 2 2 2 2 2 2 2 2 2 2 2 2 2 2 2 2 2 2
left_child=1 4 5 21 12 8 7 13 15 11 -11 -10 -1 -6 22 -2 -17 18 25 20 -19 -3 -7 -24 -9 -5 28 -8 -16 -4
right_child=2 3 29 17 6 14 27 24 9 10 -12 -13 -14 -15 26 16 -18 19 -20 -21 -22 -23 23 -25 -26 -27 -28 -29 -30 -31
leaf_value=0.052583170375554433 0.051691394382896452 0.019852749738828977 0.032084338012607898 0.052594069382395775 -0.043125987178017494 0.050799307961801023 0.020355661506913574 -0.055109073128703702 -0.033011869062153358 -0.055489650428640486 0.025937854061575269 -0.13248640530924283 -0.040872212441492695 0.0077664672495340679 0.02569744029250497 -0.061202071741802977 0.024708929419571982 0.019780364302560648 -0.052341742531797734 0.02802992358061281 -0.042146688972084012 -0.050253938481167618 0.015089538287701269 -0.061888017920375675 -0.010825761925751411 -0.023495685262603951 0.048137695268207374 0.052808493884095559 -0.074640834390692398 0.049793607433801533
leaf_weight=5.8525538425892583 37.508006148040295 5.5925171859562388 48.579864909872413 6.0798768904060108 14.362566044554113 15.587707240134476 32.79737920127809 47.697273107245564 38.753291016444564 12.300647377967833 117.42647930048406 7.907868940383195 62.445905072614551 638.16360067203641 7.5222036447375995 13.712995022535322 206.90682623721659 16.696476075798273 41.276456398889422 23.346191288903356 29.981281273066998 1297.4054142320529 41.005048537626863 5.2930342815816394 13.170515868812798 7.7118532713502645 158.53228694573045 30.707426881417632 2.0879247430711985 1270.2456541005522
leaf_count=240 1163 158 2184 107 318 550 363 1032 485 164 2559 93 2249 5307 225 223 4272 360 1302 311 1093 80559 1122 115 184 180 6754 588 37 67026
internal_value=0.00329595 -0.0289357 0.040239 -0.0471886 0.00190537 0.022572 0.004962 0.00219478 0.0143798 0.000205391 0.0182169 -0.0498702 -0.0328639 0.00664629 0.0380469 0.0240657 0.019369 -0.0183934 -0.0367165 -0.00398374 -0.0199956 -0.049953 0.0175002 0.00628907 -0.0455271 0.0100473 0.0456092 0.0360481 0.00389765 0.0491413
internal_weight=4256.66 2273.29 1983.37 1428.09 845.197 664.544 776.899 713.394 434.516 176.388 129.727 46.6612 68.2985 652.526 230.028 258.128 220.62 125.092 55.0682 70.0239 46.6778 1303 61.8858 46.2981 60.8678 13.7917 168.142 63.5048 9.61013 1318.83
internal_count=181323 94351 86972 84070 10281 17762 7792 6841 8959 3301 2723 578 2489 5625 8803 5658 4495 3353 1589 1764 1453 80717 1787 1237 1216 287 7016 951 262 69210
is_linear=0
shrinkage=0.05


Tree=70
num_leaves=31
num_cat=0
split_feature=11 17 12 21 21 0 11 21 2 0 24 2 11 2 13 17 11 26 18 24 2 2 23 18 2 11 11 21 17 18
split_gain=1903.17 494.587 125.116 46.3979 36.6711 48.4112 35.4747 33.8753 32.0405 31.6557 45.7959 53.0449 19.0208 21.5202 15.8445 15.5343 18.6804 16.0306 14.669 18.5005 10.0821 8.47244 7.49762 7.24845 6.97411 7.99641 6.08705 13.8953 17.6658 8.26942
threshold=0.21240601688623431 0.43111357092857366 0.41428571939468389 1.0000000180025095e-35 1.0000000180025095e-35 0.94174209237098705 0.050641026347875602 1.0000000180025095e-35 0.20714285969734195 0.80810147523880016 2.5000000000000004 0.43650794029235845 0.2788888961076737 0.89444443583488475 1.0000000180025095e-35 0.20848321169614795 0.13100686669349673 1.0000000180025095e-35 1.0000000180025095e-35 4.5000000000000009 0.11805555596947671 0.069047622382640853 0.11538461968302728 1.0000000180025095e-35 0.19090909510850909 0.075498577207326903 0.32575757801532751 1.0000000180025095e-35 0.71063503623008739 1.0000000180025095e-35
decision_type=2 2 2 2 2 2 2 2 2 2 2 2 2 2 2 2 2 2 2 2 2 2 2 2 2 2 2 2 2 2
left_child=1 4 7 6 5 24 -3 -2 21 10 20 -12 13 -11 23 17 -17 -10 19 -7 -9 -6 -5 -8 25 -1 27 -4 -29 -30
right_child=2 3 26 22 8 18 14 9 15 12 11 -13 -14 -15 -16 16 -18 -19 -20 -21 -22 -23 -24 -25 -26 -27 -28 28 29 -31
leaf_value=-0.039363057878959856 0.036887907528084532 -0.050130656159004687 0.046650714269365179 -0.050578701553887176 0.051264791545226368 -0.016440334084484042 -0.032049454579011288 0.051519713431373265 0.014826156202541567 0.058501620590704143 -0.056655942296659823 0.0054926413792460473 0.038368268527619299 -0.053892848842053656 0.031906473237219436 -0.057732068863094677 0.043014794321661526 -0.0060947070842200021 0.016785205057742794 0.061498140680908177 0.017906170451974693 -0.045178788160035704 -0.011271660459335489 0.0028675670033644911 0.043196362668038245 0.043880720001704066 0.049703353064815561 0.036645535959953957 -0.14465879962038439 -0.011321594994628564
leaf_weight=5.7510817479342204 240.20545099303126 59.227891577407718 35.861170558258891 1206.0908003291115 2.3733782712370148 112.8942288197577 29.252484587952495 33.751960024237633 132.82622962631285 6.4848191589117059 49.896614028140903 110.07872811891139 130.38878014683723 12.407477989792824 26.951980656012893 22.990273937582973 5.752339204773306 294.76197498105466 76.507576014846563 8.1647945754230005 65.795020435005426 56.196255300194025 12.255002047866581 30.215661389753222 113.28085673972964 5.7886614985764027 1210.4342629974708 6.5324283111840469 2.8211146034300327 1.9782057851552961
leaf_count=50 8313 3456 1860 79035 103 989 530 1195 1589 42 668 1976 4219 62 397 657 44 1613 504 68 1287 2349 245 407 2112 203 67026 254 22 48
internal_value=0.0032473 -0.028426 0.0398153 -0.0469949 0.00182376 0.0150479 -0.0203235 0.0219856 -0.00645607 0.0132293 0.00267689 -0.0138916 0.0315746 -0.0153132 0.000104859 -0.00198765 -0.0375693 0.000404161 -0.000352812 -0.0111838 0.029303 -0.0412707 -0.0501833 -0.0143082 0.0394242 0.00239437 0.0490165 0.0313996 -0.0168651 -0.0896993
internal_weight=4107.92 2201.28 1906.64 1363.99 837.288 322.387 145.648 649.009 514.9 408.803 259.522 159.975 149.281 18.8923 86.4201 456.331 28.7426 427.588 197.567 121.059 99.547 58.5696 1218.35 59.4681 124.821 11.5397 1257.63 47.1929 11.3317 4.79932
internal_count=181323 94351 86972 84070 10281 3926 4790 17762 6355 9449 5126 2644 4323 104 1334 3903 701 3202 1561 1057 2482 2452 79280 937 2365 253 69210 2184 324 70
is_linear=0
shrinkage=0.05


Tree=71
num_leaves=31
num_cat=0
split_feature=12 2 2 23 16 0 2 17 12 27 16 18 23 2 23 24 26 1 24 1 0 0 2 7 24 23 1 17 18 15
split_gain=1491.59 440.192 159.43 138.459 187.128 108.911 31.5221 30.5516 30.3428 28.455 25.1621 23.4914 23.1904 28.939 20.37 16.4221 15.205 14.6781 16.4007 14.2109 14.0527 11.0284 13.7341 15.4408 11.163 10.8164 10.7727 7.5824 5.42206 4.88968
threshold=0.21111111342906955 0.43650794029235845 1.0000000180025095e-35 0.11538461968302728 1.0000000180025095e-35 0.6776927411556245 0.89444443583488475 0.25087413191795355 0.41428571939468389 0.60000000149011623 1.0000000180025095e-35 1.0000000180025095e-35 0.040000000968575485 0.89444443583488475 0.18786764889955523 2.5000000000000004 1.0000000180025095e-35 0.98340412974357616 3.5000000000000004 0.90851208567619335 0.85599079728126537 0.80810147523880016 0.080128207802772536 0.90399384498596203 3.5000000000000004 0.043668957427144058 0.96536955237388622 0.97969490289688121 1.0000000180025095e-35 0.47699365019798284
decision_type=2 2 2 2 2 2 2 2 2 2 2 2 2 2 2 2 2 2 2 2 2 2 2 2 2 2 2 2 2 2
left_child=1 2 26 4 6 7 19 15 21 28 -10 16 -6 -14 -9 -4 -11 18 -7 -3 -8 22 -2 24 -24 -25 -1 -13 -5 -12
right_child=8 3 5 9 12 17 20 14 10 11 29 27 13 -15 -16 -17 -18 -19 -20 -21 -22 -23 23 25 -26 -27 -28 -29 -30 -31
leaf_value=0.051915430410244726 0.051442424232158918 0.010652080887214387 0.0025402284508379211 0.026143863595326795 -0.050037646215270348 0.023859273293085875 0.054564791474752718 -0.051231415590568812 0.0066280744049060387 0.018965521101831986 0.042251974115550456 0.025918829208968399 0.020386570428066103 -0.037914310572190225 0.01812919064993021 -0.037364115740445264 -0.029326742732693964 -0.10914884226007322 -0.025459944078570225 0.041909941907133458 -0.0014778507858110948 0.039473165749054247 0.00021124809454922504 -0.050795526920328953 -0.053910870842401676 0.050517933345952261 -0.044871533127677915 -0.0094318895446769777 0.047740085477954983 0.049556153267172998
leaf_weight=48.39690615888685 15.480444424785672 65.7318509016186 40.218321202322841 39.502728523686528 213.41658483352512 68.272429459728301 11.567024271935223 1030.3253198582679 38.247794903814793 26.767600979655981 301.82103120535612 197.77380887046456 29.783741037361324 74.592555874027312 10.695231486111878 71.831356668844819 41.678073458373547 2.5850151851773253 22.383061298169196 81.37897845543921 339.27930521965027 49.432662820443511 27.820153036154807 3.1162774199619916 14.489484558813272 17.037869293242693 3.0565346833318463 16.428815998136997 109.97887540049851 951.33334761857986
leaf_count=1806 583 689 631 1026 12379 1574 195 68039 362 486 15436 4165 661 2823 176 1576 704 50 582 1699 1537 1651 864 207 451 467 98 330 4848 55228
internal_value=0.00319972 -0.0196965 -0.0400848 0.00150685 -0.0106151 -0.0436456 0.00851583 -0.0478487 0.0442812 0.02439 0.0465776 0.0150593 -0.0405918 -0.0212782 -0.0505188 -0.0230411 -0.0104407 0.0083323 0.0116822 0.0279433 0.000369815 0.0209989 0.00928244 -0.0011661 -0.0183236 0.0348526 0.0461659 0.0232075 0.042033 0.0477969
internal_weight=3964.42 2545.64 1297.76 1247.88 815.75 1246.31 497.957 1153.07 1418.78 432.13 1291.4 282.648 317.793 104.376 1041.02 112.05 68.4457 93.2405 90.6555 147.111 350.846 127.377 77.9442 62.4638 42.3096 20.1541 51.4534 214.203 149.482 1253.15
internal_count=181323 106074 74532 31542 19983 72628 4120 70422 75249 11559 71026 5685 15863 3484 68215 2207 1190 2206 2156 2388 1732 4223 2572 1989 1315 674 1904 4495 5874 70664
is_linear=0
shrinkage=0.05


Tree=72
num_leaves=31
num_cat=0
split_feature=11 17 13 23 21 0 1 21 18 3 23 15 0 23 21 17 23 3 1 18 11 17 11 11 1 11 21 17 18 14
split_gain=1680.46 463.282 102.286 60.8423 39.482 48.3348 30.2864 28.969 28.7336 23.0226 47.9879 22.3402 20.145 20.0458 18.1424 15.8211 15.1698 13.5077 12.2519 12.1339 19.0971 12.057 17.2481 11.6248 8.5344 7.24192 17.5702 11.0769 12.1335 7.21484
threshold=0.24499999731779101 0.45813862979412084 1.0000000180025095e-35 0.050000002607703216 1.0000000180025095e-35 0.94174209237098705 0.73678031563758861 1.0000000180025095e-35 1.0000000180025095e-35 0.15476191043853763 0.14354395866394046 0.38206814229488378 0.60749301314353954 0.18708333373069766 1.0000000180025095e-35 0.60617992281913768 0.45773810148239141 1.0000000180025095e-35 0.98003268241882335 1.0000000180025095e-35 0.11651583760976793 0.20848321169614795 0.13100686669349673 0.14495798945426944 0.89569163322448742 0.32575757801532751 1.0000000180025095e-35 0.67379865050315868 1.0000000180025095e-35 1.0000000180025095e-35
decision_type=2 2 2 2 2 2 2 2 2 2 2 2 2 2 2 2 2 2 2 2 2 2 2 2 2 2 2 2 2 2
left_child=1 4 7 17 5 -1 23 29 13 -9 12 18 -11 15 -15 -5 -12 -3 -10 20 -7 24 -23 -6 -8 26 -4 -28 -29 -2
right_child=2 3 25 8 6 19 21 9 11 10 16 -13 -14 14 -16 -17 -18 -19 -20 -21 -22 22 -24 -25 -26 -27 27 28 -30 -31
leaf_value=0.039560124874608145 -0.026411910340640998 0.024315890289403182 0.049475715274184234 0.012919198222503928 -0.041327153874263139 -0.018049344426272661 -0.011289253892182795 0.051383525465981274 0.019911550924637363 -0.061148646719848369 0.0062917004767853446 0.038409802715679266 0.020477019953288243 -0.2419454133667488 -0.068007520772154259 -0.049261681603501389 0.032934668093058825 -0.050174860654931021 -0.031382020289333679 0.015935469353635063 0.035294359597121266 -0.055682988945483028 0.040051631568537083 0.042048504367777094 0.004755468689085514 0.048392272929881734 0.03425776315293446 -0.14207233681280401 -0.014390702391174869 0.03806911884552025
leaf_weight=127.54471798986197 4.4474160615354768 6.1190935820341101 36.469011653214693 14.411548854783176 69.456055122427642 104.15231442824006 114.15325682424009 32.154961794614792 16.886084362864494 32.623742468655109 154.63230055756867 29.805239913053811 9.8383389115333539 2.1611006204038858 4.8943475894629946 35.254104444757104 81.629794062115252 1118.3657507095486 37.484964465722442 75.761366736143827 19.999853624030948 20.901941868476573 6.0714661944657555 4.4484445229172698 302.52515147253871 1173.2178932558745 7.5778613835573223 2.4691518917679769 7.5503076445311308 176.54574153386056
leaf_count=2707 109 192 1945 377 2875 929 1071 1344 371 264 3046 659 90 31 34 1233 2740 80082 1124 511 278 775 60 144 2116 69129 266 24 113 6684
internal_value=0.00314947 -0.0267446 0.0398467 -0.0458886 0.00192286 0.0155103 -0.00667394 0.0205818 -0.0149153 0.0113232 0.00670165 0.00361964 -0.0422362 -0.0424218 -0.121285 -0.0312186 0.015497 -0.0497695 -0.0154517 0.000166542 -0.00945613 -0.00173732 -0.034134 -0.0363086 0.000359855 0.0475678 0.0296761 -0.0113569 -0.045856 0.0364847
internal_weight=3829.55 2110.4 1719.16 1265.38 845.015 327.458 517.556 491.872 140.897 310.879 278.724 84.1763 42.4621 56.7211 7.05545 49.6657 236.262 1124.48 54.371 199.914 124.152 443.652 26.9734 73.9045 416.678 1227.28 54.0663 17.5973 10.0195 180.993
internal_count=181323 95569 85754 84103 11466 4425 7041 14277 3829 7484 6140 2154 354 1675 65 1610 5786 80274 1495 1718 1207 4022 835 3019 3187 71477 2348 403 137 6793
is_linear=0
shrinkage=0.05


Tree=73
num_leaves=31
num_cat=0
split_feature=11 17 12 23 21 0 0 2 2 2 18 9 15 17 0 17 11 26 2 2 0 13 23 18 11 24 0 11 23 2
split_gain=1576.86 445.88 113.151 61.2979 36.1532 45.2681 35.0455 34.5768 71.5554 28.9 26.3871 25.7319 20.4522 16.5987 14.7219 13.9869 18.7496 14.9296 13.0122 12.1237 12.0707 11.6024 11.1939 11.0331 17.4141 10.9513 19.7916 9.69194 10.9178 6.86976
threshold=0.24499999731779101 0.45813862979412084 0.41428571939468389 0.050000002607703216 1.0000000180025095e-35 0.94174209237098705 0.83469945192337047 0.080128207802772536 0.31666667759418493 0.20714285969734195 1.0000000180025095e-35 1.0000000180025095e-35 0.38206814229488378 0.62053000926971447 0.95505049824714672 0.20848321169614795 0.13100686669349673 1.0000000180025095e-35 1.0000000180025095e-35 0.069047622382640853 0.680425524711609 1.0000000180025095e-35 0.17902931571006778 1.0000000180025095e-35 0.11651583760976793 6.5000000000000009 0.91366460919380199 0.34057971835136419 0.22222223132848742 0.41428571939468389
decision_type=2 2 2 2 2 2 2 2 2 2 2 2 2 2 2 2 2 2 2 2 2 2 2 2 2 2 2 2 2 2
left_child=1 4 6 18 5 29 7 -2 20 19 13 -10 21 14 -5 17 -17 -11 -3 -6 -9 -12 -15 24 -7 27 -27 28 -8 -1
right_child=2 3 -4 10 9 23 25 8 11 15 12 -13 -14 22 -16 16 -18 -19 -20 -21 -22 -23 -24 -25 -26 26 -28 -29 -30 -31
leaf_value=0.021064766297447066 0.051241653229160924 0.023238372839161657 0.048914132040263389 0.047065283988847073 0.051125280938249862 -0.017132914898513825 0.053231276015594381 -0.064512609215364669 0.020391302679795539 0.014374740417476923 -0.029366263835495163 -0.030265008514514521 0.037004678758148286 -0.048218613128495173 -0.044893729431954403 -0.056423409117564084 0.03430614082859023 -0.0059883748719212317 -0.050094793947679343 -0.044900508828927349 0.023713008800514961 0.022389175239082505 -0.12482094957935273 0.015297556310645716 0.03424514893512929 -0.22919870124805156 0.051698170933408831 0.045171275931803451 -0.0038328612055080072 0.046516218224004563
leaf_weight=38.381175734102726 49.505366237834096 6.0836205631494513 1083.7024877918884 8.410219117067756 3.4928738297894588 104.23501897417009 13.048457454890011 36.814494149759412 253.20498737320304 129.89914943277836 38.665077579207718 27.824235271662474 29.40071415156126 32.757505227811635 9.0201643612235767 23.55903146695346 7.5091781914234152 293.13561247847974 1065.4802724141628 55.763415360823274 4.3331986237317315 15.041217833757399 5.5817435123026362 74.994585735723376 19.592509614303708 1.0642327386885875 1.5266470015048978 157.66118652932346 23.437912752851844 85.740256382152438
leaf_count=666 2084 192 68794 189 162 929 333 376 6390 1589 1181 588 659 1199 240 899 67 1613 80082 2711 89 314 47 511 278 25 50 6388 637 2041
internal_value=0.0031009 -0.0262298 0.0394374 -0.0456278 0.00184633 0.0149535 0.0213699 0.0123373 0.00635934 -0.00639911 -0.0143731 0.0153759 0.00348076 -0.0409786 -0.000523194 -0.00211364 -0.0344941 0.000264424 -0.0496785 -0.0392402 -0.0552217 -0.0148714 -0.059371 0.000162621 -0.00900366 0.0384343 -0.0636834 0.0397971 0.0165747 0.038646
internal_weight=3698.87 2046.74 1652.12 1210.44 836.303 322.944 568.421 371.682 322.177 513.359 138.877 281.029 83.107 55.7696 17.4304 454.103 31.0682 423.035 1071.56 59.2563 41.1477 53.7063 38.3392 198.822 123.828 196.738 2.59088 194.148 36.4864 124.121
internal_count=181323 95569 85754 84103 11466 4425 16960 9527 7443 7041 3829 6978 2154 1675 429 4168 966 3202 80274 2873 465 1495 1246 1718 1207 7433 75 7358 970 2707
is_linear=0
shrinkage=0.05


Tree=74
num_leaves=31
num_cat=0
split_feature=11 17 12 23 7 24 21 0 0 3 18 24 26 17 0 15 3 23 13 3 23 21 0 24 26 0 3 24 18 23
split_gain=1479.07 429.436 113.136 61.6198 33.7956 49.0676 33.1017 42.4398 30.1096 27.3404 27.2898 25.4551 23.5577 20.5811 21.4644 19.2917 16.7464 32.7005 12.8887 12.6894 11.9103 12.0086 12.3726 11.6925 10.9059 15.0692 13.6923 10.7679 12.955 10.6813
threshold=0.24499999731779101 0.45813862979412084 0.41428571939468389 0.040000000968575485 0.8989795744419099 3.5000000000000004 1.0000000180025095e-35 0.94174209237098705 0.81016731262207042 0.61250001192092907 1.0000000180025095e-35 2.5000000000000004 1.0000000180025095e-35 0.56276261806488048 0.95505049824714672 0.38206814229488378 0.30952382087707525 0.14354395866394046 1.0000000180025095e-35 1.0000000180025095e-35 0.39897958934307104 1.0000000180025095e-35 0.99107143282890331 5.5000000000000009 1.0000000180025095e-35 0.71081870794296276 0.81666666269302379 4.5000000000000009 1.0000000180025095e-35 0.17902931571006778
decision_type=2 2 2 2 2 2 2 2 2 2 2 2 2 2 2 2 2 2 2 2 2 2 2 2 2 2 2 2 2 2
left_child=1 6 4 19 5 16 7 -1 12 11 13 -8 -7 14 -5 18 -2 -18 -12 -3 21 -6 -23 -10 26 -26 -11 28 -9 -15
right_child=2 3 -4 10 20 8 9 27 23 24 15 -13 -14 29 -16 -17 17 -19 -20 -21 -22 22 -24 -25 25 -27 -28 -29 -30 -31
leaf_value=0.037779942637237648 0.051209657420219871 0.022195419391316251 0.048794220812025058 0.071585017575166318 0.040180046381322401 -0.024865008717965265 -0.00048054320301475626 -0.013464323274784902 0.041264413884480065 0.00024397139485558681 -0.029795206041297897 -0.046615840464454196 -0.10058083254341002 -0.045916939269120577 -0.048638563202871625 0.034151293503920696 -0.034516815309508266 0.024945029476853051 0.022865878910199217 -0.050426293249527979 0.046030007417618597 0.018091288365965363 -0.047698189685049401 -0.098188881679492482 -0.037015011294759571 -0.00038243633461768685 0.040379310334536261 0.038703566507433021 0.014340809196130523 -0.11686975865241211
leaf_weight=120.71692848205566 39.803744561970234 6.0518535543233147 1033.3197776814923 7.588202781043945 67.951666815206409 50.215298293158412 52.458931777626276 115.42209505662322 18.463408671319488 55.434232237748802 41.288817701861262 69.521117747761309 12.915237670764325 50.140252964571118 7.2690959637984633 30.639120591804385 27.688484460115433 140.18270961008966 16.169121912680566 992.50341955199838 113.03163653239608 75.485909916460514 7.8937542643398038 1.6363167483359564 31.377724853344262 266.58226452860981 34.460214602760971 16.598399935290217 65.75828380137682 5.9317584540694943
leaf_count=2707 1739 192 68794 165 2745 844 1175 1127 613 541 1378 2707 188 2255 248 723 390 4083 346 78743 4445 1751 130 32 382 1514 722 150 441 53
internal_value=0.00305191 -0.0257143 0.0390129 -0.0453825 0.0208104 0.00905128 0.00177182 0.0144179 -0.0233859 -0.00612824 -0.0164753 -0.0267748 -0.0403549 -0.0395589 0.0127643 0.00210992 0.0220512 0.0151375 -0.014976 -0.0499862 0.0337501 0.024578 0.0118628 0.0299115 0.000365102 -0.00424016 0.0156295 0.000158581 -0.00337262 -0.0534229
internal_weight=3574.5 1985.91 1588.59 1157.58 555.268 290.905 828.33 318.496 83.2303 509.834 159.026 121.98 63.1305 70.9293 14.8573 88.0971 207.675 167.871 57.4579 998.555 264.363 151.331 83.3797 20.0997 387.854 297.96 89.8944 197.779 181.18 56.072
internal_count=181323 95569 85754 84103 16960 7889 11466 4425 1677 7041 5168 3882 1032 2721 413 2447 6212 4473 1724 78935 9071 4626 1881 645 3159 1896 1263 1718 1568 2308
is_linear=0
shrinkage=0.05


Tree=75
num_leaves=31
num_cat=0
split_feature=11 17 12 13 1 22 11 2 23 0 7 18 1 2 1 22 24 18 17 12 15 2 1 24 15 11 22 17 15 23
split_gain=1387.21 414.561 156.061 38.0351 29.3102 27.4005 25.4736 23.9281 64.356 20.5171 20.0194 18.976 17.7733 16.8811 40.0784 28.87 17.2394 13.7287 11.3941 17.7465 11.119 8.42601 7.73136 7.6502 6.44556 5.62331 14.8335 17.0875 8.90412 5.28075
threshold=0.15075758099555972 0.40310543775558477 0.41428571939468389 1.0000000180025095e-35 0.72090429067611705 1.0000000180025095e-35 0.050641026347875602 0.069047622382640853 0.071714289486408248 0.71547618508338939 0.83827373385429393 1.0000000180025095e-35 0.98003268241882335 0.89444443583488475 0.91381365060806286 1.0000000180025095e-35 4.5000000000000009 1.0000000180025095e-35 0.75914770364761364 0.15476191043853763 0.15638586878776553 0.58571431040763866 0.70210084319114696 1.5000000000000002 0.50225225090980541 0.32575757801532751 1.0000000180025095e-35 0.71063503623008739 0.45852446556091314 0.14354395866394046
decision_type=2 2 2 2 2 2 2 2 2 2 2 2 2 2 2 2 2 2 2 2 2 2 2 2 2 2 2 2 2 2
left_child=1 4 3 7 23 29 -7 -2 9 -9 -10 18 20 14 15 -6 17 -15 -5 -20 -8 -16 -13 -1 -14 26 27 -4 -29 -3
right_child=2 5 25 11 13 6 12 8 10 -11 -12 22 24 16 21 -17 -18 -19 19 -21 -22 -23 -24 -25 -26 -27 -28 28 -30 -31
leaf_value=0.054194495519940857 0.051292607872686802 -0.050440535754059074 0.033731262091689106 0.032895283066536912 -0.012823794641661571 -0.049710941688062171 0.15432544886881211 -0.066901328160729384 -0.0040900754557626155 0.095311301571586404 0.020330218999705219 -0.0012164851481321201 -0.030500916222935267 -0.015861152160149754 0.021948825497047811 0.037860940512360733 0.031153233343845423 0.0031014494382751384 0.0026329908446655701 -0.1216482152136602 0.022297751659701607 0.048916484970201429 0.047288797047759977 -0.037561906328252244 0.085464352497788498 0.049250291896797777 0.047119603119041537 -0.11881585745131627 0.024920336798132058 0.17021547361354572
leaf_weight=2.3704717475920907 30.025612008757889 941.81989993434399 8.1031373832374793 30.303415608592331 136.76700495090336 48.410287567414343 1.71322372928262 34.89565369579941 132.11718525085598 2.0646715909242621 230.07555568497628 8.7468350026756507 28.972665131092075 181.45454139634967 57.119640668854117 35.358786568976939 34.222677230834961 201.37970757298172 27.71721321716905 3.2044700914993873 23.047076201997697 58.764245075173676 135.16099904477596 54.486938138492405 1.2499380409717549 955.96480345912278 45.053804747760296 4.0344295874238005 1.4700539391487835 0.27122444659471412
leaf_count=95 1218 78647 307 1123 1539 3534 13 1210 2257 18 5549 294 598 1234 725 602 199 1066 860 57 297 1412 6870 2094 8 67026 2366 58 32 15
internal_value=0.00300265 -0.027253 0.036166 0.0167116 0.00079741 -0.0476954 -0.0232617 0.00824698 0.00500895 -0.0578398 0.0114224 0.0344214 2.59047e-05 0.00358226 0.0128923 -0.00241193 -0.002847 -0.00588638 0.0111066 -0.0102465 0.0314331 0.035624 0.0443406 -0.0337364 -0.0257049 0.0483282 0.0333017 -0.0124482 -0.080429 -0.050377
internal_weight=3456.35 1807.41 1648.94 634.312 761.924 1045.48 103.393 429.179 399.153 36.9603 362.193 205.133 54.9829 705.067 288.01 172.126 417.057 382.834 61.2251 30.9217 24.7603 115.884 143.908 56.8574 30.2226 1014.63 58.6614 13.6076 5.50448 942.091
internal_count=181323 92078 89245 19456 8966 83112 4450 10252 9034 1228 7806 9204 916 6777 4278 2141 2499 2300 2040 917 310 2137 7164 2189 606 69789 2763 397 90 78662
is_linear=0
shrinkage=0.05


Tree=76
num_leaves=31
num_cat=0
split_feature=11 17 12 23 0 2 2 11 16 18 2 9 17 0 21 15 2 13 0 12 24 0 11 23 7 23 23 2 6 11
split_gain=1301.31 399.735 113.021 60.2763 32.295 31.8002 59.5828 31.344 61.1196 25.2592 23.6354 22.4664 19.3045 19.5602 17.0658 17.0278 11.9996 11.6813 11.3018 10.2836 10.2591 14.3041 10.0536 10.607 9.70046 9.55894 8.37555 8.47327 5.48283 4.41573
threshold=0.24499999731779101 0.45813862979412084 0.41428571939468389 0.040000000968575485 0.83469945192337047 0.080128207802772536 0.31666667759418493 0.070197045803070082 1.0000000180025095e-35 1.0000000180025095e-35 0.19090909510850909 1.0000000180025095e-35 0.56276261806488048 0.95505049824714672 1.0000000180025095e-35 0.38206814229488378 1.0000000180025095e-35 1.0000000180025095e-35 0.45534290373325353 0.18333333730697635 6.5000000000000009 0.91366460919380199 0.34057971835136419 0.22222223132848742 0.60903531312942516 0.17902931571006778 0.031873017549514777 0.89444443583488475 1.0000000180025095e-35 0.32575757801532751
decision_type=2 2 2 2 2 2 2 2 2 2 2 2 2 2 2 2 2 2 2 2 2 2 2 2 2 2 2 2 2 2
left_child=1 7 4 16 5 -2 18 8 10 12 -1 -8 13 -5 -12 17 28 -11 -7 -9 22 -22 23 -6 -17 -14 -10 -28 -3 -4
right_child=2 3 29 9 20 6 11 19 26 15 14 -13 25 -15 -16 24 -18 -19 -20 -21 21 -23 -24 -25 -26 -27 27 -29 -30 -31
leaf_value=-0.044585493121540726 0.051083660040704408 0.055230341285017609 0.029099764440994193 0.068983297378971783 0.052515697508563969 -0.071794636403339857 0.018780136567929095 0.014049991313458941 -0.052949594102133325 -0.028683581736765457 0.016982062861110959 -0.028360848055765966 -0.045217516814270525 -0.04796386874780427 -0.00054690077598312499 -0.11195799455486935 -0.050328666575494944 0.022051482017523674 -0.017362203357597077 0.050083710665329906 -0.18064947579001259 0.051548258659173465 0.044387741073272896 -0.005785645380238711 0.038388426758585434 -0.11291971450574012 0.074369341095123762 -0.028041370655322917 -0.048203452022130971 0.049153975899046097
leaf_weight=24.853235876187682 43.353898118250072 3.9390788441523901 28.301967541687191 7.4315438810735923 11.903940025717018 25.165118280798197 241.82611559331417 40.816540011204779 59.692409099079669 39.621849684976041 205.17987347394228 28.223982341587543 47.122548412531614 6.8907864177599549 429.53419768624008 1.1146985422819877 900.12157422956079 15.897215859033166 15.354614831507204 38.454174248501658 1.2818320151418441 1.37445134203881 141.84627236798406 22.636806773021817 28.589654858224094 5.8622894808650008 2.4663194902241203 11.155078578740358 1.8988087605684993 911.07922423165292
leaf_count=1058 2084 110 1768 165 333 244 6390 728 2392 1378 2298 588 2255 248 3608 36 78743 346 221 1134 25 50 6388 637 687 53 20 228 82 67026
internal_value=0.00295241 -0.0247236 0.0381152 -0.0449694 0.0197238 0.0109697 0.00537 0.00166311 -0.00156738 -0.0158907 0.00324663 0.0138532 -0.0387862 0.0127175 0.00511957 0.00219157 -0.0498652 -0.0141562 -0.0511679 0.0315299 0.0370285 -0.0605025 0.0384972 0.014307 0.0327465 -0.0527081 -0.0448766 -0.00949867 0.0215879 0.0485498
internal_weight=3342.99 1870.64 1472.35 1058.49 532.967 353.924 310.57 812.152 732.881 152.531 659.567 270.05 67.3072 14.3223 634.714 85.2234 905.959 55.5191 40.5197 79.2707 179.043 2.65628 176.387 34.5407 29.7044 52.9848 73.3138 13.6214 5.83789 939.381
internal_count=181323 95569 85754 84103 16960 9527 7443 11466 9604 5168 6964 6978 2721 413 5906 2447 78935 1724 465 1862 7433 75 7358 970 723 2308 2640 248 192 68794
is_linear=0
shrinkage=0.05


Tree=77
num_leaves=31
num_cat=0
split_feature=12 2 2 0 23 16 13 15 13 2 23 2 18 24 1 0 23 23 2 17 1 14 24 0 1 1 21 24 12 18
split_gain=1056.9 338.679 121.646 94.0498 89.0132 136.556 35.015 29.3996 27.5211 26.6467 23.5603 29.2877 18.8079 17.3118 16.9871 16.5231 14.9571 14.143 31.2479 21.7877 14.2679 14.0792 13.6945 12.9484 12.2472 10.5214 9.9722 7.5693 6.231 10.0885
threshold=0.30952382087707525 0.43650794029235845 1.0000000180025095e-35 0.66369047760963451 0.11538461968302728 1.0000000180025095e-35 0.75000000000000011 1.0000000180025095e-35 1.0000000180025095e-35 0.89444443583488475 0.030457639135420326 0.82575756311416637 1.0000000180025095e-35 3.5000000000000004 0.98340412974357616 0.84045451879501354 0.18786764889955523 0.14048793911933902 0.080128207802772536 0.47925275564193731 0.88275891542434703 1.0000000180025095e-35 5.5000000000000009 0.85599079728126537 0.90851208567619335 0.96536955237388622 1.0000000180025095e-35 6.5000000000000009 0.41428571939468389 1.0000000180025095e-35
decision_type=2 2 2 2 2 2 2 2 2 2 2 2 2 2 2 2 2 2 2 2 2 2 2 2 2 2 2 2 2 2
left_child=1 2 25 7 5 9 17 26 12 24 -7 -12 22 14 -5 -15 -9 18 -2 -20 -21 -14 -6 -11 -3 -1 -4 -19 29 -8
right_child=6 4 3 13 8 10 28 16 -10 23 11 -13 21 15 -16 -17 -18 27 19 20 -22 -23 -24 -25 -26 -27 -28 -29 -30 -31
leaf_value=0.051505922843851581 0.050598515514316926 0.0099405551521634314 0.023934358821416105 0.022940183956722721 -0.0074846394689319085 -0.050453141463881995 -0.011396504846188066 -0.050604454040258109 0.040083695589210405 0.054381533372498271 0.020785910391793529 -0.037071015577550333 -0.049677089457341214 -0.050245293464965403 -0.11017625309036794 0.054886662971970805 0.01283003775724407 0.037736182642456387 0.012241800715476911 -0.076993537672892409 0.01034675446367868 0.022199355274360386 -0.15889077946568 -0.001943636766985282 0.040138014173145858 -0.046925940040640261 -0.026340999494453916 -0.16585791621810714 0.049297434643354149 0.049802462341095331
leaf_weight=39.56777105666697 37.489405914209783 63.286140900105238 11.17807165160775 67.928930278867483 66.803231026045978 153.56764328386635 11.225358441472055 785.20320182107389 126.42530655954033 10.522879652678965 31.322012467309833 72.509370847605169 7.068556008860468 19.930412822403017 2.4842426320537916 4.5998989427462211 9.4038888048380596 156.72514125425369 49.788386527448893 14.228348024189474 6.96484600752592 188.52918593771756 1.5276332031935442 336.26414227485657 71.523523967713118 2.9148331377655259 83.854251937940717 0.45785938110202451 784.59725370444357 16.830916156060994
leaf_count=1907 2573 689 104 1786 1293 11658 362 68144 5980 195 855 3413 151 648 49 97 169 9118 611 823 220 4391 13 1537 1699 99 1987 21 59728 1003
internal_value=0.0029011 -0.0173092 -0.0380877 -0.041662 0.00158731 -0.00861483 0.043318 -0.0467104 0.0209014 0.00709844 -0.0380146 -0.0196178 0.0117128 0.0056419 0.0182437 -0.0305311 -0.0498537 0.0275593 0.0136717 -0.00583148 -0.0482904 0.0196019 -0.0108695 -0.00023451 0.0259619 0.0447523 -0.0204274 0.0371431 0.0484695 0.0253167
internal_weight=3234.72 2156.42 1027.07 984.583 1129.35 738.996 1078.31 889.639 390.354 481.597 257.399 103.831 263.929 94.9435 70.4132 24.5303 794.607 265.654 108.471 70.9816 21.1932 195.598 68.3309 346.787 134.81 42.4826 95.0323 157.183 812.654 28.0563
internal_count=181323 106864 74990 72984 31874 20046 74459 70404 11828 4120 15926 4268 5848 2580 1835 745 68313 13366 4227 1654 1043 4542 1306 1732 2388 2006 2091 9139 61093 1365
is_linear=0
shrinkage=0.05


Tree=78
num_leaves=31
num_cat=0
split_feature=11 17 12 23 7 24 11 16 0 18 1 18 17 0 2 23 15 21 23 21 1 2 13 24 12 7 23 2 23 23
split_gain=1144.6 372.135 112.146 59.0439 30.865 44.2375 28.0357 53.9054 24.3793 23.2579 22.774 21.388 18.2437 17.1784 15.2406 24.5669 15.1473 13.3633 12.3551 11.9722 17.2391 10.9165 10.4849 10.4169 9.52656 8.74962 8.13628 7.53758 7.50135 7.46504
threshold=0.24499999731779101 0.45813862979412084 0.41428571939468389 0.040000000968575485 0.89699381589889537 3.5000000000000004 0.070197045803070082 1.0000000180025095e-35 0.81016731262207042 1.0000000180025095e-35 0.68560534715652477 1.0000000180025095e-35 0.60078126192092907 0.95505049824714672 0.10555555671453477 0.14354395866394046 0.38206814229488378 1.0000000180025095e-35 0.39897958934307104 1.0000000180025095e-35 0.99095961451530468 1.0000000180025095e-35 1.0000000180025095e-35 6.5000000000000009 0.18333333730697635 0.60903531312942516 0.031873017549514777 0.89444443583488475 0.17902931571006778 0.38461540639400488
decision_type=2 2 2 2 2 2 2 2 2 2 2 2 2 2 2 2 2 2 2 2 2 2 2 2 2 2 2 2 2 2
left_child=1 6 4 21 5 14 7 10 11 12 -1 -7 13 -5 -2 -16 22 -12 19 29 -21 -3 -11 -10 -8 -18 -9 -28 -14 -6
right_child=2 3 -4 9 18 8 24 26 23 16 17 -13 28 -15 15 -17 25 -19 -20 20 -22 -23 -24 -25 -26 -27 27 -29 -30 -31
leaf_value=-0.041308426301412085 0.051006391702710069 0.021158587362089611 0.048295528652992969 0.050553784467904629 0.040338467407786259 -0.080316529149023652 0.013632585609729958 -0.052190740268253127 0.034860552144037764 -0.027630722446945512 0.015482839480589625 -0.018125811192041052 -0.047299723957248054 -0.046554449005064939 -0.029048341647075454 0.022822536715457534 -0.10488304604837483 -0.00014176860691428238 0.045205391602410598 0.018016843325216272 -0.053366173271960686 -0.05023106621063287 0.020866722967654679 -0.16416412645106304 0.049001483700195636 0.036852961479608218 0.0719041089402635 -0.026297699994456719 -0.10954999342232155 -0.15869377994121661
leaf_weight=27.806154899299145 33.212052522227168 5.3902567289769641 855.07124328054488 9.5683736167848128 60.345460810698569 20.720297235995531 40.149303643032908 55.07727973908186 17.284904079511765 38.319468315690756 202.7976252399385 41.542220653966069 40.539176821708679 8.6905637439340335 27.666271106339991 130.49170436430722 1.1332339989021445 420.80109354667366 99.865811694413424 68.491075572557747 9.6495460439473373 816.73285108990967 15.715214236639438 0.68345147930085559 36.208182388916612 27.801896825432777 2.3940461734309766 10.631781646050513 5.4954965636134139 0.47482010070234437
leaf_count=1208 1739 192 68794 241 2732 299 728 2392 619 1378 2306 731 2097 332 390 4083 36 3450 4457 1715 169 78743 346 11 1134 687 20 228 51 15
internal_value=0.00285063 -0.0237392 0.0372247 -0.0445404 0.0186787 0.00714914 0.00159728 -0.00145985 -0.0240158 -0.0153842 0.00296528 -0.0388222 -0.037957 0.00433394 0.0202149 0.0137489 0.00210746 0.00493944 0.0317904 0.0221496 0.00920179 -0.049763 -0.0135259 0.0272904 0.0304043 0.0313019 -0.0437862 -0.00824897 -0.054731 0.0387846
internal_weight=3130.75 1765.25 1365.5 969.387 510.428 271.601 795.865 719.508 80.2309 147.263 651.405 62.2625 64.2936 18.2589 191.37 158.158 82.9698 623.599 238.827 138.961 78.1406 822.123 54.0347 17.9684 76.3575 28.9351 68.1031 13.0258 46.0347 60.8203
internal_count=181323 95569 85754 84103 16960 7872 11466 9604 1660 5168 6964 1030 2721 573 6212 4473 2447 5756 9088 4631 1884 78935 1724 630 1862 723 2640 248 2148 2747
is_linear=0
shrinkage=0.05


Tree=79
num_leaves=31
num_cat=0
split_feature=11 17 12 23 0 2 2 11 17 2 18 2 17 0 21 21 15 0 2 12 11 23 22 23 11 1 11 11 22 9
split_gain=1071.33 357.723 111.86 59.2151 29.8499 28.9712 47.4668 25.7827 51.0258 22.112 21.7608 21.4697 17.3806 16.4649 14.0574 11.9001 11.8867 10.581 10.5576 9.26859 8.64365 10.1213 13.1335 7.82426 5.93098 5.68074 4.98199 14.8672 5.82986 8.46126
threshold=0.24499999731779101 0.45813862979412084 0.41428571939468389 0.040000000968575485 0.83469945192337047 0.080128207802772536 0.31666667759418493 0.070197045803070082 0.20848321169614795 0.88194444775581371 1.0000000180025095e-35 0.19090909510850909 0.56276261806488048 0.95505049824714672 1.0000000180025095e-35 1.0000000180025095e-35 0.45852446556091314 0.45534290373325353 1.0000000180025095e-35 0.18333333730697635 0.34057971835136419 0.22222223132848742 1.0000000180025095e-35 0.17902931571006778 0.053342817351222045 0.98003268241882335 0.32575757801532751 0.31414473056793218 1.0000000180025095e-35 1.0000000180025095e-35
decision_type=2 2 2 2 2 2 2 2 2 2 2 2 2 2 2 2 2 2 2 2 2 2 2 2 2 2 2 2 2 2
left_child=1 7 4 18 5 -2 17 8 11 -8 12 -1 13 -5 25 -13 -16 -7 -3 -9 21 -6 -23 -14 -10 -12 27 28 29 -4
right_child=2 3 26 10 20 6 9 19 24 -11 14 15 23 -15 16 -17 -18 -19 -20 -21 -22 22 -24 -25 -26 -27 -28 -29 -30 -31
leaf_value=-0.044054553077619935 0.050940495136057667 0.020190576648993069 0.014879276352435076 0.063447392547221801 0.052007555640974291 -0.066559050283380647 0.0067363617411184407 0.012981110363564453 -0.053932332766522588 0.050949188801455339 0.04157454151438951 0.013963516357841061 -0.043854518539675702 -0.046263129507573643 -0.033757721650128143 -0.00059513003646438872 0.037514235610049872 -0.013894400405254956 -0.050179163413715311 0.048201800210315657 0.041446593591502025 -0.047081305177988607 0.029823868548629274 -0.10634481236123855 -0.0037345218314432643 0.005416309276476617 0.048857905205930537 -0.23981265054785356 0.045253634209362431 -0.14765315121604827
leaf_weight=23.918681882321835 37.66140363458544 5.3668707078322759 4.8166185235604706 7.3687374601140601 11.064394607208667 24.612946464680135 226.44946850277483 40.058433937840164 48.043917865492404 32.315134764648974 19.294192628934979 209.29595416411757 43.102118684910238 6.3814343651756644 30.853402529843152 426.1602701144293 7.218886472284793 15.57107259519398 777.68386008497328 34.999349714256823 130.4308445379138 10.520076178014278 11.754339612089097 5.6677601132541886 6.7056205477565518 24.856658563017845 790.40818619448692 0.51425645407289167 18.896134569309652 0.96041142102330912
leaf_count=1080 2084 192 236 165 338 244 5935 728 2316 1043 462 2398 2255 248 1462 3620 97 221 78743 1134 6450 136 509 53 190 426 67026 28 1479 25
internal_value=0.0027986 -0.0232174 0.0367421 -0.0442661 0.018131 0.00961291 0.00440648 0.0015282 -0.00140172 0.0122578 -0.0148857 0.00244953 -0.0371186 0.0125309 0.00201949 0.00419995 -0.0202438 -0.0461518 -0.0496969 0.0294045 0.0356391 0.0129187 -0.00649799 -0.0511168 -0.0477842 0.0212177 0.0481603 0.0262692 0.0318151 -0.0121412
internal_weight=3032.95 1716.98 1315.98 927.794 500.38 336.61 298.949 789.182 714.124 258.765 144.743 659.375 62.5201 13.7502 82.2231 635.456 38.0723 40.184 783.051 75.0578 163.77 33.3388 22.2744 48.7699 54.7495 44.1509 815.596 25.1874 24.6732 5.77703
internal_count=181323 95569 85754 84103 16960 9527 7443 11466 9604 6978 5168 7098 2721 413 2447 6018 1559 465 78935 1862 7433 983 645 2308 2506 888 68794 1768 1740 261
is_linear=0
shrinkage=0.05


Tree=80
num_leaves=31
num_cat=0
split_feature=12 2 2 0 23 17 13 17 13 2 23 2 18 3 23 0 23 2 17 1 1 0 1 23 1 17 12 18 17 23
split_gain=882.742 293.849 102.841 87.5678 70.9473 114.97 35.4094 29.4135 26.59 25.3327 22.6603 26.3608 15.9176 14.4735 14.3979 12.391 12.3502 27.6828 18.9461 14.0936 12.1756 14.2221 11.813 11.2332 9.95034 8.02114 6.50628 10.0163 15.6971 17.1777
threshold=0.30952382087707525 0.43650794029235845 1.0000000180025095e-35 0.66369047760963451 0.11538461968302728 1.0000000180025095e-35 0.75000000000000011 0.20848321169614795 1.0000000180025095e-35 0.89444443583488475 0.030457639135420326 0.82575756311416637 1.0000000180025095e-35 0.73214286565780651 0.1501879766583443 0.85599079728126537 0.14048793911933902 0.080128207802772536 0.47925275564193731 0.88275891542434703 0.98340412974357616 0.88303694128990184 0.90851208567619335 0.50210085511207592 0.96536955237388622 0.97969490289688121 0.41428571939468389 1.0000000180025095e-35 0.74901574850082409 0.47619049251079565
decision_type=2 2 2 2 2 2 2 2 2 2 2 2 2 2 2 2 2 2 2 2 2 2 2 2 2 2 2 2 2 2
left_child=1 2 24 7 5 9 16 13 12 22 -7 -12 23 -4 -9 -11 17 -2 -19 -20 21 -5 -3 -6 -1 -14 27 28 -8 -30
right_child=6 4 3 20 8 10 26 14 -10 15 11 -13 25 -15 -16 -17 -18 18 19 -21 -22 -23 -24 -25 -26 -27 -28 -29 29 -31
leaf_value=0.051314894285090534 0.050467606247075796 0.0093826676254641153 -0.02357470804896037 -0.0035415943955806727 -0.020114869723187604 -0.050046236642684976 0.029896893217522175 -0.05043182020224557 0.039068244764472543 0.054158239993520721 0.020196509220267899 -0.035851126123148329 0.02074759717653131 0.076065643787935289 0.0012149252421665164 -0.0024171396536776801 0.035461429251249739 0.010988454631075369 -0.078343643569052601 0.011671449090777953 -0.10163569904757926 0.040994023701816845 0.039435091194366612 0.034624433704535364 -0.045827348775642165 -0.017963271898938166 0.049010539199421208 0.04959139632127546 -0.17557948497571305 0.053233899863457494
leaf_weight=34.774440553039312 32.535311410203576 62.722741328179836 89.676939519122243 64.062459818087518 55.124637112952769 133.4357679868117 7.1014785533770919 678.92461519502103 116.68482578359544 9.966533685103057 30.500655675306916 67.201598360203207 170.95675010979176 3.7989279590547076 13.768027124926446 334.45042870938778 140.74131475016475 48.821446934714913 12.697756120935084 6.6130855893716207 2.5620896518230429 24.891451510600746 68.314251048490405 11.292185060679911 2.85231939703226 14.518076242879031 681.46367145143449 15.244210503064096 2.4086187556385998 1.2438217699527738
leaf_count=1907 2573 689 2099 1893 984 11658 293 68029 5980 195 855 3413 4212 30 246 1537 9139 611 823 220 50 637 1699 322 99 330 59728 1003 50 19
internal_value=0.00274581 -0.0161727 -0.0369939 -0.0404641 0.00155289 -0.0077235 0.0424317 -0.0458525 0.0193365 0.00633887 -0.03665 -0.0183542 0.0101961 -0.0195253 -0.0494053 -0.000779995 0.0258969 0.0125249 -0.005594 -0.0475176 0.0058254 0.00892055 0.0250501 -0.0108081 0.043951 0.0177175 0.048074 0.0235249 -0.0134257 -0.0976581
internal_weight=2939.35 1990.48 915.311 877.685 1075.17 706.592 948.871 786.169 368.576 475.454 231.138 97.7023 251.892 93.4759 692.693 344.417 241.409 100.668 68.1323 19.3108 91.516 88.9539 131.037 66.4168 37.6268 185.475 707.462 25.9981 10.7539 3.65244
internal_count=181323 106864 74990 72984 31874 20046 74459 70404 11828 4120 15926 4268 5848 2129 68275 1732 13366 4227 1654 1043 2580 2530 2388 1306 2006 4542 61093 1365 362 69
is_linear=0
shrinkage=0.05


Tree=81
num_leaves=31
num_cat=0
split_feature=11 16 23 12 3 21 7 26 8 1 0 1 3 1 11 1 23 26 0 3 8 1 6 12 21 1 6 23 11 11
split_gain=939.906 261.091 139.133 110.489 35.8453 29.6458 28.1792 35.147 32.0992 141.103 24.3801 19.8314 18.9991 38.3386 14.9322 12.9773 12.1018 11.4972 22.3029 21.726 18.0422 12.4931 11.4511 11.4065 11.217 14.7161 9.70297 6.48973 5.258 11.3694
threshold=0.24499999731779101 1.0000000180025095e-35 0.036549167707562454 0.41428571939468389 1.0000000180025095e-35 1.0000000180025095e-35 0.89699381589889537 1.0000000180025095e-35 0.75000000000000011 0.90002673864364635 0.95505049824714672 0.68560534715652477 0.15476191043853763 0.69493964314460765 0.13100686669349673 0.88022258877754223 0.39897958934307104 1.0000000180025095e-35 0.71081870794296276 0.81666666269302379 0.75000000000000011 0.91842263936996471 1.0000000180025095e-35 0.46428571641445165 1.0000000180025095e-35 0.99095961451530468 1.0000000180025095e-35 0.38461540639400488 0.32575757801532751 0.31414473056793218
decision_type=2 2 2 2 2 2 2 2 2 2 2 2 2 2 2 2 2 2 2 2 2 2 2 2 2 2 2 2 2 2
left_child=1 11 4 6 26 10 7 12 9 -9 -4 -1 -2 -14 -7 -10 24 19 21 22 -20 -19 -13 -12 27 -26 -3 -8 29 -5
right_child=3 2 5 28 -6 14 16 8 15 -11 23 17 13 -15 -16 -17 -18 18 20 -21 -22 -23 -24 -25 25 -27 -28 -29 -30 -31
leaf_value=-0.040179878549997078 0.050881925159296987 0.052464236342612935 0.03602169053975763 0.030407555582963944 -0.049810193001099373 -0.049505341003140989 0.039248541776456231 -0.023045881750640124 -0.065685323332458453 -0.38969762257550777 -0.016317993905080399 0.001643120833623969 -0.068810446076971163 0.013840603008558983 -0.0068701481387784249 0.040240244249553817 0.04441123629343529 -0.052256325530481443 0.044727805871184523 0.046551516819229963 0.00068892790901526517 0.043614048632236314 0.071664873659812264 0.034034314205085889 0.016627178290386718 -0.048548856599574419 -0.054434698109646212 -0.13656680474588659 0.048649552016493326 -0.18440255892843302
leaf_weight=25.989829916507006 28.905772469006479 11.035989244468508 57.996558617800474 22.890171857550744 754.69240110646933 37.980636440217495 55.162655701860785 15.255890533328058 3.9180000089108935 3.1691183783113948 61.519934600219131 118.44233574811369 15.200263502076266 182.35042347479612 44.713807840831578 11.036275869235395 89.67446949146688 27.502722139470283 24.721655931323767 42.345106169581413 392.5892368927598 3.877182748168706 6.1414957176893941 13.763847704045473 65.210381827317178 9.9872301295399648 2.6282903971150509 0.52991393767297168 719.29451108630747 0.63301571179181237
leaf_count=1208 1743 553 1550 1740 80702 2886 2732 330 57 46 1393 1692 185 5190 1184 321 4457 260 260 1332 2102 39 71 245 1715 169 92 15 67026 28
internal_value=0.0026944 -0.0222144 -0.0383907 0.035804 -0.048357 -0.00293432 0.017118 0.00596087 -0.0419373 -0.0861103 0.0116573 0.00260256 0.013021 0.00748113 -0.026452 0.0124879 0.0302616 0.00440872 0.000240967 0.0156113 0.00329781 -0.0404109 0.00509492 -0.00711227 0.0205675 0.00797095 0.0319025 0.0375757 0.0478888 0.024627
internal_weight=2849.16 1625.94 984.331 1223.22 768.357 215.975 480.4 259.836 33.3793 18.425 133.28 641.61 226.456 197.551 82.6944 14.9543 220.565 615.62 448.691 166.929 417.311 31.3799 124.584 75.2838 130.89 75.1976 13.6643 55.6926 742.818 23.5232
internal_count=181323 95569 88605 85754 81347 7258 16960 7872 754 376 3188 6964 7118 5375 4070 378 9088 5756 2661 3095 2362 299 1763 1638 4631 1884 645 2747 68794 1768
is_linear=0
shrinkage=0.05


Tree=82
num_leaves=31
num_cat=0
split_feature=11 17 12 23 0 24 7 11 17 1 18 2 26 17 15 0 2 2 23 24 11 0 23 12 2 21 7 23 11 11
split_gain=878.999 321.471 109.843 52.4547 27.5693 26.4126 36.9884 23.3872 48.3164 22.3502 21.7929 18.576 13.4177 13.1263 13.0811 10.1165 9.6982 9.5945 13.6555 9.33314 10.0317 9.78042 9.72653 9.28373 8.53759 8.43295 8.36003 6.24169 5.59205 5.36322
threshold=0.24499999731779101 0.47925275564193731 0.41428571939468389 0.040000000968575485 0.83469945192337047 2.5000000000000004 0.93582704663276683 0.065591398626565947 0.20848321169614795 0.69493964314460765 1.0000000180025095e-35 0.19090909510850909 1.0000000180025095e-35 0.60078126192092907 0.38206814229488378 0.95505049824714672 0.37980769574642187 0.11805555596947671 0.17902931571006778 6.5000000000000009 0.34057971835136419 0.91366460919380199 0.22222223132848742 0.18333333730697635 1.0000000180025095e-35 1.0000000180025095e-35 0.60903531312942516 0.18786764889955523 0.053342817351222045 0.32575757801532751
decision_type=2 2 2 2 2 2 2 2 2 2 2 2 2 2 2 2 2 2 2 2 2 2 2 2 2 2 2 2 2 2
left_child=1 7 4 24 5 17 9 8 11 -7 13 -1 -13 15 25 -5 -8 -2 -19 20 22 -21 -6 -9 -3 -12 -16 -15 -10 -4
right_child=2 3 29 10 19 6 16 23 28 -11 14 12 -14 27 26 -17 -18 18 -20 21 -22 -23 -24 -25 -26 -27 -28 -29 -30 -31
leaf_value=-0.042957317878296618 0.050781298516300769 0.017657019331315357 0.023986146837531704 0.040155688439169578 0.051545415826433565 -0.072750312941809933 -0.032847108959789699 0.012004632227957748 -0.052961001495823362 -0.0092850420306835914 0.0064673585471803942 0.015932865959488559 -0.00066648895667797406 -0.046713458342329164 -0.10529582129371798 -0.043482987196124451 0.037509157413176696 -0.012521846069729899 0.031338456352720402 -0.14134478917250531 0.042731430689732709 0.051367861541821748 -0.0080821731878582981 0.047067447168037901 -0.050027385354382614 -0.034270210178897691 0.035215635922119334 -0.10944815755220152 -0.00091158687840356813 0.048539392461083984
leaf_weight=22.052008450031281 31.576389503665268 4.6918568294495335 22.986188745126128 7.8745402824133617 10.038132138550283 15.533088182099162 5.3958371784538022 42.794358221814036 47.651930093765259 129.74729013629258 26.195771118625998 165.68396162427962 459.0099791912362 37.148765917867422 1.1029656929895306 6.6843132916837931 53.096139034256339 25.049444370903075 60.867318265140057 1.5249047353863709 116.23205616883934 1.1586149120703337 21.460850866511464 33.780865759588778 666.42021137056872 24.664966647513211 26.306545557454228 4.4385726358741513 5.7870486434549084 685.72824289929122
leaf_count=1077 2041 180 1768 209 333 203 78 880 2922 2995 419 3126 2887 2107 36 283 1744 472 1994 25 6388 50 637 1178 78074 1293 687 41 170 67026
internal_value=0.00264654 -0.021713 0.0352999 -0.043844 0.0166037 0.00833242 -0.00255379 0.00123763 -0.00163152 -0.0160706 -0.0153343 0.00214396 0.00373606 -0.0391048 0.00171723 0.0017552 0.0310188 0.0272128 0.0185508 0.03427 0.0359487 -0.0581407 0.01092 0.0274725 -0.0495542 -0.0132884 0.0295614 -0.0534091 -0.0473244 0.047743
internal_weight=2762.68 1582.29 1180.39 805.529 471.68 321.266 203.772 776.76 700.185 145.28 134.416 646.746 624.694 56.1462 78.2702 14.5589 58.492 117.493 85.9168 150.415 147.731 2.68352 31.499 76.5752 671.112 50.8607 27.4095 41.5873 53.439 708.714
internal_count=181323 95569 85754 83329 16960 9527 5020 12240 10182 3198 5075 7090 6013 2640 2435 492 1822 4507 2466 7433 7358 75 970 2058 78254 1712 723 2148 3092 68794
is_linear=0
shrinkage=0.05


Tree=83
num_leaves=31
num_cat=0
split_feature=11 17 12 23 21 21 2 2 7 24 18 18 23 18 24 17 24 15 1 2 2 21 1 13 26 11 2 7 2 1
split_gain=821.282 308.793 109 52.5948 26.4671 22.6409 35.6132 21.4186 21.2439 48.4651 21.309 20.3442 15.2413 12.9316 14.5541 12.4502 12.1994 11.9549 11.4987 11.4702 11.2253 10.8605 9.52683 9.21855 11.3657 11.1538 8.83043 8.68574 8.28945 7.79573
threshold=0.24499999731779101 0.47925275564193731 0.41428571939468389 0.040000000968575485 1.0000000180025095e-35 1.0000000180025095e-35 0.89444443583488475 0.20714285969734195 0.83827373385429393 3.5000000000000004 1.0000000180025095e-35 1.0000000180025095e-35 0.45119048655033117 1.0000000180025095e-35 4.5000000000000009 0.60078126192092907 6.5000000000000009 0.41702897846698767 0.65986803174018871 0.10555555671453477 0.43650794029235845 1.0000000180025095e-35 0.96671754121780407 1.0000000180025095e-35 1.0000000180025095e-35 0.14495798945426944 0.069047622382640853 0.60903531312942516 1.0000000180025095e-35 0.99095961451530468
decision_type=2 2 2 2 2 2 2 2 2 2 2 2 2 2 2 2 2 2 2 2 2 2 2 2 2 2 2 2 2 2
left_child=1 5 4 28 -2 6 20 26 9 19 -11 15 18 14 -8 29 -14 21 -10 -6 22 -13 -1 25 -25 -9 -7 -19 -3 -5
right_child=2 3 -4 11 8 7 13 23 12 10 -12 17 16 -15 -16 -17 -18 27 -20 -21 -22 -23 -24 24 -26 -27 -28 -29 -30 -31
leaf_value=0.024329397811325228 0.032401935107817477 0.016820114634976499 0.047592054509795631 0.028717613119183673 0.050905900022534971 0.050121235546206094 -0.014761630493198979 -0.056315550997626002 -0.061872462338776996 -0.10983823277146271 -0.029355244241068737 0.010494012429793462 0.046044954905862502 0.016088674635490432 0.060451223663941837 -0.052473864457359978 -0.11830938890206077 -0.11462038878978023 0.012846806246838958 0.0037535895553462949 0.050883772955635231 -0.033649777763591113 -0.058828184127438433 0.012321082515323586 -0.005764720436955844 0.033482954991749275 -0.042862932397674594 0.039993353340016351 -0.049973423550912617 -0.048284872609225322
leaf_weight=32.82288062851876 161.89176757354289 4.6793721113353959 676.24236432369798 9.3569053392857295 15.225470333360134 2.7094762204214922 111.09078174736351 14.988634617533537 5.4063070304691783 12.279591382481156 24.902841749601066 29.188547627069056 49.413162153214216 75.561236520297825 6.8271884340792885 40.244376267306507 1.1554588880389918 0.95007110666483896 108.19063214212656 84.352954537607729 58.535211619921029 26.658697992563248 3.847943613305687 123.39523306209594 293.45632038637996 4.4950603526085606 44.300276719033718 20.682138477452099 634.58594418084249 5.0667626885697237
leaf_count=680 7879 180 68794 265 959 172 1269 921 73 128 355 474 2535 544 76 2148 32 28 3073 1926 1908 1387 69 1706 1796 36 3063 546 78074 227
internal_value=0.00259179 -0.0211752 0.0347964 -0.0435486 0.0161001 0.00118032 0.0122597 -0.00543701 0.00733011 -0.00722506 -0.055935 -0.0148336 0.0194555 -5.93812e-05 -0.010407 -0.038189 0.0422896 0.00164555 0.00929077 0.0109631 0.0372948 -0.010578 0.0156035 -0.00198223 -0.000411012 -0.0355982 -0.0375037 0.0332028 -0.0494845 0.00166809
internal_weight=2682.5 1543.44 1139.06 771.413 462.818 772.03 288.685 483.345 300.926 136.761 37.1824 132.147 164.166 193.479 117.918 54.668 50.5686 77.4795 113.597 99.5784 95.206 55.8472 36.6708 436.335 416.852 19.4837 47.0098 21.6322 639.265 14.4237
internal_count=181323 95569 85754 83329 16960 12240 4546 7694 9081 3368 483 5075 5713 1889 1345 2640 2567 2435 3146 2885 2657 1861 749 4459 3502 957 3235 574 78254 492
is_linear=0
shrinkage=0.05


Tree=84
num_leaves=31
num_cat=0
split_feature=11 17 12 23 0 2 2 11 15 2 18 1 23 17 21 11 21 0 12 11 24 23 21 0 2 11 11 21 17 15
split_gain=766.956 296.404 108.221 52.5703 25.4934 24.7708 34.9564 20.8269 44.2561 20.2608 19.0135 17.6978 11.971 13.4337 11.1191 12.5124 9.79382 8.91147 8.87323 8.47908 11.1675 9.34034 10.4918 8.47264 8.05623 6.12241 5.76423 12.2938 12.6917 14.267
threshold=0.24499999731779101 0.47925275564193731 0.41428571939468389 0.040000000968575485 0.83469945192337047 0.080128207802772536 0.31666667759418493 0.065591398626565947 0.093933824449777617 0.88194444775581371 1.0000000180025095e-35 0.68560534715652477 0.21052632480859759 0.56276261806488048 1.0000000180025095e-35 0.15894736349582675 1.0000000180025095e-35 0.45534290373325353 0.18333333730697635 0.34057971835136419 6.5000000000000009 0.22222223132848742 1.0000000180025095e-35 0.91366460919380199 1.0000000180025095e-35 0.053342817351222045 0.32575757801532751 1.0000000180025095e-35 0.71063503623008739 0.45852446556091314
decision_type=2 2 2 2 2 2 2 2 2 2 2 2 2 2 2 2 2 2 2 2 2 2 2 2 2 2 2 2 2 2
left_child=1 7 4 24 5 -2 17 8 11 -8 12 -1 13 -5 -12 -16 -13 -7 -9 21 -21 -6 -23 -22 -3 -10 27 -4 -29 -30
right_child=2 3 26 10 19 6 9 18 25 -11 14 16 -14 -15 15 -17 -18 -19 -20 20 23 22 -24 -25 -26 -27 -28 28 29 -31
leaf_value=-0.039399140594030324 0.050756315217227115 0.016017825309331362 0.044193172785900146 0.020943775158356839 0.051091175828934687 -0.060343585342815344 0.0049219687365738216 0.011179448657009502 -0.04945406214876772 0.050453613097705408 0.018918794991789913 0.013130812935970329 -0.13278364809887214 -0.044239227880925783 -0.050905689335110388 0.009205756532310783 -0.00044023679241417236 -0.011512205390883561 0.046046650983307999 0.042067502482925886 -0.13727332668515405 0.027242334045010003 -0.042799299450787753 0.051325949612704314 -0.049918544732446703 0.00098902533658702533 0.048311515733417264 0.020463488071600359 -0.24531804493142936 0.008754379487485954
leaf_weight=24.525542520917952 30.085068902932107 4.6683548754081121 15.966319520026447 9.8360699657350761 9.5774222258478421 23.485546649433672 216.38640152104199 42.116191401146352 50.884251679293811 27.542475869879127 41.897091640159488 195.88674233667552 3.0937977116554967 40.249023058451712 16.489094792865217 18.225796744693071 413.72979711275548 15.515575450845061 32.195538979955018 108.24932454619557 1.5441774856299155 10.530319680459799 10.861200171522794 0.96929348912090052 604.28391131106764 6.8217698764055958 623.86387387383729 3.2676601307466617 1.2606827784329655 0.98364250268787135
leaf_count=1214 2084 180 1498 325 338 244 5935 880 3007 1043 886 2326 30 2285 1281 268 3451 221 1178 6388 20 509 136 42 78074 184 67026 216 26 28
internal_value=0.00253866 -0.0206573 0.0342703 -0.0432553 0.0155883 0.00762216 0.00303554 0.00113211 -0.00156965 0.010063 -0.0143643 0.00224512 -0.0373341 -0.0314381 0.00157986 -0.0193464 0.00392052 -0.0409173 0.0262857 0.0331817 0.0396483 0.0100533 -0.00832018 -0.064542 -0.0494131 -0.0434909 0.0474347 0.021967 -0.0424147 -0.133963
internal_weight=2604.99 1504.9 1100.09 738.743 454.747 313.015 282.93 766.16 691.848 243.929 129.791 634.142 53.1789 50.0851 76.612 34.7149 609.617 39.0011 74.3117 141.732 110.763 30.9689 21.3915 2.51347 608.952 57.706 645.342 21.4783 5.51199 2.24433
internal_count=181323 95569 85754 83329 16960 9527 7443 12240 10182 6978 5075 6991 2640 2610 2435 1549 5777 465 2058 7433 6450 983 645 62 78254 3191 68794 1768 270 54
is_linear=0
shrinkage=0.05


Tree=85
num_leaves=31
num_cat=0
split_feature=11 17 13 23 21 21 2 2 18 24 7 8 3 18 24 17 2 15 2 2 1 13 26 11 1 13 2 2 2 24
split_gain=716.197 284.217 102.506 52.6799 22.7594 19.2267 33.5056 19.8403 17.5987 16.9827 37.8203 17.2921 13.68 11.5409 13.4476 11.4588 11.1343 10.9445 10.2591 16.7159 8.48352 8.40995 10.4033 10.2852 8.22307 8.05791 8.05597 7.83685 7.544 22.104
threshold=0.24499999731779101 0.47925275564193731 1.0000000180025095e-35 0.040000000968575485 1.0000000180025095e-35 1.0000000180025095e-35 0.89444443583488475 0.20714285969734195 1.0000000180025095e-35 3.5000000000000004 0.83827373385429393 0.75000000000000011 0.73214286565780651 1.0000000180025095e-35 4.5000000000000009 0.60078126192092907 0.43650794029235845 0.38206814229488378 0.10555555671453477 0.63068181276321422 0.96671754121780407 1.0000000180025095e-35 1.0000000180025095e-35 0.14495798945426944 0.98003268241882335 0.75000000000000011 0.069047622382640853 1.0000000180025095e-35 0.41428571939468389 2.5000000000000004
decision_type=2 2 2 2 2 2 2 2 2 2 2 2 2 2 2 2 2 2 2 2 2 2 2 2 2 2 2 2 2 2
left_child=1 5 4 27 -2 6 16 26 15 18 11 -11 -12 14 -8 -5 20 24 -6 -20 -1 23 -23 -9 -10 28 -7 -3 29 -4
right_child=2 3 25 8 9 7 13 21 17 10 12 -13 -14 -15 -16 -17 -18 -19 19 -21 -22 22 -24 -25 -26 -27 -28 -29 -30 -31
leaf_value=0.023164624007136026 0.029694442780639929 0.015249453361831445 0.041263530503052252 0.0017064575114423856 0.050747591948257821 0.049923590442266914 -0.014442112904965649 -0.056164757716195592 0.014405750729527765 -0.084947103424445267 -0.047623502061024725 -0.0097509264131679183 0.017467125318166434 0.014943893018317328 0.059346295672022112 -0.050751229795283972 0.050428338429759835 0.027394128408088792 -0.0078894238907654627 0.029082588525594345 -0.054905006760274523 0.011916758253714925 -0.0054170396699082584 0.03062171198632916 -0.028004454375715845 0.04793475486690453 -0.042178659703017478 -0.049862572432401865 0.041727687027366088 -0.037099502730841692
leaf_weight=31.948544530197978 125.2742453366518 4.6586576141417018 28.95906557328999 14.384771428070961 17.342923534102738 2.5176113164052358 109.92628688272089 13.890648745000364 18.050220547243953 20.254094796255231 9.3210450848564488 12.281055288389323 60.246534091420472 74.094244075939059 6.5420572152361265 37.676594389602542 55.350073408335447 26.526072146836668 64.401012148708105 58.200237561017275 3.905118064954876 122.7301887315698 293.7216448513791 4.5263197142630807 31.161672934889793 539.97759924037382 41.679544951301068 575.44178455602378 112.99974515661597 13.05598084675148
leaf_count=680 6793 180 2390 492 1340 172 1269 921 582 253 113 162 2225 544 76 2148 1908 723 1336 2055 69 1706 1796 36 1130 60110 3063 78074 8433 544
internal_value=0.00248478 -0.0201351 0.0337586 -0.0429376 0.0123944 0.00108092 0.011445 -0.00501479 -0.0138777 0.00344063 -0.0120648 -0.0565628 0.00874593 -0.00048312 -0.0102974 -0.036257 0.0363678 0.00150545 0.0147533 0.00966162 0.0146614 -0.00177092 -0.000308693 -0.0348353 -0.012449 0.0450501 -0.0369322 -0.0493397 0.0350018 0.0169126
internal_weight=2531.05 1468.73 1062.31 707.9 367.321 760.832 281.766 479.066 127.799 242.047 102.103 32.5352 69.5676 190.563 116.468 52.0614 91.2037 75.738 139.944 122.601 35.8537 434.869 416.452 18.417 49.2119 694.992 44.1972 580.1 155.015 42.015
internal_count=181323 95569 85754 83329 14277 12240 4546 7694 5075 7484 2753 415 2338 1889 1345 2640 2657 2435 4731 3391 749 4459 3502 957 1712 71477 3235 78254 11367 2934
is_linear=0
shrinkage=0.05


Tree=86
num_leaves=31
num_cat=0
split_feature=12 2 0 2 26 13 13 23 7 15 23 24 13 0 23 23 24 24 21 15 24 12 18 17 0 2 7 23 2 2
split_gain=617.638 225.245 77.7999 68.6028 50.1908 40.4641 37.0355 46.1261 31.8015 28.0714 21.2758 16.147 15.1188 13.8518 13.6818 13.3752 13.0923 12.5062 10.4883 10.9389 8.70852 7.3984 12.8297 25.702 21.5199 7.31952 7.53571 6.5246 6.41652 13.3455
threshold=0.21111111342906955 0.43650794029235845 0.66369047760963451 1.0000000180025095e-35 1.0000000180025095e-35 0.75000000000000011 1.0000000180025095e-35 0.12150349840521814 0.83192089200019848 1.0000000180025095e-35 0.21846591681241992 3.5000000000000004 1.0000000180025095e-35 0.84045451879501354 0.027241807430982593 0.071714289486408248 4.5000000000000009 4.5000000000000009 1.0000000180025095e-35 0.47699365019798284 2.5000000000000004 0.81666666269302379 1.0000000180025095e-35 0.71063503623008739 0.71547618508338939 0.37980769574642187 0.96922349929809581 0.045584416016936309 0.080128207802772536 0.31666667759418493
decision_type=2 2 2 2 2 2 2 2 2 2 2 2 2 2 2 2 2 2 2 2 2 2 2 2 2 2 2 2 2 2
left_child=1 2 3 -1 12 18 7 27 -9 20 16 25 14 -13 -3 -11 -8 -16 -2 28 -5 22 23 -7 -25 -4 -27 -6 -20 -30
right_child=5 4 11 9 6 21 10 8 -10 15 -12 13 -14 -15 17 -17 -18 -19 19 -21 -22 -23 -24 24 -26 26 -28 -29 29 -31
leaf_value=0.051439789487570498 0.03319908800416245 -0.055280417696033084 0.030562140621933805 0.0015632705587834508 -0.050770314681404111 0.038089782687639455 -0.0031367735212507321 -0.068997544026814808 0.012985165272681577 -0.050946022458776455 0.039241981191249033 -0.049550658207843705 0.033394207686560748 0.054542921286960699 0.019251427645392925 -0.019389034824982245 0.026800791069036212 -0.025771169675148298 0.049688620827973186 0.026467713470105847 -0.030908737399498828 0.049733264651445709 0.048127224599506781 -0.1329055815250603 0.02236060574561647 -0.02150473954265817 0.036896816780532221 -0.027196811545358159 -0.05639480616462892 0.0042365126073958129
leaf_weight=19.218599867075682 103.89320734050125 7.7944892840459934 46.298271960578859 34.182165931910276 80.168552680406719 20.359999673906717 408.05659393360838 13.556738784536718 92.80931978020817 493.57842185581103 36.497091569937766 17.610466654878113 119.90644493186846 3.9045398617163292 110.18604054208845 36.028644250705838 40.10906990757212 17.934783414006233 4.9626444061286739 57.74863597843796 52.145454444922507 459.01775963325053 53.172106265556067 4.977162969298659 4.04563058167696 17.282242967281494 8.118110968731342 46.307240478694439 11.829280546866356 38.988718614447862
leaf_count=1326 6732 850 1687 606 9680 1375 4719 165 2765 67471 2665 643 5001 96 2759 511 363 296 445 4593 1485 53732 5627 294 246 479 228 2279 1027 1178
internal_value=0.00243144 -0.0142982 -0.0353269 -0.041587 0.00143806 0.03994 -0.00534162 -0.0217308 0.00253617 -0.0444897 0.00253205 0.00732952 0.0204531 -0.0306598 0.00903618 -0.0487992 -0.000457479 0.012949 0.0217194 0.0112141 -0.0180512 0.0472549 0.0334747 0.00695911 -0.0632875 0.0187292 -0.00283924 -0.0421392 -0.0045777 -0.00987709
internal_weight=2460.69 1701.69 728.367 635.153 973.326 758.995 717.505 232.842 106.366 615.935 484.663 93.2136 255.822 21.515 135.915 529.607 448.166 128.121 217.422 113.529 86.3276 541.573 82.5549 29.3828 9.02279 71.6986 25.4004 126.476 55.7806 50.818
internal_count=181323 106074 74532 71399 31542 75249 22636 14889 2930 70073 7747 3133 8906 739 3905 67982 5082 3055 13975 7243 2091 61274 7542 1915 540 2394 707 11959 2650 2205
is_linear=0
shrinkage=0.05


Tree=87
num_leaves=31
num_cat=0
split_feature=13 3 2 23 17 0 17 13 2 2 24 16 15 23 7 26 21 23 0 24 0 23 0 18 27 18 21 23 2 7
split_gain=525.758 232.198 143.402 75.7888 92.7431 60.6326 22.8504 22.3687 21.4787 20.4946 20.3498 17.8098 16.1633 15.8972 14.3479 29.6071 12.794 12.2163 11.181 9.40915 8.78229 5.24369 3.8376 3.81799 5.01455 2.09963 2.62348 5.4033 16.0152 12.9374
threshold=0.75000000000000011 0.61250001192092907 1.0000000180025095e-35 0.11538461968302728 0.47925275564193731 0.66369047760963451 0.20848321169614795 1.0000000180025095e-35 0.89444443583488475 0.58571431040763866 3.5000000000000004 1.0000000180025095e-35 0.38206814229488378 0.18257576227188113 0.83827373385429393 1.0000000180025095e-35 1.0000000180025095e-35 0.45534291863441473 0.8019607961177827 2.5000000000000004 0.87939393520355236 0.040000000968575485 0.86729559302330028 1.0000000180025095e-35 1.0000000180025095e-35 1.0000000180025095e-35 1.0000000180025095e-35 0.43666924536228185 0.087121214717626586 0.81106579303741466
decision_type=2 2 2 2 2 2 2 2 2 2 2 2 2 2 2 2 2 2 2 2 2 2 2 2 2 2 2 2 2 2
left_child=1 2 20 4 8 6 19 14 9 -3 22 -10 21 -8 15 -5 -14 -16 -12 -4 -1 -6 -7 24 -9 26 -2 28 -28 -30
right_child=25 3 5 7 12 10 13 23 11 -11 18 -13 16 -15 17 -17 -18 -19 -20 -21 -22 -23 -24 -25 -26 -27 27 -29 29 -31
leaf_value=0.050373430864435999 0.048297540502226254 0.0024196175027201114 -0.00077064916520010597 0.010213588946264085 -0.049804124163973458 0.019133934812453197 -0.050844438090598132 0.042848993482459068 -0.00064769392645619721 0.034940655955509631 -0.05307124853147397 -0.038118223001673279 0.06098258137817273 0.03040468939191053 0.01318136117112511 -0.054661146546469634 -0.031763124529868507 0.041297122413891101 0.031687716755802252 -0.038143703525577874 -0.04202724922794706 -0.030303113133237625 0.054190861465494213 0.044366364770800498 0.012167261677010488 0.049439716058374092 0.050372313651192928 0.048363013808300256 -0.062754587680505583 0.021642120235667837
leaf_weight=49.526750722900033 105.48052895534784 114.14692255947739 35.05315050855279 95.819478473626077 107.06127559347078 26.917809868697077 472.33951976057142 25.485477892216295 361.99174463842064 84.166584130842239 15.750030982773753 34.756394652184099 6.8765411581844083 6.0980915613472453 154.58521003182977 21.540240164846182 8.0965406931936723 51.50800243485719 5.1674473062157622 32.414868458174169 2.7123986491933456 50.841867474839091 10.995093466714023 73.892415761481971 27.89169385842979 319.93982963357121 25.427226193714887 48.436070903204381 7.2588879144750562 12.126985036768017
leaf_count=4422 11380 1608 630 2918 15211 959 64950 2843 1819 1989 620 1068 119 210 5051 440 358 3403 166 1367 102 3075 358 5247 1032 39155 3073 5950 630 1170
internal_value=0.00237692 -0.00994404 -0.0339043 0.00297284 -0.00657979 -0.04077 -0.0459674 0.0192485 0.00278579 0.0162219 0.00745785 -0.00393023 -0.0388173 -0.0498088 0.0122615 -0.00169354 0.0108313 0.0202082 -0.0321324 -0.0187265 0.0455757 -0.0435252 0.0293008 0.0370059 0.0268166 0.0469325 0.042896 0.036786 0.0242731 -0.00995956
internal_weight=2394.31 1875.64 656.975 1218.66 767.938 604.736 545.906 450.723 595.062 198.314 58.8304 396.748 172.876 478.438 323.453 117.36 14.9731 206.093 20.9175 67.468 52.2391 157.903 37.9129 127.27 53.3772 518.67 198.73 93.2492 44.8131 19.3859
internal_count=181323 119965 73784 46181 25247 69260 67157 20934 6484 3597 2103 2887 18763 65160 11812 3358 477 8454 786 1997 4524 18286 1317 9122 3875 61358 22203 10823 4873 1800
is_linear=0
shrinkage=0.05


Tree=88
num_leaves=31
num_cat=0
split_feature=11 17 12 23 0 2 2 26 11 17 18 1 15 23 1 7 2 17 24 26 12 0 11 23 11 11 21 17 1 11
split_gain=587.167 246.058 99.8817 62.9629 25.5072 21.1461 24.9869 23.9604 20.0857 37.5144 17.5545 14.9442 12.8711 12.0387 10.7591 9.85339 9.52867 8.99806 8.74132 8.27736 7.76568 6.85528 5.95108 7.09471 5.46962 5.13464 5.45106 5.14436 4.58366 4.58076
threshold=0.25462962687015539 0.47925275564193731 0.41428571939468389 0.05298245698213578 0.83469945192337047 0.080128207802772536 0.88194444775581371 1.0000000180025095e-35 0.065591398626565947 0.20848321169614795 1.0000000180025095e-35 0.68560534715652477 0.44130896031856542 0.21052632480859759 0.98183351755142223 0.60903531312942516 1.0000000180025095e-35 0.63427746295928966 6.5000000000000009 1.0000000180025095e-35 0.18333333730697635 0.91366460919380199 0.34057971835136419 0.22222223132848742 0.053342817351222045 0.23669467866420749 1.0000000180025095e-35 0.77731865644454967 0.96536955237388622 0.32575757801532751
decision_type=2 2 2 2 2 2 2 2 2 2 2 2 2 2 2 2 2 2 2 2 2 2 2 2 2 2 2 2 2 2
left_child=1 8 4 16 5 -2 7 -7 9 11 13 -1 14 17 -12 -14 28 -5 22 -13 -10 -20 23 -6 -11 26 -18 -27 -3 -4
right_child=2 3 29 10 18 6 -8 -9 20 24 12 19 15 -15 -16 -17 25 -19 21 -21 -22 -23 -24 -25 -26 27 -28 -29 -30 -31
leaf_value=-0.038033619353319489 0.050599675843016702 0.050969260499368944 0.018963046693688545 0.007483373206861519 0.054016056887897748 0.0034311880267086066 0.049948366011136058 -0.041539572194576657 0.01187790550021304 -0.052469058043645211 0.020619203745710881 0.013095015744637768 -0.10137845281909841 -0.11807578610773986 -0.024962534395200419 0.041601601665095134 -0.029648876928380492 -0.044567723020751154 -0.11427228829113918 -0.0002680422661476616 0.044757241818953658 0.051244996609741737 0.040840577046319188 -0.008063661092088786 0.0015844620846537467 -0.21843147602268176 -0.050234404195737506 -0.053968662219623598 -0.048198873775468762 0.047832001601331359
leaf_weight=22.829774495214224 24.25540457200259 3.5430098911747328 14.113572821952401 12.725601451005785 6.7360384352505234 200.45588491205126 24.395333996973932 34.754478952847421 41.398554635699838 38.901141053531319 20.2392443921417 156.10245390236378 1.2686335714533949 3.9767225449904791 35.925931629724801 24.010137364268303 34.463590148836374 23.890145261771977 1.7495091203600162 449.77464924566448 31.71777411410585 0.97376368846744288 95.783846471458673 14.529104187153278 5.3200699193403116 0.89439342776313324 480.82766586635262 1.0151833728887139 1.7362319342792032 520.38407210400328
leaf_count=1230 2034 149 1385 388 259 5423 1026 725 926 2922 539 3111 39 55 1266 700 3481 1083 23 2749 1414 48 6388 518 170 19 76092 55 80 67026
internal_value=0.00232476 -0.0182973 0.0328921 -0.0409259 0.014118 0.0059534 0.00178202 -0.00321365 0.00125188 -0.00145241 -0.00858998 0.00167854 0.00479794 -0.0354512 -0.00853706 0.034426 -0.0484787 -0.0264777 0.0334681 0.00317491 0.0261409 -0.0550881 0.0355284 0.011601 -0.0459661 -0.0491609 -0.0488576 -0.130999 0.0183549 0.0470697
internal_weight=2328.69 1390.56 938.131 644.516 403.633 283.861 259.606 235.21 746.044 672.928 122.036 628.707 81.4439 40.5925 56.1652 25.2788 522.48 36.6157 119.772 605.877 73.1163 2.72327 117.049 21.2651 44.2212 517.201 515.291 1.90958 5.27924 534.498
internal_count=181323 96468 84855 83946 16444 9208 7174 6148 12522 10182 4070 7090 2544 1526 1805 739 79876 1471 7236 5860 2340 71 7165 777 3092 79647 79573 74 229 68411
is_linear=0
shrinkage=0.05


Tree=89
num_leaves=31
num_cat=0
split_feature=11 17 12 23 0 2 2 26 11 2 18 26 0 3 15 21 23 2 17 24 17 12 11 23 0 11 3 24 11 21
split_gain=546.928 235.108 99.0383 62.494 24.2778 20.2438 23.6405 20.9904 18.4264 20.9917 16.0863 14.1218 22.432 17.1017 11.8194 10.6723 10.6058 9.07382 8.42574 8.00368 6.33371 6.14204 5.86891 6.7458 5.65658 4.64111 9.37531 62.6 4.58967 5.71498
threshold=0.25462962687015539 0.47925275564193731 0.41428571939468389 0.05298245698213578 0.83469945192337047 0.080128207802772536 0.88194444775581371 1.0000000180025095e-35 0.12060606107115747 0.20714285969734195 1.0000000180025095e-35 1.0000000180025095e-35 0.71081870794296276 0.81666666269302379 0.44130896031856542 1.0000000180025095e-35 0.21052632480859759 1.0000000180025095e-35 0.62053000926971447 6.5000000000000009 0.96168524026870739 0.18333333730697635 0.34057971835136419 0.22222223132848742 0.91366460919380199 0.32575757801532751 0.58571431040763866 3.5000000000000004 0.23669467866420749 1.0000000180025095e-35
decision_type=2 2 2 2 2 2 2 2 2 2 2 2 2 2 2 2 2 2 2 2 2 2 2 2 2 2 2 2 2 2
left_child=1 8 4 17 5 -2 7 -7 9 -1 16 13 -13 -11 15 -12 18 -3 -5 22 -16 -10 23 -6 -21 26 27 -4 29 -19
right_child=2 3 25 10 19 6 -8 -9 21 11 14 12 -14 -15 20 -17 -18 28 -20 24 -22 -23 -24 -25 -26 -27 -28 -29 -30 -31
leaf_value=-0.033364231860345948 0.050570355919114546 0.018158254639591753 0.036597195183009315 0.0088250671765135024 0.053849184030675505 0.00326824236428256 0.049763286166837763 -0.038323964651812231 0.014285120633006238 0.0048481727198086333 0.012210047603259418 -0.039097138405765175 0.00043553766675072944 0.042537249565645134 0.044986861089470469 -0.031652449822063444 -0.11134490250679936 -0.028862890712533049 -0.042573317767513705 -0.099366156635121106 -0.021112463599811556 0.050820055760421971 0.04040925393576178 -0.0076052865724408033 0.051183646553003517 0.047695794381850905 0.045304310382281998 -0.50859767140581924 -0.12728292291196691 -0.05021183315601907
leaf_weight=46.293750842567533 23.085494372993708 5.0742725729942313 3.5433725165203205 11.911240260116754 6.4268740024417665 199.941087173298 23.289705093950033 35.759942262433469 23.981825093273073 117.87539641419426 29.839740574359894 38.974973042029887 452.3932470115833 40.419711603783071 20.46038970537484 25.909054788760841 4.00555127672851 33.652902372647077 24.118988962378353 1.9068794604390853 4.4042557040229431 22.108889622148126 92.060596380382776 14.631823215633629 0.92735492903739203 496.38306538388133 9.6948449891060573 0.61840445455163706 1.8674898631870736 457.57785353669897
leaf_count=3168 2034 229 341 349 259 5423 1026 725 514 1841 610 813 3503 1393 634 1195 55 3481 1122 23 105 1290 6388 518 48 67026 1030 14 74 76092
internal_value=0.00226915 -0.017785 0.0323165 -0.0405427 0.0136228 0.00570558 0.00170649 -0.00304202 0.00119352 -0.000834114 -0.00825519 0.00148392 -0.00270017 0.0144719 0.00461119 -0.00817489 -0.0341621 -0.0483622 -0.0255815 0.0328829 0.0332787 0.0318103 0.0349622 0.0111499 -0.0501066 0.0468991 0.0183578 -0.0444141 -0.0490467 -0.0487493
internal_weight=2269.14 1360.87 908.269 618.822 398.03 282.076 258.991 235.701 742.048 695.957 120.649 649.663 491.368 158.295 80.6134 55.7488 40.0358 498.173 36.0302 115.954 24.8646 46.0907 113.119 21.0587 2.83423 510.24 13.8566 4.16178 493.098 491.231
internal_count=181323 96468 84855 83946 16444 9208 7174 6148 12522 10718 4070 7550 4316 3234 2544 1805 1526 79876 1471 7236 739 1804 7165 777 71 68411 1385 355 79647 79573
is_linear=0
shrinkage=0.05


Tree=90
num_leaves=31
num_cat=0
split_feature=11 17 12 23 7 24 14 11 15 18 15 1 13 6 0 2 0 18 17 22 2 12 11 22 17 24 15 11 3 24
split_gain=509.278 224.482 98.1515 61.9024 23.377 28.9299 18.3463 17.3974 39.5064 15.1874 14.7482 13.5476 11.5177 11.3646 28.8318 10.3951 15.5812 9.99846 11.1238 9.18904 8.78049 8.50051 8.45759 8.04237 5.67586 4.82602 4.62203 4.58395 8.51062 38.6418
threshold=0.25462962687015539 0.47925275564193731 0.41428571939468389 0.05298245698213578 0.89699381589889537 3.5000000000000004 1.0000000180025095e-35 0.056349206715822227 0.093933824449777617 1.0000000180025095e-35 0.52883061766624462 0.68560534715652477 1.0000000180025095e-35 1.0000000180025095e-35 0.75219297409057628 0.10555555671453477 0.73401361703872692 1.0000000180025095e-35 0.63034346699714672 1.0000000180025095e-35 1.0000000180025095e-35 0.18333333730697635 0.31414473056793218 1.0000000180025095e-35 0.97568368911743175 4.5000000000000009 0.39408509433269506 0.32575757801532751 0.58571431040763866 3.5000000000000004
decision_type=2 2 2 2 2 2 2 2 2 2 2 2 2 2 2 2 2 2 2 2 2 2 2 2 2 2 2 2 2 2
left_child=1 7 4 20 5 15 -7 8 11 -8 17 -1 13 14 -6 -2 -17 18 -5 -19 -3 25 -15 -13 -12 26 -9 28 29 -4
right_child=2 3 27 10 12 6 9 21 -10 -11 24 23 -14 22 -16 16 -18 19 -20 -21 -22 -23 -24 -25 -26 -27 -28 -29 -30 -31
leaf_value=-0.037181099586121709 0.050540593709914816 0.01731947486843317 0.036061187420083643 0.0019952836950715941 0.02224388308824464 -0.18015162377534544 -0.049342387605555663 0.0027337436256898665 -0.046661238832586487 -0.0016425125028595559 0.050316971747284459 -0.00071029114868950303 0.045957841759376422 -0.013094104358367449 -0.069674495658028954 -0.0022665769492654169 0.033432769549560877 -0.022664383396382409 -0.054544876209812937 0.014594207856894715 -0.048934316140055875 0.044259641236837857 0.038296742650788168 0.011757082373030211 -0.050852814739066582 0.070244655360391151 0.10488340850169189 0.047554797678324448 0.045049357314944576 -0.33515375382730583
leaf_weight=21.456940413452685 18.227347521111369 5.0545401358976951 3.4194021141156545 13.360939571633933 33.034476025030017 1.8124134531244624 26.303027861751616 40.381310121621937 45.022913851775229 45.647233992815018 12.887422484345731 406.4538704212755 55.458104658406228 9.3043121779337508 11.501351937651632 86.859484756365418 47.159650661051273 30.955297134816647 24.932526959571987 35.556857197545469 470.10902853216976 30.548559469170868 57.374503187835217 189.73441533744335 1.5534492926672108 3.0961787183769038 1.1386099709197868 473.53929165238515 9.2729118810966593 0.88183985278010357
leaf_count=1214 1697 229 341 404 822 25 484 944 3076 1079 430 3451 4580 182 478 2290 2040 1262 1097 846 79647 1425 2767 2325 31 65 22 67026 1030 14
internal_value=0.00221662 -0.0172796 0.0317391 -0.0401464 0.0131386 0.00266222 -0.0230379 0.00114223 -0.00144355 -0.0190803 -0.00793719 0.00185257 0.0273447 0.0180632 -0.00149399 0.0151138 0.0102956 -0.0144643 -0.0348175 -0.00274624 -0.0482295 0.0239391 0.0311257 0.0032574 0.0394338 0.0100256 0.00553502 0.0467336 0.0180854 -0.0400452
internal_weight=2212.04 1332.24 879.795 594.41 392.682 226.009 73.7627 737.833 662.668 71.9503 119.246 617.645 166.673 111.215 44.5358 152.246 134.019 104.806 38.2935 66.5122 475.164 75.1647 66.6788 596.188 14.4409 44.6161 41.5199 487.113 13.5742 4.30124
internal_count=181323 96468 84855 83946 16444 7615 1588 12522 10066 1563 4070 6990 8829 4249 1300 6027 4330 3609 1501 2108 79876 2456 2949 5776 461 1031 966 68411 1385 355
is_linear=0
shrinkage=0.05


Tree=91
num_leaves=31
num_cat=0
split_feature=11 17 12 23 2 2 23 18 11 2 7 26 3 3 17 15 21 2 11 7 18 17 7 12 23 11 3 10 2 6
split_gain=474.177 214.122 97.0664 61.2656 21.9679 17.9276 19.6211 16.8703 15.9622 18.7637 14.9028 13.1792 16.1882 14.9166 10.6488 10.408 10.7395 8.70761 8.4588 6.48601 6.42213 21.6652 6.14798 5.97965 5.40254 4.52455 7.83877 19.655 11.3217 4.51823
threshold=0.25462962687015539 0.47925275564193731 0.41428571939468389 0.040000000968575485 0.89444443583488475 0.080128207802772536 0.083683479577302947 1.0000000180025095e-35 0.12060606107115747 0.20714285969734195 0.9759001135826112 1.0000000180025095e-35 0.81666666269302379 0.61250001192092907 0.60078126192092907 0.44130896031856542 1.0000000180025095e-35 1.0000000180025095e-35 0.31009615957736975 0.60903531312942516 1.0000000180025095e-35 0.66789215803146373 0.95505049824714672 0.18333333730697635 0.21052632480859759 0.32575757801532751 0.58571431040763866 1.0000000180025095e-35 0.27922078967094427 1.0000000180025095e-35
decision_type=2 2 2 2 2 2 2 2 2 2 2 2 2 2 2 2 2 2 2 2 2 2 2 2 2 2 2 2 2 2
left_child=1 8 4 17 5 -2 -7 14 9 -1 -8 12 -11 -13 22 16 -9 29 20 -17 21 -6 -5 -10 -16 26 27 -4 -29 -3
right_child=2 3 25 7 18 6 10 15 23 11 -12 13 -14 -15 24 19 -18 -19 -20 -21 -22 -23 -24 -25 -26 -27 -28 28 -30 -31
leaf_value=-0.032212011541270485 0.050530158689510468 0.051187002015316688 0.050501782467995006 0.038471596354363632 0.052404926723571013 -0.04494753524994869 0.0026900661915404142 0.012074276616111851 0.013168098305493864 0.0047666771671241778 0.039347511894248378 -0.057228170468780128 0.042003988289666387 -0.0012543523960303114 -0.042026466207051194 -0.065131196961648721 -0.030400303910519424 -0.049611780418163755 0.042778209768132999 0.037263054431402896 0.017825966243751171 -0.23764181502150011 -0.026463163141169022 0.050063751824658477 -0.11095898749866798 0.047408752615408861 0.044785934077313433 -0.33487883045989336 -0.071268426730495479 -0.048164014071507888
leaf_weight=44.412783050443977 21.746770432684571 3.2789275171235195 2.603745533619076 6.5728502259589723 1.4727487834170445 19.522753116674721 237.79895852645859 31.489120485261083 23.752598624676466 117.26850425545126 31.385007173754275 12.207557536195962 38.857572305947542 476.39025939395651 32.390665584243834 1.6566104167141045 28.2187156570144 431.19167274795473 67.549017569515854 23.280372628010809 6.7797914184629917 1.1438780706375835 8.1836772905662638 20.424517040140927 3.1158611578866831 451.79758217185736 8.8712546834722144 0.63296729326248069 1.1425235141068695 1.7578647956252096
leaf_count=3168 2080 148 284 199 62 194 7640 623 514 1841 1602 410 1393 3906 2158 50 1481 78100 4634 743 218 14 334 1290 29 67026 1030 20 51 81
internal_value=0.00216435 -0.0167872 0.0311648 -0.0397414 0.012679 0.00675137 0.00345374 -0.010294 0.00109047 -0.000777275 0.00696407 0.00138815 0.0140345 -0.00265285 -0.033239 0.003331 -0.00799977 -0.0488483 0.0365951 0.0304608 -0.0078538 -0.0743912 0.00246007 0.0302262 -0.0480756 0.0465641 0.017766 -0.0369698 -0.165246 0.016513
internal_weight=2156.9 1304.45 852.447 571.136 387.399 310.453 288.707 134.908 733.314 689.137 269.184 644.724 156.126 488.598 50.2631 84.6448 59.7078 436.228 76.9454 24.937 9.39642 2.61663 14.7565 44.1771 35.5065 465.048 13.2505 4.37924 1.77549 5.03679
internal_count=181323 96468 84855 83946 16444 11516 9436 5617 12522 10718 9242 7550 3234 4316 2720 2897 2104 78329 4928 793 294 76 533 1804 2187 68411 1385 355 71 229
is_linear=0
shrinkage=0.05


Tree=92
num_leaves=31
num_cat=0
split_feature=11 13 12 23 1 0 21 0 24 8 26 16 12 2 2 21 11 2 23 24 18 1 7 1 11 23 24 2 11 11
split_gain=441.316 173.18 95.7413 60.0206 39.7349 21.8295 19.0853 33.8659 18.7104 27.6395 38.7064 17.5651 12.8418 12.48 12.3629 10.9423 9.04276 7.47537 12.4915 7.30156 6.89373 6.65001 14.3701 6.49013 5.63431 6.57381 5.59485 5.21563 8.13428 7.08489
threshold=0.25462962687015539 1.0000000180025095e-35 0.41428571939468389 0.03347339108586312 0.7155904769897462 0.83469945192337047 1.0000000180025095e-35 0.94174209237098705 2.5000000000000004 0.75000000000000011 1.0000000180025095e-35 1.0000000180025095e-35 0.18333333730697635 1.0000000180025095e-35 0.73030304908752453 1.0000000180025095e-35 0.13100686669349673 0.11805555596947671 0.17902931571006778 6.5000000000000009 1.0000000180025095e-35 0.99238026142120372 0.97752526402473461 0.94616025686264049 0.34057971835136419 0.22222223132848742 5.5000000000000009 0.89444443583488475 0.084523811936378493 0.11651583760976793
decision_type=2 2 2 2 2 2 2 2 2 2 2 2 2 2 2 2 2 2 2 2 2 2 2 2 2 2 2 2 2 2
left_child=1 3 5 13 15 8 7 -6 17 10 -10 26 21 23 -11 -3 -13 -2 -19 24 -9 22 -5 -1 25 -7 -8 28 -14 -29
right_child=2 4 -4 12 6 19 11 20 9 14 -12 16 27 -15 -16 -17 -18 18 -20 -21 -22 -23 -24 -25 -26 -27 -28 29 -30 -31
leaf_value=0.053463254963967838 0.050477956171726082 0.024941599827051204 0.046386208875581453 -0.015726911392521158 0.04058906000725937 0.053798799792128871 -0.0011307174589088064 -0.0083229448575348666 -0.0094632958439424524 0.0049070518851877425 -0.096817198870496113 -0.048435132101081503 0.17601495165148265 -0.050337002744231391 0.049337337630481128 -0.041862844533245479 0.0015554475216287072 -0.01636099662538941 0.028548642124167741 -0.046839529975863659 0.01190423370292619 -0.031301001739397011 0.053714096501317976 -0.054987287852337891 0.039322649816311617 -0.0084869526150389493 0.04920702585743459 -0.064747078950656553 0.034986268031521064 0.02524147820384208
leaf_weight=4.4482332463376215 19.339980131480843 6.7360717770643523 444.06625152286142 59.053051867987961 79.169197789393365 6.0201184903271523 393.06944170966744 91.564345500431955 74.28837872017175 70.139791062101722 15.291397965513168 30.924773195292801 1.1526158512569971 368.92393841641024 20.156104083172977 68.09355401666835 12.78648678679019 21.727602472528815 53.87993345875293 2.9004727643914512 78.012412861455232 48.024981844238937 8.5258003901690227 1.9996861265972254 83.707826451398432 14.296086565591393 5.5986468810588113 2.9669713112525651 9.0541224018670601 8.3228510860353691
leaf_count=231 1993 304 68411 2730 2865 259 3226 1233 1806 1802 225 4696 8 67900 987 8919 198 401 1994 71 862 2380 189 71 6388 518 51 115 360 130
internal_value=0.00211117 -0.0162923 0.0306013 -0.0387905 -0.00123963 0.0122395 0.00250762 0.0135881 0.00478162 -0.00469688 -0.0243747 -0.00372286 -0.0104768 -0.0491317 0.0148249 -0.0358492 -0.0338118 0.0227384 0.0156428 0.0314082 0.000982405 -0.0170755 -0.00696618 0.0198296 0.0335899 0.00996962 -0.000423805 0.0250099 0.0509122 0.00159244
internal_weight=2104.24 1278.43 825.814 512.472 765.955 381.748 691.125 248.746 274.823 179.876 89.5798 442.379 137.1 375.372 90.2959 74.8296 43.7113 94.9475 75.6075 106.925 169.577 115.604 67.5789 6.44792 104.024 20.3162 398.668 21.4966 10.2067 11.2898
internal_count=181323 96468 84855 74114 22354 16444 13131 4960 9208 4820 2031 8171 5912 68202 2789 9223 4894 4388 2395 7236 2095 5299 2919 302 7165 777 3277 613 368 245
is_linear=0
shrinkage=0.05


Tree=93
num_leaves=31
num_cat=0
split_feature=11 17 12 22 13 11 11 24 18 11 15 2 7 26 18 7 7 2 17 17 15 1 26 12 1 3 11 11 15 11
split_gain=410.549 195.839 94.2989 53.2008 20.9446 20.5656 18.7867 17.6166 16.8572 15.0482 35.1783 12.1586 11.7701 26.2526 10.8902 10.2353 9.63632 10.2413 8.38338 8.3383 9.95005 9.02996 7.9009 7.3609 7.24172 6.34769 5.96083 5.84035 5.0119 4.71793
threshold=0.25462962687015539 0.47925275564193731 0.41428571939468389 1.0000000180025095e-35 1.0000000180025095e-35 0.13714733719825747 0.050641026347875602 4.5000000000000009 1.0000000180025095e-35 0.056349206715822227 0.093933824449777617 0.19090909510850909 0.81322672963142406 1.0000000180025095e-35 1.0000000180025095e-35 0.89528506994247448 0.96459901332855236 0.087121214717626586 0.60078126192092907 0.70385184884071361 0.55942294001579296 0.88275891542434703 1.0000000180025095e-35 0.18333333730697635 0.65794143080711376 0.6904762089252473 0.34057971835136419 0.59545454382896434 0.59763106703758251 0.32575757801532751
decision_type=2 2 2 2 2 2 2 2 2 2 2 2 2 2 2 2 2 2 2 2 2 2 2 2 2 2 2 2 2 2
left_child=1 9 4 5 7 -3 28 16 12 10 11 -1 13 -6 18 27 17 -2 -8 21 -21 -7 -13 -11 -16 -17 -18 -9 -5 -4
right_child=2 3 29 6 8 19 14 15 -10 23 -12 22 -14 -15 24 25 26 -19 -20 20 -22 -23 -24 -25 -26 -27 -28 -29 -30 -31
leaf_value=-0.040398761247426154 0.050524752885066138 -0.050241450543527133 0.015812266104900715 -0.050346836859840816 -0.0070049460709203856 -0.02753347227774039 0.016940240599127621 -0.032473410772035936 0.043060693418037213 0.0098699305609687253 -0.045807998439543862 0.012834101407072647 0.026973711335419856 -0.20466962034992064 -0.090004032587217217 -0.079210784016675126 -0.0032594294127136145 0.0012629878539563966 -0.040961136417988167 -0.039636782198945869 0.03502895885735182 0.057825924055337666 -0.00046065251832809603 0.042561550677048227 0.023616608473116793 0.0090345659956611174 0.038821516551834662 -0.089634253414276388 0.17858754061902243 0.04710341031188961
leaf_weight=16.683633353561163 11.260805767960845 385.65970324305817 12.409192253369836 20.367224319837991 12.228835246060044 5.5823914660140854 9.9511426966637391 13.849087619222702 76.615042117424309 43.771850652061403 41.625255281105638 149.26697661634535 17.712952977046371 1.9472656957805163 1.4451781390234817 2.295791748911145 10.820956590585409 167.28156280051917 16.814734730869532 28.408310516737401 5.2933163885027161 6.9626638144254684 444.6495447345078 28.384141070768237 47.359809105750173 18.137598384171724 37.855409390293062 6.5975514706224194 0.24190665781497855 411.76730690244585
leaf_count=1064 1064 76555 1385 3310 672 386 250 142 6697 1031 3076 3111 880 39 53 26 274 3977 463 1432 68 88 2815 1425 1340 640 1967 66 1 67026
internal_value=0.0020594 -0.015818 0.0300208 -0.0389743 0.0118113 -0.0464633 -0.00534408 0.0043099 0.0303461 0.00106326 -0.00133372 0.00169813 -0.00020146 -0.0341567 0.00619591 -0.025907 0.00974637 0.00436997 -0.0194343 -0.0149562 -0.0279095 0.0198421 0.00288067 0.0227299 0.0202522 -0.000880233 0.0294667 -0.0509176 -0.0476596 0.046188
internal_weight=2053.25 1252.47 800.779 528.086 376.603 431.906 96.18 268.099 108.504 724.381 652.225 610.6 31.8891 14.1761 75.5709 40.88 227.219 178.542 26.7659 46.2467 33.7016 12.5451 593.917 72.156 48.805 20.4334 48.6764 20.4466 20.6091 424.176
internal_count=181323 96468 84855 83946 16444 78529 5417 8156 8288 12522 10066 6990 1591 711 2106 874 7282 5041 713 1974 1500 474 5926 2456 1393 666 2241 208 3311 68411
is_linear=0
shrinkage=0.05


Tree=94
num_leaves=31
num_cat=0
split_feature=12 1 3 11 17 11 11 19 27 3 5 1 21 27 14 17 19 1 7 11 3 6 11 25 0 11 7 17 23 15
split_gain=382.692 163.816 51.6979 46.9889 86.3076 31.6462 24.0476 18.8727 24.9309 16.9523 14.8666 19.8438 14.6483 14.522 12.3689 10.9023 9.80397 9.56858 9.14456 7.79549 7.48057 7.22876 5.04419 4.81327 4.69957 7.54547 10.5993 4.47283 9.20679 4.43431
threshold=0.41428571939468389 0.73678031563758861 1.0000000180025095e-35 0.21240601688623431 0.45813862979412084 0.32575757801532751 0.075498577207326903 1.0000000180025095e-35 0.60000000149011623 0.61250001192092907 1.0000000180025095e-35 0.94418826699256908 1.0000000180025095e-35 0.60000000149011623 1.0000000180025095e-35 0.47925275564193731 1.0000000180025095e-35 0.98129165172576915 0.78896763920784008 0.056349206715822227 0.96153846383094799 1.0000000180025095e-35 0.31414473056793218 1.0000000180025095e-35 0.94804319739341747 0.12060606107115747 0.99193549156188976 0.60078126192092907 0.077171217650175108 0.59763106703758251
decision_type=2 2 2 2 2 2 2 2 2 2 2 2 2 2 2 2 2 2 2 2 2 2 2 2 2 2 2 2 2 2
left_child=1 2 -1 4 16 12 29 8 -5 23 -9 -12 24 -8 -10 -14 17 -3 20 -18 -11 -20 -17 -4 27 26 -26 -2 -29 -6
right_child=5 3 9 7 6 -7 13 10 14 18 11 -13 15 -15 -16 22 19 -19 21 -21 -22 -23 -24 -25 25 -27 -28 28 -30 -31
leaf_value=0.050690561563677378 0.056291530899635039 0.016876727880290997 -0.050522167879355998 0.044845041634655441 -0.04914955878519614 0.046940734344301488 0.022910538525759538 0.030312154384131013 -0.047875954199726248 -0.05095253615437953 -0.037988620418210106 0.013618932366858919 0.0067752781212940781 -0.02621328620675116 0.013529977474117806 -0.045291134186620327 -0.0089584441087076482 -0.00017981681391826109 0.022619071053604927 0.015633393639553579 0.011295336415950912 -0.040795864721450747 -0.20140826044080537 0.07341206534669957 -0.080600670003817557 0.044413214388791748 0.019976666466650667 -0.070850813949497535 0.050016806425305142 0.15755715429820547
leaf_weight=14.697311550378798 21.313159361016009 144.1816967674531 270.84677384374663 74.645398637745529 131.53404604643583 393.0087997992523 19.939572479575872 22.628206021618098 8.5862213568761927 22.392994607798759 43.427472800947726 32.616794136352837 27.179022270254791 61.284241098444909 182.63152632582933 9.8001106749288702 236.23366285068914 191.35033877473325 16.26819741353393 37.316087504383177 6.152484990656375 6.20903520239517 0.54624453186988908 0.78569741919636626 3.9165819333866256 10.844544341322033 7.9096951363608241 2.3366456446237853 4.8369778539054096 0.25996464490890403
leaf_count=1434 1462 2462 51332 6681 25728 67026 733 571 223 2389 1120 1495 532 4357 5592 690 2942 1074 709 579 212 629 3 34 38 595 60 119 501 1
internal_value=0.00200473 -0.0102741 -0.0410191 -0.00153354 -0.00815901 0.0408529 -0.0355534 0.0134082 0.020339 -0.0451966 -0.00526625 -0.0158532 0.0138738 -0.0141539 0.0107727 -0.00985282 0.00142181 0.00714956 -0.0187528 -0.00560377 -0.0375361 0.00510154 -0.0535335 -0.0501637 0.0312778 0.0142902 -0.0133322 0.0447972 0.0106469 -0.0487418
internal_weight=2005.68 1523.99 337.352 1186.64 822.1 481.692 213.018 364.536 265.863 322.655 98.6725 76.0443 88.683 81.2238 191.218 37.5254 609.082 335.532 51.0227 273.55 28.5455 22.4772 10.3464 271.632 51.1576 22.6708 11.8263 28.4868 7.17362 131.794
internal_count=181323 110297 56739 53558 37876 71026 30819 15682 12496 55305 3186 2615 4000 5090 5815 1225 7057 3536 3939 3521 2601 1338 693 51366 2775 693 98 2082 620 25729
is_linear=0
shrinkage=0.05


Tree=95
num_leaves=31
num_cat=0
split_feature=12 1 24 11 17 11 11 13 18 2 24 22 13 25 8 17 7 18 24 24 2 25 0 11 7 7 17 23 11 15
split_gain=359.334 156.134 50.3949 42.9952 81.16 31.4839 24.1474 17.5048 19.1291 15.5191 13.6572 13.6411 13.2464 10.7306 10.147 9.8903 8.94096 8.86519 14.8644 10.138 7.35064 6.05827 4.57459 7.1009 8.84736 4.32224 4.3151 8.40866 4.00289 3.98546
threshold=0.41428571939468389 0.73678031563758861 1.5000000000000002 0.21240601688623431 0.45813862979412084 0.32575757801532751 0.075498577207326903 1.0000000180025095e-35 1.0000000180025095e-35 0.44949495792388922 4.5000000000000009 1.0000000180025095e-35 1.0000000180025095e-35 1.0000000180025095e-35 0.75000000000000011 0.47925275564193731 0.88989898562431347 1.0000000180025095e-35 3.5000000000000004 3.5000000000000004 1.0000000180025095e-35 1.0000000180025095e-35 0.94804319739341747 0.12701612710952762 0.99193549156188976 0.97530490159988414 0.60078126192092907 0.077171217650175108 0.31414473056793218 0.59763106703758251
decision_type=2 2 2 2 2 2 2 2 2 2 2 2 2 2 2 2 2 2 2 2 2 2 2 2 2 2 2 2 2 2
left_child=1 2 -1 4 17 11 29 10 14 20 13 15 -8 -5 -9 -2 -12 19 -19 -3 -4 -22 26 24 -24 -11 -13 -28 -17 -6
right_child=5 3 9 7 6 -7 12 8 -10 25 16 22 -14 -15 -16 28 -18 18 -20 -21 21 -23 23 -25 -26 -27 27 -29 -30 -31
leaf_value=0.051548392658014475 0.0064449243993825863 0.0067956489109164287 0.050695708655468907 0.037520247295935318 -0.049070651661503845 0.046771937763656457 -0.025263893403671411 -0.037623385092599215 0.044488092707511175 -0.015076291772535525 -0.045971162790816658 0.055868090387226933 0.021617344787319633 0.0063668399724857386 0.022418114387468928 -0.043455353262490726 0.0013945024390603984 -0.0010310864658189089 0.0209756484212405 -0.012957449486483689 -0.049420140807628687 0.065721609659914498 -0.071171100004503801 0.045676098326985368 0.018205150428948012 0.048897723067166082 -0.065544731566345271 0.049883832374274142 -0.1780301875563095 0.14187832513339166
leaf_weight=14.152557065244762 27.144464313983917 105.92952246265486 1.8629350899718691 32.424598495941609 125.31524369632825 375.15712266881019 60.430139335338026 12.528648763895037 71.560389815364033 22.502053647767756 18.745816465932876 20.423543525859717 20.072277775034308 187.36149763362482 16.053077667020261 9.7059180773794616 21.265464508906007 215.21114002587274 119.24892413802445 167.93465694924816 280.61944023100659 1.1470816433429707 4.119771597906948 9.8039718498475832 8.4444827400147915 2.9911952069960526 2.3978842617943874 4.6130359256640077 0.58592564612627107 0.27386227250099082
leaf_count=1369 532 1454 185 1049 25728 67026 4357 503 6681 1093 185 1462 733 5779 780 690 705 2290 1246 2067 53903 38 41 586 66 151 119 501 3 1
internal_value=0.00195182 -0.00994395 -0.0407141 -0.00147357 -0.00783379 0.0404804 -0.0349516 0.0129173 0.0306774 -0.0449382 0.00607153 0.0134247 -0.0135746 0.0109628 -0.00390076 -0.00937973 -0.0207969 0.00135335 0.00681523 -0.00531703 -0.0482969 -0.0489514 0.0305667 0.0137844 -0.011101 -0.00757004 0.0442499 0.0104048 -0.0511168 -0.0486543
internal_weight=1960.03 1497.63 323.275 1174.36 814.416 462.396 206.092 359.939 100.142 309.123 259.797 87.239 80.5024 219.786 28.5817 37.4363 40.0113 608.324 334.46 273.864 283.629 281.767 49.8027 22.3682 12.5643 25.4932 27.4345 7.01092 10.2918 125.589
internal_count=181323 110297 56739 53558 37876 71026 30819 15682 7964 55370 7718 4000 5090 6828 1283 1225 890 7057 3536 3521 54126 53941 2775 693 107 1244 2082 620 693 25729
is_linear=0
shrinkage=0.05


Tree=96
num_leaves=31
num_cat=0
split_feature=12 2 2 11 17 11 0 13 18 21 2 17 21 17 15 1 1 17 8 0 2 1 24 1 13 1 11 15 0 17
split_gain=337.27 149.806 67.13 31.7224 74.6928 31.3075 28.5737 20.4552 14.4038 13.9303 25.3091 13.7795 12.6953 9.86037 10.1251 9.42311 18.5306 8.96978 8.52002 8.04253 7.53604 7.31638 6.73625 5.73605 4.64755 4.63874 4.52565 4.5055 3.81983 8.42121
threshold=0.41428571939468389 0.31666667759418493 1.0000000180025095e-35 0.12701612710952762 0.40310543775558477 0.32575757801532751 0.6776927411556245 1.0000000180025095e-35 1.0000000180025095e-35 1.0000000180025095e-35 0.82575756311416637 0.20848321169614795 1.0000000180025095e-35 0.99707603454589855 0.94146201014518749 0.98129165172576915 0.94286730885505687 0.47925275564193731 0.75000000000000011 0.81934732198715221 0.19090909510850909 0.96536955237388622 4.5000000000000009 0.89772307872772228 0.75000000000000011 0.91842263936996471 0.17752101272344592 0.1183014363050461 0.94804319739341747 0.60078126192092907
decision_type=2 2 2 2 2 2 2 2 2 2 2 2 2 2 2 2 2 2 2 2 2 2 2 2 2 2 2 2 2 2
left_child=1 2 21 4 15 12 11 13 18 10 -6 20 24 14 -5 16 -3 -14 -9 -15 -4 -1 -17 27 28 -13 -25 -8 29 -2
right_child=5 3 6 7 9 -7 23 8 -10 -11 -12 25 17 19 -16 22 -18 -19 -20 -21 -22 -23 -24 26 -26 -27 -28 -29 -30 -31
leaf_value=0.050611630135316034 0.053079498855043684 -0.00075428986110118482 -0.049109741398173277 0.0043541237271220367 0.065141121610090627 0.046596744537492539 0.14540467084805717 -0.026000929405699837 0.043160905650291959 -0.04969112329724782 -0.033184073626997206 -0.049096730819198429 0.00613027442026214 -0.054230934972888778 0.048644147533778173 -0.0062319587015009859 0.028120741422978338 -0.048793331905993026 0.023607544059170604 0.016779873215396365 -0.0041960668431035505 -0.044191672366630616 0.021848305422251114 -0.026389613899320388 0.046752665400464417 -0.23547620841047504 0.03589081589661277 0.036687003382049159 -0.0017083745885611964 -0.069094953761261527
leaf_weight=22.910395280458037 10.385324084199963 167.07475414359942 13.862222207710145 250.27600146364421 7.9094410152174524 358.16882060002536 1.4079974363558019 14.113632081542162 70.05610642908141 96.549925622995943 37.928783916402608 294.21493375347927 27.111692148726434 12.377338179852815 13.605626767501233 290.09056461602449 83.247988651972264 10.241870893165467 22.37828777031973 5.8823302229866377 28.626270248088986 2.2335176439955822 23.055182620882988 5.8645707326941174 22.123988615348935 0.33422345900908013 5.8032605960033834 2.9488635244779289 14.376766046043485 1.6320914700627334
leaf_count=2410 445 2289 1016 7086 237 67026 13 501 6320 19771 3628 60373 532 232 441 1795 1450 693 949 239 752 102 154 165 2042 9 211 154 212 76
internal_value=0.0018994 -0.00961702 -0.0367453 -0.000243177 -0.00655972 0.040096 -0.0423669 0.0112276 0.0298928 -0.0389153 -0.0162179 -0.0454685 0.0129815 0.00417889 0.0066377 0.00161652 0.00884847 -0.00892908 0.00442095 -0.0313549 -0.0188495 0.0421903 -0.00416456 0.0228669 0.0298501 -0.0493082 0.00458697 0.0718211 0.0156822 0.0364869
internal_weight=1916.79 1472.75 378.206 1094.55 705.857 444.041 353.062 388.689 106.548 142.388 45.8382 337.038 85.8717 282.141 263.882 563.468 250.323 37.3536 36.4919 18.2597 42.4885 25.1439 313.146 16.0247 48.5182 294.549 11.6678 4.35686 26.3942 12.0174
internal_count=181323 110297 65205 45092 29324 71026 62693 15768 7770 23636 3865 62150 4000 7998 7527 5688 3739 1225 1450 471 1768 2512 1949 543 2775 60382 376 167 733 521
is_linear=0
shrinkage=0.05


Tree=97
num_leaves=31
num_cat=0
split_feature=11 17 13 23 21 18 21 2 7 2 2 2 2 1 17 11 18 21 11 2 13 7 13 2 2 19 2 13 11 26
split_gain=307.364 163.559 86.1148 56.9232 16.5734 15.8809 13.1243 27.1434 11.9318 13.7496 17.1372 11.598 9.87801 11.7407 9.30742 9.12128 8.82918 8.74178 9.8823 7.93636 7.59079 6.99679 6.76081 7.56413 10.9529 11.5235 6.00084 5.8553 8.38562 6.10148
threshold=0.25462962687015539 0.47925275564193731 1.0000000180025095e-35 0.036549167707562454 1.0000000180025095e-35 1.0000000180025095e-35 1.0000000180025095e-35 0.89444443583488475 0.96459901332855236 0.087121214717626586 0.63068181276321422 0.20714285969734195 0.5634920895099641 0.98576694726943981 0.60078126192092907 0.40454545617103582 1.0000000180025095e-35 1.0000000180025095e-35 0.15894736349582675 1.0000000180025095e-35 0.75000000000000011 0.94665718078613292 0.75000000000000011 0.41428571939468389 0.087121214717626586 1.0000000180025095e-35 0.069047622382640853 1.0000000180025095e-35 0.14495798945426944 1.0000000180025095e-35
decision_type=2 2 2 2 2 2 2 2 2 2 2 2 2 2 2 2 2 2 2 2 2 2 2 2 2 2 2 2 2 2
left_child=1 6 4 19 -2 14 7 12 9 -6 -11 26 13 -1 -5 -10 20 -7 -19 -3 -9 -18 23 24 -4 -26 -8 28 -13 -29
right_child=2 3 22 5 8 17 11 16 15 10 -12 27 -14 -15 -16 -17 21 18 -20 -21 -22 -23 -24 -25 25 -27 -28 29 -30 -31
leaf_value=0.023872357051194094 0.024275161979813567 0.019091755867533713 0.050280286584992666 0.0021895291881414841 0.050412922089011485 0.01974688232271294 0.049627967104075438 -0.01237726406462434 -0.012690370016934511 -0.025225286327810098 0.009116669486812716 -0.057319075130742358 0.056377870209200688 -0.14471512541965442 -0.046164246416765017 0.03817783495291506 0.055652345248480575 -0.050763556399187171 0.0043665651050533352 -0.049527345297286626 0.051580344690986303 0.0072647986096570491 0.046151965169250887 0.039870572985008956 0.018156764743921184 -0.062482889261685215 -0.03865424373718359 0.0089688931347097524 0.024718620073497177 -0.0046797244728992811
leaf_weight=46.088737144134939 96.038565180264413 4.269976617768406 10.674800287000837 14.075157496146856 9.7202771049924177 42.887591018341482 2.0556115997023872 105.34936491958797 12.628939315676687 87.42781781964004 62.151747099123895 10.414052967680616 31.154884740244597 1.0563900703564275 33.972478830721229 29.162215169519186 8.4770520655438286 11.981243817601351 25.279698166530579 320.15686356183141 4.8528960309922686 62.942183896433562 310.5403156420216 74.672053802292794 11.379296055063607 7.254686406813561 30.268489544279873 114.16001469455659 4.4442424997687331 289.6208552448079
leaf_count=1333 6576 229 1814 600 1312 1251 206 1196 243 1756 2076 921 1482 30 2654 1973 84 1363 399 77450 200 460 59784 8270 616 435 3064 1708 37 1801
internal_value=0.00184746 -0.0139842 0.0277313 -0.037478 0.00718774 -0.00927036 0.000974433 0.00992309 -0.000973007 -0.00721123 -0.0109559 -0.0041833 0.0345315 0.0200948 -0.0319994 0.0228059 -0.000686002 0.0043553 -0.0133605 -0.0486242 -0.00956081 0.0130081 0.042457 0.0314218 0.00989633 -0.0132383 -0.03304 -0.0019552 -0.0327809 -0.000820883
internal_weight=1875.16 1163.51 711.651 452.623 297.13 128.196 710.885 259.922 201.091 159.3 149.58 450.963 78.3 47.1451 48.0476 41.7912 181.621 80.1485 37.2609 324.427 110.202 71.4192 414.521 103.981 29.3088 18.634 32.3241 418.639 14.8583 403.781
internal_count=181323 96468 84855 83946 13936 6267 12522 4785 7360 5144 3832 7737 2845 1363 3254 2216 1940 3013 1762 77679 1396 544 70919 11135 2865 1051 3270 4467 958 3509
is_linear=0
shrinkage=0.05


Tree=98
num_leaves=31
num_cat=0
split_feature=12 1 24 11 17 11 11 18 13 2 21 7 13 21 17 17 18 24 24 26 2 26 25 13 13 12 7 9 1 12
split_gain=299.528 137.058 44.2849 33.2359 70.4649 30.4498 23.644 17.4048 21.7077 14.8753 13.4971 14.9404 11.8093 11.3691 10.9678 8.04368 7.47507 13.4748 9.12787 7.03437 5.94103 5.88136 5.69836 4.84046 4.42264 3.72506 4.49579 8.12713 24.996 8.4939
threshold=0.41428571939468389 0.72990828752517711 1.5000000000000002 0.21240601688623431 0.45813862979412084 0.32575757801532751 0.075498577207326903 1.0000000180025095e-35 1.0000000180025095e-35 0.34848485887050634 1.0000000180025095e-35 0.89528506994247448 1.0000000180025095e-35 1.0000000180025095e-35 0.97969490289688121 0.47925275564193731 1.0000000180025095e-35 3.5000000000000004 3.5000000000000004 1.0000000180025095e-35 1.0000000180025095e-35 1.0000000180025095e-35 1.0000000180025095e-35 1.0000000180025095e-35 0.75000000000000011 0.81666666269302379 0.83827373385429393 1.0000000180025095e-35 0.93736961483955394 0.76388889551162731
decision_type=2 2 2 2 2 2 2 2 2 2 2 2 2 2 2 2 2 2 2 2 2 2 2 2 2 2 2 2 2 2
left_child=1 2 -1 4 16 13 -6 10 14 20 21 -12 -8 24 -9 -15 18 -18 -3 23 -4 -5 -22 -11 -2 26 27 29 -29 -7
right_child=5 3 9 7 6 25 12 8 -10 19 11 -13 -14 15 -16 -17 17 -19 -20 -21 22 -23 -24 -25 -26 -27 -28 28 -30 -31
leaf_value=0.051638532251290628 0.015052766825052119 0.0066719667056270209 0.050466449135249551 0.036290107438904456 -0.048425758278266187 0.026540670823708059 -0.023890804370336159 0.01361635525017205 0.043575178079382375 -0.0206394655113111 -0.039655418375679929 0.010098482304150417 0.020919005615040481 0.0058431660264739241 -0.028866047921044836 -0.046818930650114131 -0.0011288388003411274 0.01997665835786943 -0.012066367850779127 -0.042666383153912336 -0.050617245966590133 -0.0052519644493082837 0.078761094237934232 0.025942092160556981 0.046036056442332857 0.048568528893189009 0.04558779904533513 -0.025364283582236011 -0.82711769639584609 -0.21163390464573589
leaf_weight=12.464099385309963 25.919042929075658 105.81455230154097 1.4770620726048935 19.992344900965691 111.64151323353872 18.990599478129305 57.666332070017233 170.80053145717829 63.939361978322268 11.288324235007167 38.510619779117405 24.808665187563747 19.735380586469546 26.935144960414618 16.676290010567755 9.9220478963106853 214.13695173012093 116.91713247075677 168.45071576768532 14.177305129356681 227.82217281055637 14.847542067989705 0.85426425747573276 11.022750527597964 20.729216548614204 275.37280006799847 32.320063353516161 0.66100738616660137 0.11397668160498142 0.38185830973088641
leaf_count=1364 733 1469 176 943 26332 3509 4469 5370 6697 886 709 765 749 532 462 693 2297 1246 2099 1537 51560 791 18 358 2042 57226 6096 107 20 68
internal_value=0.00179712 -0.00906557 -0.04048 -0.00140086 -0.00705457 0.0393764 -0.0337022 0.0114464 0.0184176 -0.044786 -0.00640877 -0.0201617 -0.0124655 0.0124218 0.00983749 -0.0083336 0.00126758 0.00632491 -0.00483691 -0.0151261 -0.0494883 0.0185863 -0.0501339 0.00237408 0.0288209 0.0462421 0.034032 0.0154943 -0.143278 0.0218459
internal_weight=1834.39 1423.04 279.106 1143.94 794.363 411.346 189.043 349.575 251.416 266.642 98.1592 63.3193 77.4017 83.5055 187.477 36.8572 605.319 331.054 274.265 36.4884 230.153 34.8399 228.676 22.3111 46.6483 327.84 52.4675 20.1474 0.774984 19.3725
internal_count=181323 110297 55899 54398 38661 71026 31550 15737 12529 54535 3208 1474 5218 4000 5832 1225 7111 3543 3568 2781 51754 1734 51578 1244 2775 67026 9800 3704 127 3577
is_linear=0
shrinkage=0.05


Tree=99
num_leaves=31
num_cat=0
split_feature=12 2 2 11 0 18 23 13 17 11 7 13 26 23 11 17 14 21 21 11 21 17 2 6 11 7 6 0 11 9
split_gain=280.79 129.061 57.123 30.3651 26.6141 26.5693 20.4799 35.9386 19.8907 31.5818 22.9869 19.231 16.1758 16.1303 12.665 12.184 10.8196 10.4994 8.92136 7.99085 7.75341 7.30003 6.57743 6.40325 5.81058 5.7581 8.38805 4.33211 6.64618 6.25689
threshold=0.41428571939468389 0.31666667759418493 1.0000000180025095e-35 0.32575757801532751 0.66369047760963451 1.0000000180025095e-35 0.1501879766583443 1.0000000180025095e-35 0.62547710537910473 0.39565217494964605 0.96039214730262767 1.0000000180025095e-35 1.0000000180025095e-35 0.26726190745830541 0.10762548446655275 0.20848321169614795 1.0000000180025095e-35 1.0000000180025095e-35 1.0000000180025095e-35 0.10762548446655275 1.0000000180025095e-35 0.47925275564193731 0.19090909510850909 1.0000000180025095e-35 0.44097222387790685 0.80178570747375499 1.0000000180025095e-35 0.93142634630203258 0.12701612710952762 1.0000000180025095e-35
decision_type=2 2 2 2 2 2 2 2 2 2 2 2 2 2 2 2 2 2 2 2 2 2 2 2 2 2 2 2 2 2
left_child=1 2 23 17 15 8 7 14 12 13 -11 16 18 -10 -7 22 -8 27 -3 -14 -9 -19 -4 -1 -17 -6 -27 -2 29 -29
right_child=3 5 4 -5 25 6 11 20 9 10 -12 -13 19 -15 -16 24 -18 21 -20 -21 -22 -23 -24 -25 -26 26 -28 28 -30 -31
leaf_value=0.050656794393217401 0.043717285103895304 0.041909175224703527 -0.048674833006425881 0.046047969656780326 0.061933314927567401 -0.0438168996863504 -0.046416037338886648 0.018498820556091124 -0.05003843009753383 -0.01990384988659678 0.051052256032717062 0.044042732406307829 -0.012953194252981082 -0.2075164488128024 -0.0012485561848523557 -0.050433455843955782 0.012920104374950094 0.0055571919145920232 0.0046395805894820664 0.014054707742662929 0.0019257398336078272 -0.044713129930292958 -0.0048405958946248374 -0.036562255850477031 -0.015807811204225756 -0.033159127212033207 0.046514191990175063 -0.056023517078624047 0.04486470571092193 0.014942771145624241
leaf_weight=20.050262290053073 22.308671624865383 25.040328338276595 12.578804920893161 313.2142758439295 5.1096607637591687 54.896804318064824 8.0749984448775631 101.17429320281371 53.74002005555667 48.104146625846624 14.964915358461438 55.445965713821352 206.19286888488568 1.6768250660970796 25.63134919013828 245.09966540429741 158.13369088992476 26.905935230199248 44.756874648621306 31.582323921611533 233.30711253243499 9.8712459872476739 26.772580076474696 2.3511059512384227 12.746217269450424 8.0104432413354498 5.6220301378052673 4.715743951499463 9.6088977577164751 9.0985813150182366
leaf_count=2398 1976 973 1015 67026 109 11104 198 1846 8531 1225 844 5979 3929 44 629 60186 4984 532 956 682 3168 693 741 114 109 332 201 44 675 80
internal_value=0.00174758 -0.00875703 -0.035652 0.0389392 -0.0411226 -0.000194438 0.00627296 -0.000280755 -0.00985875 -0.0272648 -0.00306751 0.0185436 -0.00315341 -0.0548035 -0.0302678 -0.0447668 0.0100373 0.0119537 0.0180104 -0.00936589 0.00693878 -0.0079357 -0.0188524 0.0415028 -0.0487218 0.0166653 -0.000301861 0.0279486 0.0129302 -0.00928272
internal_weight=1796.79 1401.06 338.341 395.723 315.939 1062.72 636.664 415.01 426.058 118.486 63.0691 221.655 307.572 55.4168 80.5282 297.197 166.209 82.5091 69.7972 237.775 334.481 36.7772 39.3514 22.4014 257.846 18.7421 13.6325 45.7319 23.4232 13.8143
internal_count=181323 110297 65205 71026 62693 45092 27908 16747 17184 10644 2069 11161 6540 8575 11733 62051 5182 4000 1929 4611 5014 1225 1756 2512 60295 642 533 2775 799 124
is_linear=0
shrinkage=0.05


Tree=100
num_leaves=31
num_cat=0
split_feature=12 1 24 11 21 2 18 2 18 1 1 2 15 21 11 5 15 7 26 24 17 26 2 2 7 13 12 7 7 12
split_gain=263.153 125.1 40.0421 30.1802 28.3698 26.7275 22.2394 21.7122 16.3971 16.4701 15.0176 14.7591 10.8279 9.72232 8.23564 10.2638 10.1125 8.15343 19.4845 7.06251 6.61613 6.35875 5.97751 5.34261 4.81252 4.32762 4.00278 4.65138 6.80994 14.4702
threshold=0.41428571939468389 0.72990828752517711 1.5000000000000002 0.32575757801532751 1.0000000180025095e-35 0.82575756311416637 1.0000000180025095e-35 0.31666667759418493 1.0000000180025095e-35 0.97503110766410839 0.94181358814239513 0.34848485887050634 0.35319472849369055 1.0000000180025095e-35 0.19292803853750232 1.0000000180025095e-35 1.0000000180025095e-35 0.76986128091812145 1.0000000180025095e-35 3.5000000000000004 0.47925275564193731 1.0000000180025095e-35 0.41428571939468389 1.0000000180025095e-35 0.77459675073623668 0.75000000000000011 0.81666666269302379 0.83827373385429393 0.60172414779663097 0.76388889551162731
decision_type=2 2 2 2 2 2 2 2 2 2 2 2 2 2 2 2 2 2 2 2 2 2 2 2 2 2 2 2 2 2
left_child=1 2 -1 13 5 17 19 14 10 -10 -9 23 -8 25 16 -16 -6 18 -3 -7 -15 24 -19 -4 -13 -2 27 28 -5 -30
right_child=3 4 11 26 7 6 12 8 9 -11 -12 21 -14 20 15 -17 -18 22 -20 -21 -22 -23 -24 -25 -26 -27 -28 -29 29 -31
leaf_value=0.051474701474861322 0.013591809584909126 0.017048175131449878 0.050421968348054395 0.050213796616656529 -0.011750777256701461 0.0020820636155740443 0.0067253104860209457 -0.027088613069851893 0.011656270025135128 -0.008452654103613455 -0.00077690787572885355 -0.031490783743176036 0.043552420003992974 0.0052849185701220195 0.061161795556443847 -0.019792267076821607 -0.050228675794342585 0.013838818495827422 -0.11401879317529147 -0.023872587156408939 -0.04264746189151819 -0.041242415169403607 0.040791582849280243 -0.049833154276108758 0.018418911859470626 0.044978001394834911 0.048389372882509531 0.045126445835061972 -0.0031731507230240486 -0.41917642555240531
leaf_weight=11.456967657664789 25.399996353313327 44.565822183620185 1.3373677451163519 7.5688844672404256 26.102189994417131 38.046063564019278 94.144669967703521 115.57872818899341 217.50443083653226 191.45799709437415 102.1690514611546 7.1536964548286077 25.329399770125747 26.878228342160583 4.9047047710046199 19.410611751722172 49.376905917888507 28.003189053852111 3.0282585625536731 84.250913390889764 9.832947265589608 13.633880569599567 77.506848929915577 208.96080304658972 14.869069322245194 19.349211855325848 250.69533135509118 29.513574674259871 11.234114210354161 0.21299859415739852
leaf_count=1364 733 1986 176 1537 545 949 2168 4255 8265 8285 3780 516 1878 532 153 674 13393 1275 77 2858 693 1537 3857 51578 728 2042 57226 6096 2137 30
internal_value=0.00169939 -0.00846114 -0.039896 0.0384995 -0.0012453 0.00954196 -0.000809709 -0.00710847 -0.00365924 0.00224217 -0.0147429 -0.0441522 0.0145329 0.0115175 -0.0287697 -0.00346282 -0.0369222 0.0258886 0.0087088 -0.0157982 -0.00755359 -0.0144068 0.0336381 -0.0491956 0.00220665 0.027163 0.045845 0.0327012 0.0134166 -0.0109138
internal_weight=1759.48 1378.79 257.412 380.685 1121.38 394.875 241.771 726.505 626.71 408.962 217.748 245.955 119.474 81.4604 99.7944 24.3153 75.4791 153.104 47.5941 122.297 36.7112 35.6566 105.51 210.298 22.0228 44.7492 299.225 48.5296 19.016 11.4471
internal_count=181323 110297 55899 71026 54398 15048 7853 39350 24585 16550 8035 54535 4046 4000 14765 827 13938 7195 2063 3807 1225 2781 5132 51754 1244 2775 67026 9800 3704 2167
is_linear=0
shrinkage=0.05


Tree=101
num_leaves=31
num_cat=0
split_feature=12 1 24 11 11 16 11 21 2 19 13 17 11 21 17 1 1 17 6 6 11 25 2 5 0 11 0 17 23 3
split_gain=246.383 118.825 37.7155 30.044 26.263 83.9838 20.8306 20.3321 14.8163 14.2205 19.0741 16.3891 20.0327 8.96648 8.84227 6.15057 15.0322 5.9891 5.90873 5.7385 5.50472 5.49865 5.11319 4.65129 4.25697 6.16959 7.20503 4.52004 8.38048 4.16841
threshold=0.41428571939468389 0.72990828752517711 1.5000000000000002 0.32575757801532751 0.10762548446655275 1.0000000180025095e-35 0.050641026347875602 1.0000000180025095e-35 0.34848485887050634 1.0000000180025095e-35 1.0000000180025095e-35 0.63034346699714672 0.58578431606292736 1.0000000180025095e-35 0.97969490289688121 0.98129165172576915 0.94286730885505687 0.47925275564193731 1.0000000180025095e-35 1.0000000180025095e-35 0.15075758099555972 1.0000000180025095e-35 1.0000000180025095e-35 1.0000000180025095e-35 0.94804319739341747 0.12701612710952762 0.97646731138229381 0.60078126192092907 0.077171217650175108 0.96153846383094799
decision_type=2 2 2 2 2 2 2 2 2 2 2 2 2 2 2 2 2 2 2 2 2 2 2 2 2 2 2 2 2 2
left_child=1 2 -1 13 5 15 -7 -8 21 10 14 23 -13 24 -6 16 -3 -15 -17 -10 -12 22 -4 -11 27 26 -26 -2 -29 -21
right_child=3 4 8 -5 9 6 7 -9 19 11 20 12 -14 17 -16 18 -18 -19 -20 29 -22 -23 -24 -25 25 -27 -28 28 -30 -31
leaf_value=0.051073256175284402 0.054189877184964798 0.00043661045950588531 0.050401387945373181 0.045635215153669223 0.011155504998374094 -0.049750068813030318 0.010984397029300791 -0.049004208727589094 0.001487062244378296 0.045489155046433347 -0.015350314283409373 -0.044340372868788655 0.0039569284739786317 0.0050257162424836499 -0.026173473954914674 -0.049379490781661581 0.027358005831971895 -0.040631383529447916 -0.0010556648824260845 -0.053032151554570056 0.042388472302467714 0.078210960796581061 -0.050140440634692002 0.010023664050811709 -0.065286413388891601 0.043146981519215727 0.014942506197922149 -0.07220043732351418 0.049638461208023184 0.023310879610968477
leaf_weight=10.981752212624995 17.099259717389945 170.66530834790319 1.2726499144919206 285.95031105121598 182.91140395007096 114.08930314797908 35.167436024639755 23.606310205766931 22.369918658398092 12.404336473671718 4.4161653257906428 38.134510863572359 49.131767707876861 26.851944140158594 17.370502836070955 6.4691255027428261 74.481574339792132 9.8055609255097789 285.39939384348691 10.776838640449567 63.262855565175414 0.84637989476323028 198.84848350193352 36.296479279641062 4.2442485485225925 8.3546893242746574 8.2148652793839574 2.2628362858667961 3.7507334961555898 2.143682674271985
leaf_count=1364 1462 2379 176 67026 5925 25961 791 4524 1257 314 125 1491 1619 532 489 100 1371 693 1358 1488 6812 18 51560 1139 45 586 62 119 501 36
internal_value=0.00164988 -0.00814901 -0.0395059 0.038036 -0.00118851 -0.00698009 -0.0372923 -0.0131099 -0.0437162 0.00898984 0.0156726 -0.00418043 -0.0171485 0.0110702 0.00791795 0.0027773 0.00861598 -0.00718716 -0.00212674 -0.0138361 0.0386209 -0.0489632 -0.0495011 0.0190569 0.0263063 0.00990393 -0.0123878 0.0410772 0.0037919 -0.0403658
internal_weight=1727.58 1361.05 247.24 366.534 1113.81 709.878 172.863 58.7737 236.258 403.928 267.961 135.967 87.2663 80.5841 200.282 537.015 245.147 36.6575 291.869 35.2904 67.679 200.968 200.121 48.7008 43.9266 20.8138 12.4591 23.1128 6.01357 12.9205
internal_count=181323 110297 55899 71026 54398 36484 31276 5315 54535 17914 13351 4563 3110 4000 6414 5208 3750 1225 1458 2781 6937 51754 51736 1453 2775 693 107 2082 620 1524
is_linear=0
shrinkage=0.05


Tree=102
num_leaves=31
num_cat=0
split_feature=13 2 2 11 17 1 13 21 2 17 11 7 24 27 12 12 18 17 1 12 2 1 24 1 2 18 21 23 17 16
split_gain=231.617 111.828 74.2933 27.1851 58.3215 22.4975 16.8714 13.7784 16.8987 13.605 12.916 12.3212 15.1913 11.753 11.161 18.3087 12.2649 21.5006 14.2035 9.34856 9.03878 25.8411 11.0871 6.42705 4.58621 3.40235 4.79735 4.42449 3.15892 3.13878
threshold=0.75000000000000011 0.31666667759418493 1.0000000180025095e-35 0.13100686669349673 0.47925275564193731 0.86786246299743663 1.0000000180025095e-35 1.0000000180025095e-35 0.82575756311416637 0.20848321169614795 0.57518798112869274 0.83827373385429393 3.5000000000000004 1.0000000180025095e-35 0.81666666269302379 0.76388889551162731 1.0000000180025095e-35 0.707432121038437 0.94286730885505687 0.18333333730697635 0.89444443583488475 0.90851208567619335 4.5000000000000009 0.96536955237388622 0.19090909510850909 1.0000000180025095e-35 1.0000000180025095e-35 0.066946782171726241 0.38605175912380224 1.0000000180025095e-35
decision_type=2 2 2 2 2 2 2 2 2 2 2 2 2 2 2 2 2 2 2 2 2 2 2 2 2 2 2 2 2 2
left_child=1 2 23 4 20 9 11 8 -6 24 -11 12 -5 29 15 16 17 28 -19 -13 21 -3 -22 -1 -4 26 -8 -27 -2 -7
right_child=14 3 5 6 7 13 25 -9 -10 10 -12 19 -14 -15 -16 -17 -18 18 -20 -21 22 -23 -24 -25 -26 27 -28 -29 -30 -31
leaf_value=0.050403429013723369 0.053870794856325038 -0.0046405047248507551 -0.040965760518240295 0.0061939540635132136 0.054635127669557061 -0.11925978310258255 0.036438535281279792 -0.050258508326366649 -0.029484758287172688 -0.051432995432536793 0.021859713281008566 0.007579148624322885 -0.031394645475044551 0.0073383483249559863 0.048871156024492907 -0.45954159578870546 0.046096259727602951 -0.12117403117837607 0.029414682124374859 0.034024128517250583 -0.0054646161244123782 0.031444192044554412 0.026025805558840709 -0.040682792324840678 -0.0034444099419949203 -0.16323319568412112 0.0027813526688074217 0.039757561912213656 0.005617246837504729 -0.35820058994430998
leaf_weight=26.796632271725688 7.6208116686902958 122.98458455689251 12.410964487120507 78.361524413572624 7.3676040943246326 0.31184537708759308 21.120126858353615 74.524874511407688 31.479662939440459 218.36003996897489 6.1811481821350744 138.34923004615121 40.913680595112965 27.025556262582541 220.6296412339434 0.19615620700642367 28.079945471370593 4.9910621866583815 2.2816984285600483 44.063167992047966 360.50734102865681 83.163493275642395 30.300551530439407 2.087496110238134 23.687638630624861 0.26985505130141874 21.22943348903209 51.268702188972384 6.1118818030226976 0.24575668131001549
leaf_count=4417 723 1771 1060 2882 227 3 2314 19395 3419 60030 168 4589 764 1240 53732 36 5629 356 195 4409 2716 2109 198 107 754 11 1796 5542 687 44
internal_value=0.00160088 -0.00645371 -0.0326293 0.00105189 -0.00479819 -0.0402907 0.0115568 -0.0376737 -0.0135309 -0.0448351 -0.0494154 0.00579632 -0.00669966 0.00265025 0.0440658 0.0225528 0.0244794 -0.00441793 -0.0739295 0.0139671 0.00144543 0.00991665 -0.00302307 0.0438205 -0.0163445 0.0300667 0.0195665 0.0386947 0.032395 -0.22457
internal_weight=1692.92 1423.01 317.107 1105.9 710.328 288.223 395.576 113.372 38.8473 260.64 224.541 301.688 119.275 27.5832 269.911 49.2816 49.0854 21.0055 7.27276 182.412 596.956 206.148 390.808 28.8841 36.0986 93.8881 42.3496 51.5386 13.7327 0.557602
internal_count=181323 119965 67823 52142 29835 63299 22307 23041 3646 62012 60198 12644 3646 1287 61358 7626 7590 1961 551 8998 6794 3880 2914 4524 1814 9663 4110 5553 1410 47
is_linear=0
shrinkage=0.05


Tree=103
num_leaves=31
num_cat=0
split_feature=13 2 2 0 11 17 13 17 21 15 7 24 12 19 17 0 0 1 2 1 0 11 7 0 1 2 19 21 23 24
split_gain=218.343 105.462 69.8006 25.5959 24.8272 55.0146 15.9038 13.917 13.6992 16.0907 11.6492 11.2154 11.1984 13.7868 23.7872 17.0519 25.6026 9.20606 8.23878 24.0436 14.1549 7.4999 7.17085 15.208 6.10646 5.29846 3.32491 4.57744 3.866 3.09776
threshold=0.75000000000000011 0.31666667759418493 1.0000000180025095e-35 0.66369047760963451 0.13100686669349673 0.47925275564193731 1.0000000180025095e-35 0.20848321169614795 1.0000000180025095e-35 0.35319472849369055 0.9759001135826112 5.5000000000000009 0.81666666269302379 1.0000000180025095e-35 0.71063503623008739 0.71547618508338939 0.56787469983100902 0.98960864543914806 0.89444443583488475 0.90851208567619335 0.84698995947837841 0.44097222387790685 0.88047617673873912 0.87138131260871898 0.96536955237388622 0.19090909510850909 1.0000000180025095e-35 1.0000000180025095e-35 0.066946782171726241 3.5000000000000004
decision_type=2 2 2 2 2 2 2 2 2 2 2 2 2 2 2 2 2 2 2 2 2 2 2 2 2 2 2 2 2 2
left_child=1 2 24 7 5 18 10 25 9 -7 11 -6 13 -2 -15 16 -16 -12 19 -3 -20 -9 29 -24 -1 -4 28 -28 -8 -5
right_child=12 4 3 22 6 8 26 21 -10 -11 17 -13 -14 14 15 -17 -18 -19 20 -21 -22 -23 23 -25 -26 -27 27 -29 -30 -31
leaf_value=0.050324299456360869 0.045844315611040902 -0.0044069914798363615 -0.043783798424365208 0.064589732773016093 0.0022629199125673662 -0.027635838429395612 -0.14381591331328622 -0.051047928252233837 -0.050246256700881446 0.059375456897807356 0.042089781618298322 -0.051481429466951667 0.048760248581022902 0.031777651351435419 -0.042339896275683714 0.01577596730740901 -0.27975188818124602 0.0069462310306494012 0.056011535879806409 0.030665524198981903 -0.0044063208407777521 -0.012164873287787229 -0.078534230876018088 0.046977793331102066 -0.039573827009090116 -0.0041970615966607314 0.035817111400673639 0.0026475075460503312 0.039144362624890065 -0.0072245643042089238
leaf_weight=25.528829651884738 26.85360851418227 123.02504019183107 12.254525532945989 7.0186048317700642 214.46748544927686 31.799163203686476 0.29042078647762437 206.62002816027962 70.907103435602039 6.3791806683875611 33.484968012198806 10.167261283379046 210.33491553785279 13.575253085233273 2.8443256583996108 2.9655463928356767 1.8902645956259219 42.018327063880861 9.9473290061578137 81.06543501932174 381.08439174480736 13.193391499109564 4.6160162750165892 5.0580186364240944 2.0399256451055399 27.244778307620436 20.429884150158614 21.188629835611209 49.513090253574774 1.9103695845697073
leaf_count=4417 5629 1771 1064 230 8457 3572 11 60497 19395 74 1891 173 53732 1435 229 249 84 2123 221 2109 2693 234 232 207 107 778 2314 1796 5542 57
internal_value=0.00155567 -0.00623303 -0.0322121 -0.0397397 0.00100957 -0.0046025 0.0111027 -0.0438039 -0.0372446 -0.0130972 0.00554126 -0.000169619 0.0437818 0.0220247 -0.00804025 -0.0782388 -0.137126 0.022532 0.00138077 0.00952393 -0.00286937 -0.0487141 0.0169127 -0.0129109 0.0436724 -0.0164787 0.0293608 0.01893 0.0380775 0.0492249
internal_weight=1659.72 1401.25 305.484 277.916 1095.77 704.208 391.56 259.313 109.085 38.1783 300.138 224.635 258.464 48.129 21.2754 7.70014 4.73459 75.5033 595.122 204.09 391.032 219.813 18.603 9.67403 27.5688 39.4993 91.422 41.6185 49.8035 8.92897
internal_count=181323 119965 67823 63299 52142 29835 22307 62573 23041 3646 12644 8630 61358 7626 1997 562 313 4014 6794 3880 2914 60731 726 439 4524 1842 9663 4110 5553 287
is_linear=0
shrinkage=0.05


Tree=104
num_leaves=31
num_cat=0
split_feature=13 3 24 2 0 23 17 0 2 2 17 13 17 12 18 17 0 0 21 1 7 26 24 1 1 0 18 2 17 2
split_gain=205.783 99.8223 62.4052 25.9799 27.8169 19.7565 39.4612 16.0487 13.6314 18.1187 14.129 13.1359 12.9962 11.2277 13.1375 20.7293 13.6015 17.9879 10.1945 11.8201 9.27786 17.1859 8.08444 6.19343 5.78465 4.56958 3.60127 5.37474 3.16208 3.20865
threshold=0.75000000000000011 0.61250001192092907 2.5000000000000004 0.087121214717626586 0.64760348200798046 0.11538461968302728 0.55705243349075328 0.84045451879501354 0.89444443583488475 0.58571431040763866 1.0000000180025095e-35 1.0000000180025095e-35 0.20848321169614795 0.81666666269302379 1.0000000180025095e-35 0.707432121038437 0.71547618508338939 0.56787469983100902 1.0000000180025095e-35 0.98003268241882335 0.74527630209922802 1.0000000180025095e-35 4.5000000000000009 0.95790389180183422 0.96536955237388622 0.83469945192337047 1.0000000180025095e-35 0.41428571939468389 0.38605175912380224 0.78888890147209179
decision_type=2 2 2 2 2 2 2 2 2 2 2 2 2 2 2 2 2 2 2 2 2 2 2 2 2 2 2 2 2 2
left_child=1 2 3 24 12 6 8 23 9 -3 -10 20 -5 14 15 28 17 -17 19 -8 21 -7 -22 25 -1 -4 27 -13 -2 -30
right_child=13 5 7 4 -6 11 18 -9 10 -11 -12 26 -14 -15 -16 16 -18 -19 -20 -21 22 -23 -24 -25 -26 -27 -28 -29 29 -31
leaf_value=0.050225747192269327 0.053517759050683934 0.0002229758741968074 -0.046113629943640946 -0.00011308386182085581 0.032765305044805453 -0.00051769988799696995 0.022650459662985959 0.055967540851167209 -0.00049682619429405796 0.032704606800654762 -0.03487605279598445 -0.07091839071545078 -0.03979747861391545 0.048643517653858603 0.045581388340865898 -0.038908710222064435 0.014748357434849561 -0.22821524622524525 -0.046474845826298156 -0.036249873067687823 0.015520331094650617 -0.079850122197346565 -0.0095544274038558696 -0.27257871776571302 -0.03844953786774237 -0.2260441813046811 0.038827796079496685 0.021809994393686329 0.026289035901139075 -0.056033998279555491
leaf_weight=23.43610239378177 7.1640107356943208 106.51855170191266 218.55222042347305 31.979865360073745 26.260649757925421 46.97675473568961 14.365374361863358 3.872368859127163 359.19567464943975 71.921648976858705 32.597652352415025 1.633474620990454 58.134682708885521 200.54497530194931 25.687619701260701 2.9346661493182165 2.9605770194903016 2.1922188617754728 56.949235932668671 20.924912940245122 176.78832051577047 7.9874526765197507 39.289101461879909 0.30309896916150947 1.9957413426600386 0.35343366814777155 44.204490517033264 36.059556651860476 4.4701356370933354 1.6099330161232499
leaf_count=4303 733 1991 53966 628 1172 1617 782 146 1819 2058 1819 166 13450 53732 5629 232 250 84 14212 2566 8595 197 1403 4 107 8 5247 3709 566 132
internal_value=0.00151091 -0.00601784 -0.0284483 -0.0025135 -0.0125181 0.00204254 -0.00304807 -0.0449344 0.00185991 0.0133149 -0.00335722 0.0115977 -0.0257143 0.0434876 0.0214969 -0.00750587 -0.0705806 -0.119855 -0.0333897 -0.0122737 0.00629538 -0.0120464 0.010961 -0.0467169 0.043267 -0.0464041 0.0291459 0.0177915 0.0310106 0.00449083
internal_weight=1627.86 1380.3 364.888 141.807 116.375 1015.41 662.473 223.081 570.234 178.44 391.793 352.939 90.1145 247.564 47.0192 21.3315 8.08746 5.12689 92.2395 35.2903 271.042 54.9642 216.077 219.209 25.4318 218.906 81.8975 37.693 13.2441 6.08007
internal_count=181323 119965 73784 19660 15250 46181 25247 54124 7687 4049 3638 20934 14078 61358 7626 1997 566 316 17560 3348 11812 1814 9998 53978 4410 53974 9122 3875 1431 698
is_linear=0
shrinkage=0.05


Tree=105
num_leaves=31
num_cat=0
split_feature=12 1 11 2 21 2 18 3 23 17 11 2 2 11 15 15 14 21 2 17 7 7 17 17 25 12 1 5 18 6
split_gain=191.787 97.7843 28.7767 28.0947 22.5033 21.4966 19.2929 15.8265 15.8158 24.4554 31.5542 13.3393 10.6952 9.48273 9.23128 7.59581 12.7509 7.33687 7.11352 6.20533 5.98851 7.92278 5.50689 6.14817 4.50286 4.48788 5.05287 8.11273 16.9353 4.06084
threshold=0.41428571939468389 0.72990828752517711 0.32575757801532751 1.0000000180025095e-35 1.0000000180025095e-35 0.82575756311416637 1.0000000180025095e-35 0.61250001192092907 0.40000002086162573 0.67379865050315868 0.17752101272344592 0.89444443583488475 0.84523808956146251 0.13100686669349673 0.35319472849369055 0.63676589727401745 1.0000000180025095e-35 1.0000000180025095e-35 0.43650794029235845 0.44484996795654302 0.78896763920784008 0.62605932354927074 0.71063503623008739 0.71486642956733715 1.0000000180025095e-35 0.81666666269302379 0.9478311836719514 1.0000000180025095e-35 1.0000000180025095e-35 1.0000000180025095e-35
decision_type=2 2 2 2 2 2 2 2 2 2 2 2 2 2 2 2 2 2 2 2 2 2 2 2 2 2 2 2 2 2
left_child=1 3 17 -1 5 15 19 24 9 13 -11 12 -10 -6 -8 18 -17 -2 -3 -7 21 -9 -19 -24 -5 26 27 -4 -29 -22
right_child=2 4 25 7 8 6 14 20 11 10 -12 -13 -14 -15 -16 16 -18 22 -20 -21 29 -23 23 -25 -26 -27 -28 28 -30 -31
leaf_value=0.050415366456091674 0.023950806191582436 0.01308511436404905 0.050200058673061002 -0.049309767852869099 -0.0040657164213430616 -0.0085863327569151594 0.0070077054483899592 -0.00083065647349985113 0.0054234170065476373 -0.050234457681192571 -0.0087255161497036115 0.046589040322889845 -0.11847385971392532 0.026188344447044477 0.042375551301802705 -0.13307409961812214 0.010699291116457309 0.0020086084397469279 0.04018670952845263 -0.036222624033994642 0.020781563535909264 -0.061187119963242248 -0.21052609645455062 -0.03439637321964456 0.081350401046398443 0.047886825478803199 0.050179042981103643 -0.065095090034181555 0.043470638314057661 -0.036185228004165793
leaf_weight=8.5864272343460453 40.586098527302966 37.052703391760588 9.7530196071602404 163.01971814781427 390.17225375352427 93.12286476418376 92.42847283766605 10.813004109077157 47.698805471416563 70.501581252319738 130.58948520873673 23.58491110149771 1.8078433689661313 27.741922396235168 23.050588702782989 1.6143046845681954 34.499793071066961 28.97443569265306 69.867381870746613 25.977888325229287 13.822335629723968 10.936221507377921 0.54189719702117045 5.7836363431997597 0.66206738445907731 199.10384137812071 17.677497187629342 6.9360502331983298 7.4507497847080231 4.0434635793790212
leaf_count=1421 2775 1340 2255 50713 8884 1088 2168 1268 1846 22003 3660 2212 21 724 1878 64 2219 778 3572 2719 665 1261 12 435 17 57226 4323 1321 1901 554
internal_value=0.00146711 -0.00714399 0.036302 -0.0381763 -0.000997256 0.00882065 -0.000494835 -0.0419181 -0.00635399 -0.00895127 -0.0232784 0.0156421 0.000899037 -0.0020574 0.0140674 0.0240983 0.0042726 0.00945165 0.0307948 -0.0146143 -0.0135606 -0.0311799 -0.00721874 -0.0494851 -0.0487813 0.0447594 0.0298687 0.0149955 -0.00887021 0.0078886
internal_weight=1598.4 1281.59 316.807 211.883 1069.71 377.614 234.58 203.297 692.097 619.005 201.091 73.0916 49.5066 417.914 115.479 143.034 36.1141 75.8861 106.92 119.101 39.615 21.7492 35.3 6.32553 163.682 240.921 41.8173 24.1398 14.3868 17.8658
internal_count=181323 110297 71026 55899 54398 15048 7853 54478 39350 35271 25663 4079 1867 9608 4046 7195 2283 4000 4912 3807 3748 2529 1225 447 50730 67026 9800 5477 3222 1219
is_linear=0
shrinkage=0.05


Tree=106
num_leaves=31
num_cat=0
split_feature=13 1 24 21 0 11 2 23 17 11 2 12 19 17 7 7 2 23 19 23 13 11 11 11 2 1 25 1 17 11
split_gain=183.39 89.6668 45.7358 26.0112 27.5087 19.1066 18.6359 16.1248 24.0008 30.968 15.1049 11.2762 12.3504 17.8354 11.8833 21.1252 10.4888 9.4213 9.37225 6.01679 5.94045 16.0658 5.76214 12.9862 5.68352 5.2536 5.0587 3.43095 3.13036 3.58881
threshold=0.75000000000000011 0.72990828752517711 1.5000000000000002 1.0000000180025095e-35 0.9569842815399171 0.24499999731779101 0.34848485887050634 0.40000002086162573 0.67379865050315868 0.17752101272344592 0.89444443583488475 0.81666666269302379 1.0000000180025095e-35 0.707432121038437 0.78647416830062877 0.65545505285263073 0.78888890147209179 0.11111111566424371 1.0000000180025095e-35 0.37573529779911047 1.0000000180025095e-35 0.045983087271451957 0.57518798112869274 0.56696429848670971 1.0000000180025095e-35 0.97621169686317455 1.0000000180025095e-35 0.72668826580047619 0.38605175912380224 0.17752101272344592
decision_type=2 2 2 2 2 2 2 2 2 2 2 2 2 2 2 2 2 2 2 2 2 2 2 2 2 2 2 2 2 2
left_child=1 2 -1 4 20 18 24 8 17 -10 16 12 -2 28 15 -15 -9 -5 -6 -16 21 -3 23 -8 -4 -22 -26 -24 -14 -30
right_child=11 3 6 7 5 -7 22 10 9 -11 -12 -13 13 14 19 -17 -18 -19 -20 -21 25 -23 27 -25 26 -27 -28 -29 29 -31
leaf_value=0.050987640406930573 0.045158125746746915 -0.06594318147510822 0.050270631957880389 -0.0034105992232492466 0.0056912159757859133 0.043184778867815417 -0.011574978421542313 0.011611108982268404 -0.050223816555476877 -0.008675126673093201 0.046836718615401965 0.048440518773218505 0.053351519544646245 -0.0075005145411281204 -0.061249718349707827 -0.25012783490356005 -0.042403051478421903 0.031008607197723161 -0.017045018281691259 0.051860282209690411 0.03929024536610471 0.019899051713641341 0.052253405375097012 -0.23366407915623394 -0.049873775351579386 0.012629659207900485 0.073745756728298958 -0.1298662196541866 -0.058048312815197955 0.028028312413347151
leaf_weight=14.373417709954081 23.784311433322728 5.7745406068861476 1.4473327503073949 419.34966515214182 77.387131873518229 20.536206967895851 29.835939483949918 43.961779162986204 67.524905408034101 133.53883232548833 25.910590790444985 182.74714451213367 6.7308228597976285 1.7379916023928657 2.7257835031487048 1.8543516320642082 11.297487662173806 20.870994813507423 109.40468734153546 2.0674925451166928 71.170078017283231 97.14734621020034 4.6077678760047993 0.67306162137538095 163.28264110907912 24.95803009159863 0.83178551821038027 0.27398439636453975 1.6912060680333523 4.2641125288791955
leaf_count=2868 5629 617 298 9311 1543 2645 2729 2938 22109 4300 3061 53732 733 151 118 82 434 610 3079 215 5070 5254 331 13 51944 770 18 23 62 636
internal_value=0.00142178 -0.00560617 -0.0351745 3.40258e-05 0.0101539 -0.00259264 -0.0413374 -0.00565837 -0.00831593 -0.0226288 0.0153378 0.0429268 0.0204633 -0.00741038 -0.0639897 -0.132744 0.000568177 -0.00177877 -0.00762548 -0.0124618 0.0234305 0.0150828 -0.00840418 -0.0164745 -0.0483773 0.0323683 -0.0492472 0.0420321 0.0299889 0.00358406
internal_weight=1571.76 1344.16 215.326 1128.83 406.378 207.328 200.953 722.454 641.284 201.064 81.1699 227.603 44.8561 21.0718 8.38562 3.59234 55.2593 440.221 186.792 4.79328 199.05 102.922 35.3908 30.509 165.562 96.1281 164.114 4.88175 12.6861 5.95532
internal_count=181323 119965 58224 61741 18978 7267 55356 42763 36330 26409 6433 61358 7626 1997 566 233 3372 9921 4622 333 11711 5871 3096 2742 52260 5840 51962 354 1431 698
is_linear=0
shrinkage=0.05


Tree=107
num_leaves=31
num_cat=0
split_feature=13 1 24 22 2 2 11 23 17 11 2 18 12 18 17 15 7 7 23 2 1 15 15 3 26 3 7 18 2 2
split_gain=172.951 84.5862 42.9812 23.7479 25.0668 18.5509 16.9627 14.7194 22.1241 30.682 14.51 12.2856 11.0776 11.7068 15.9741 9.57051 9.51598 16.4803 8.62262 6.10104 8.38834 8.19395 5.64839 5.58838 5.58204 6.30019 4.77074 4.71795 4.49832 3.53552
threshold=0.75000000000000011 0.72990828752517711 1.5000000000000002 1.0000000180025095e-35 0.82575756311416637 0.34848485887050634 0.24499999731779101 0.40000002086162573 0.67379865050315868 0.17752101272344592 0.89444443583488475 1.0000000180025095e-35 0.81666666269302379 1.0000000180025095e-35 0.707432121038437 0.95480081439018261 0.78647416830062877 0.63003221154212963 0.10690476745367052 0.41428571939468389 0.98676329851150524 0.62547710537910473 0.72760695219039928 0.58571431040763866 1.0000000180025095e-35 0.96153846383094799 0.6789083480834962 1.0000000180025095e-35 0.89444443583488475 1.0000000180025095e-35
decision_type=2 2 2 2 2 2 2 2 2 2 2 2 2 2 2 2 2 2 2 2 2 2 2 2 2 2 2 2 2 2
left_child=1 2 -1 7 19 22 11 8 18 -10 15 -6 13 14 -2 -9 17 -16 -3 20 -5 -21 29 -18 27 -26 -24 -7 -8 -4
right_child=12 3 5 4 6 24 28 10 9 -11 -12 -13 -14 -15 16 -17 23 -19 -20 21 -22 -23 26 -25 25 -27 -28 -29 -30 -31
leaf_value=0.050675123908836099 0.029626145063773746 -0.0032839793463317613 0.050280158916619216 0.012600665349362095 -0.015316406286591963 0.024129404565181298 -0.032885053520713921 -0.0087589615346719395 -0.050213227291790653 -0.0081971877917353265 0.046626427930124975 0.0086174936988425901 0.048306698452105688 0.044864470434095312 0.013147289588053838 0.04714918706769726 -0.13496916737681805 -0.20022984594554455 0.029019351794230527 0.041499378959642778 -0.2022369085448934 0.011438313526799975 -0.073388957025831522 0.012090218531047886 -0.052680167462857579 0.033974496750218533 0.053512522449468247 -0.023446747016166128 0.040079393348998515 -0.050086946497674006
leaf_weight=13.754657723475246 12.212915979791434 418.46819794387557 0.88245453080162306 45.060237186728045 123.23554161679931 14.407355389790609 2.280818146653476 45.971974860876799 64.24488124018535 134.24006776325405 24.755305264843628 94.913653331575915 174.30407227156684 22.768734018784016 1.470699864905326 9.1838084398768824 0.77255356917157758 2.3522542474092916 21.730568449245766 74.055030966876075 0.45898339711129565 32.66861327085644 1.0659312205389135 3.943985203281045 10.021501686424015 2.6527734452392897 2.4267014134675264 8.163559616310522 28.59994146018289 154.00767807639204
leaf_count=2868 1431 9290 182 2340 3429 839 99 2900 22109 4300 3061 1984 53732 5629 142 472 53 91 631 4703 23 2832 85 280 1525 126 81 606 3568 51912
internal_value=0.0013792 -0.00539775 -0.0347297 3.40745e-05 0.00977772 -0.0407965 6.64844e-06 -0.00540691 -0.00793815 -0.0217968 0.0148239 -0.0049031 0.0426725 0.0201071 -0.00705564 0.000550121 -0.0595168 -0.118143 -0.00168931 0.0257607 0.0104344 0.0322975 -0.0480972 -0.0119976 -0.00798905 -0.034543 0.0147829 0.00692183 0.0346903 -0.0495151
internal_weight=1545.08 1327.25 207.383 1119.87 401.273 193.628 249.03 718.595 638.684 198.485 79.9111 218.149 217.825 43.5211 20.7524 55.1558 8.53949 3.82295 440.199 152.243 45.5192 106.724 158.383 4.71654 35.2452 12.6743 3.49263 22.5709 30.8808 154.89
internal_count=181323 119965 58224 61741 18978 55356 9080 42763 36330 26409 6433 5413 61358 7626 1997 3372 566 233 9921 9898 2363 7535 52260 333 3096 1651 166 1445 3667 52094
is_linear=0
shrinkage=0.05


Tree=108
num_leaves=31
num_cat=0
split_feature=13 2 2 0 21 0 23 17 23 13 11 8 24 11 13 23 18 26 7 0 2 0 18 11 11 21 10 7 24 15
split_gain=162.877 79.4577 54.1357 22.7837 17.8261 26.6503 15.1936 13.4986 13.2249 17.5335 33.0209 15.7362 13.3713 9.5415 9.35701 10.8267 8.85564 7.62045 6.8159 12.4773 4.8115 4.7829 3.50516 5.68149 4.27271 9.72347 7.13666 14.4585 2.70786 1.56997
threshold=0.75000000000000011 0.31666667759418493 1.0000000180025095e-35 0.66369047760963451 1.0000000180025095e-35 0.92940199375152599 0.30769233405590063 0.25087413191795355 0.45773810148239141 1.0000000180025095e-35 0.13714733719825747 0.75000000000000011 4.5000000000000009 0.44097222387790685 1.0000000180025095e-35 0.026007846929132942 1.0000000180025095e-35 1.0000000180025095e-35 0.88047617673873912 0.87138131260871898 0.19090909510850909 0.87939393520355236 1.0000000180025095e-35 0.15075758099555972 0.84807693958282482 1.0000000180025095e-35 1.0000000180025095e-35 0.80673459172248851 3.5000000000000004 0.16733333468437198
decision_type=2 2 2 2 2 2 2 2 2 2 2 2 2 2 2 2 2 2 2 2 2 2 2 2 2 2 2 2 2 2
left_child=1 2 21 7 5 14 16 20 9 10 -6 12 -10 -9 15 -3 -7 -11 28 -20 -4 -1 24 -24 25 -2 -27 -28 -5 -8
right_child=22 4 3 18 8 6 29 13 11 17 -12 -13 -14 -15 -16 -17 -18 -19 19 -21 -22 -23 23 -25 -26 26 27 -29 -30 -31
leaf_value=0.049676898256229673 0.042584971001887122 -0.075140613439852955 -0.042580140295029906 0.064045405608261496 -0.051432319641661672 -0.01307618802364925 -0.036841400899044398 -0.050721705450166223 0.010556795601600714 0.010868451090657155 -0.0058116890288392401 0.044255846735618228 -0.073767307334544605 -0.0073166308670456082 0.041639216390001593 0.019313866518268757 0.0070760988093035888 -0.0043886766891017602 -0.069604686554535861 0.045400587765893057 -0.0032429260247858367 -0.036388733437504116 -0.066425782507669132 0.048786538314179055 0.05013234789275757 0.050209508067004409 -0.080835391732848649 0.018643604147326978 -0.0036376048570458427 0.047372357792970173
leaf_weight=21.269937658216808 35.528999336529523 3.1539628831669679 10.916863907128571 6.684181568212809 54.639470169553533 123.95546538615599 0.57248452329077082 165.71512649860233 20.649335593916479 112.00771686155349 144.72940093674697 29.653496015816927 6.0870488532818845 13.708616585005073 60.058905282989144 79.643075679196045 97.31069402419962 303.88233216828667 4.7494203522801381 4.6847671058494598 26.996532910037786 1.746826693881302 1.0795389297418285 121.75247024837881 29.245002498151734 5.2686006138101229 5.6864511695457631 10.21228017657995 1.8972197491675613 16.629447656916454
leaf_count=4422 8112 233 1094 230 16962 3575 65 60450 1466 3446 3514 3655 136 234 4811 4361 2499 4860 232 207 795 102 23 39132 9740 1450 796 2105 57 2559
internal_value=0.00133606 -0.00519437 -0.030041 -0.0371984 0.000902292 0.00953633 -0.000694432 -0.0416774 -0.00399962 -0.00612368 -0.0183146 0.0191755 -0.0086412 -0.0474054 0.0266144 0.0157158 -0.00421341 -0.000279619 0.0168354 -0.0124961 -0.0145698 0.0431451 0.0423548 0.047774 0.0346095 0.0266025 -0.000223881 -0.0169367 0.0490817 0.0445697
internal_weight=1520.12 1311.34 258.369 235.353 1052.97 381.324 238.468 217.337 671.649 615.259 199.369 56.3899 26.7364 179.424 142.856 82.797 221.266 415.89 18.0156 9.43419 37.9134 23.0168 208.773 122.832 85.9413 56.6963 21.1673 15.8987 8.5814 17.2019
internal_count=181323 119965 67823 63299 52142 18103 8698 62573 34039 28782 20476 5257 1602 60684 9405 4594 6074 8306 726 439 1889 4524 61358 39155 22203 12463 4351 2901 287 2624
is_linear=0
shrinkage=0.05


Tree=109
num_leaves=31
num_cat=0
split_feature=13 1 2 21 0 3 11 2 0 12 18 17 27 23 8 13 0 0 0 11 3 6 1 13 11 0 23 25 11 0
split_gain=153.355 76.3294 36.2316 19.845 23.0502 18.2932 14.6836 13.3238 15.347 11.3375 11.1445 14.4326 10.0452 9.96463 14.9512 12.3304 9.25148 13.0109 8.8052 7.66714 7.03148 7.24262 6.34619 5.96884 8.48625 4.96014 4.33075 4.07083 3.4626 2.63439
threshold=0.75000000000000011 0.72990828752517711 1.0000000180025095e-35 1.0000000180025095e-35 0.87939393520355236 0.61250001192092907 0.24499999731779101 0.27922078967094427 0.56787469983100902 0.81666666269302379 1.0000000180025095e-35 0.47925275564193731 1.0000000180025095e-35 0.45773810148239141 0.75000000000000011 1.0000000180025095e-35 0.77888888120651256 0.56711712479591381 0.88303694128990184 0.64852941036224376 0.96153846383094799 1.0000000180025095e-35 0.81020107865333568 1.0000000180025095e-35 0.045983087271451957 0.43364779651165014 0.2288690581917763 1.0000000180025095e-35 0.13714733719825747 0.16172623634338382
decision_type=2 2 2 2 2 2 2 2 2 2 2 2 2 2 2 2 2 2 2 2 2 2 2 2 2 2 2 2 2 2
left_child=1 2 -1 4 23 26 18 8 19 10 11 -2 -10 15 -15 -9 17 -13 -6 -5 21 -7 -8 24 -3 -25 27 -4 -18 -22
right_child=9 3 5 7 6 20 22 13 12 -11 -12 16 -14 14 -16 -17 28 -19 -20 -21 29 -23 -24 25 -26 -27 -28 -29 -30 -31
leaf_value=0.05028971957550378 0.0430351423855427 -0.071894640135190965 -0.049545823498358461 -0.041874744306792999 -0.16832769721240426 -0.0035000471665078943 -0.30181247741154632 -0.015421660367015508 -0.18807156534408168 0.048070145759253245 0.044312884596338475 -0.010833660892165716 0.018972626331857236 -0.0088633160250984177 0.043709545247150892 0.00038132326954748447 -0.055645809438267961 -0.136771129665129 -0.0032015306089508964 0.058005134302496465 -0.094342312323802857 -0.053410589328693615 0.034337525963959031 0.0032950688595374637 0.020539024460974303 0.045846108100456071 0.058236274160223311 0.075997712625018268 0.051285633017782821 0.038779367306720873
leaf_weight=11.934625161578877 8.269441317534076 2.5682814037427297 138.22382212709635 53.570773508399725 0.81016158149577577 21.548289448255673 0.14104603999294596 178.11902381735854 0.60402753460221248 159.09258717484772 20.799581827130169 4.1775562892435101 19.448249362641945 26.502631072653458 27.614659900544211 402.06410489859991 1.0454204534180456 4.028626273968257 230.43991308147088 1.9928746130317438 0.39094297168776293 10.968444010708479 30.959980918094516 8.0942050358280522 74.874668998876587 44.511272608768195 0.94864918477833171 0.64873511530458827 2.7446695799008012 7.5270639345981181
leaf_count=3029 1028 244 51048 12088 31 1686 9 16428 79 53732 5629 426 1570 1586 3585 7278 24 188 5778 149 36 1964 4343 442 4133 3998 20 17 331 424
internal_value=0.00129446 -0.00500323 -0.0340803 6.64057e-05 0.00909005 -0.0396664 0.00055798 -0.00492133 -0.0247604 0.0420243 0.018602 -0.00778618 0.0127359 -0.00255628 0.0179633 -0.00447027 -0.0428191 -0.0726596 -0.00378003 -0.0382924 -0.0100468 -0.0203357 0.0328131 0.0263021 0.0174736 0.0392989 -0.0482321 -0.0489594 0.0217907 0.0322066
internal_weight=1494.66 1294.51 192.191 1102.32 392.4 180.256 262.351 709.916 75.6159 200.158 41.0653 20.2657 20.0523 634.3 54.1173 580.183 11.9963 8.20618 231.25 55.5636 40.4347 32.5167 31.101 130.048 77.443 52.6055 139.821 138.873 3.79009 7.91801
internal_count=181323 119965 58224 61741 18978 55195 10161 42763 13886 61358 7626 1997 1649 28877 5171 23706 969 614 5809 12237 4110 3650 4352 8817 4377 4440 51085 51065 355 460
is_linear=0
shrinkage=0.05


Tree=110
num_leaves=31
num_cat=0
split_feature=13 1 24 21 0 11 11 3 24 12 17 12 0 15 0 0 13 7 26 0 15 11 23 1 15 15 24 22 11 23
split_gain=144.383 72.0578 36.4936 18.0696 21.4968 15.3905 13.6745 12.4716 18.5968 11.2272 9.83197 9.52781 9.325 9.20799 8.91544 8.36912 8.31455 7.52778 7.73064 6.20002 7.20404 6.85586 5.28925 5.25345 5.11863 4.88338 4.83238 4.02762 2.49071 2.14728
threshold=0.75000000000000011 0.72990828752517711 1.5000000000000002 1.0000000180025095e-35 0.87939393520355236 0.57518798112869274 0.24499999731779101 0.61250001192092907 2.5000000000000004 0.81666666269302379 0.44484996795654302 0.76388889551162731 0.84045451879501354 0.96799793839454662 0.64760348200798046 0.46470099687576299 1.0000000180025095e-35 0.76986128091812145 1.0000000180025095e-35 0.71547618508338939 0.77820187807083141 0.61721614003181469 0.099586781114339842 0.72668826580047619 0.59169301390647899 0.84699881076812755 5.5000000000000009 1.0000000180025095e-35 0.12060606107115747 0.19082634150981906
decision_type=2 2 2 2 2 2 2 2 2 2 2 2 2 2 2 2 2 2 2 2 2 2 2 2 2 2 2 2 2 2
left_child=1 2 -1 4 17 10 16 8 14 11 22 19 -10 15 -5 -9 -6 18 -3 20 27 -22 -4 29 -19 -12 -8 -2 -21 -7
right_child=9 3 5 7 6 23 26 13 12 -11 25 -13 -14 -15 -16 -17 -18 24 -20 28 21 -23 -24 -25 -26 -27 -28 -29 -30 -31
leaf_value=0.050308474528821825 -0.0065537835134064143 0.017024154706778781 -0.02238593852180585 -0.012528412963776759 -0.019861302037480214 -0.0066141652246246713 0.036525706600046344 0.020432523555003978 -0.041118763129513312 0.047916314735340561 -0.048297399675162916 -0.24712668453380993 0.057705061817189485 0.043254653505102936 0.027136709786609078 -0.0040437988393542106 0.0019311677240339887 0.044327774041933644 -0.047607699292498723 -0.0078031273354497921 -0.17081599209708995 -0.020008377683318132 0.070931828341435202 -0.12342321252827078 0.017365590735036244 -0.23623601703245828 -0.061127226773770527 0.046313549803998974 0.045277129850678166 0.05316567510828682
leaf_weight=12.092916566180063 8.9075308436295035 43.288291931618005 29.554991001961756 43.419373415410519 58.606913099531084 2.0379287709947658 28.793341540265832 37.392808638745919 63.229643692495301 151.80733723402955 133.15848939318676 0.33561103465035458 2.48072525858879 11.249785903375594 21.027217546012253 529.02290436578915 172.87789212935604 51.860989772249013 5.1802657800726584 2.5081679350696531 1.0560882238205516 2.6313839319627732 1.6007085144519795 0.5430288731586187 26.647752459160984 0.34654306713491578 1.325171667151152 6.0490772365592411 18.592294694855809 5.7139422544278204
leaf_count=2868 1419 2793 2700 4898 3644 177 4242 1531 11780 53732 52010 36 75 712 1113 22654 2165 3308 249 42 88 327 36 28 2467 17 110 1180 4534 388
internal_value=0.00125315 -0.00480374 -0.0336641 6.72509e-05 0.0087305 -0.0395354 0.000537224 -0.0046887 -0.0186708 0.0417019 -0.042883 0.0181642 -0.0373879 -0.00153831 0.000413267 -0.00242796 -0.00358621 0.0256106 0.0101164 0.0204044 -0.000604496 -0.0631995 -0.0175915 0.0269182 0.0351762 -0.0487852 0.0322291 0.014828 0.0389676 0.0374498
internal_weight=1473.34 1281.45 185.049 1096.4 388.581 172.956 261.603 707.822 130.157 191.887 164.661 40.0802 65.7104 577.665 64.4466 566.416 231.485 126.977 48.4686 39.7445 18.6441 3.68747 31.1557 8.2949 78.5087 133.505 30.1185 14.9566 21.1005 7.75187
internal_count=181323 119965 58224 61741 18978 55356 10161 42763 17866 61358 54763 7626 11855 24897 6011 24185 5809 8817 3042 7590 3014 415 2736 593 5775 52027 4352 2599 4576 565
is_linear=0
shrinkage=0.05


Tree=111
num_leaves=31
num_cat=0
split_feature=12 1 24 19 17 23 15 2 23 24 0 27 23 15 24 7 2 17 2 17 7 24 24 25 22 7 12 0 9 17
split_gain=130.62 69.7028 22.9253 16.4637 15.6247 15.9453 14.4251 13.9354 11.8409 16.2515 14.0296 11.7827 29.5607 21.4375 12.1969 10.5218 9.6972 9.69073 9.56857 9.21705 8.62311 7.98637 10.2134 4.53983 4.2828 3.76182 3.68709 4.64994 14.3657 25.474
threshold=0.41428571939468389 0.72990828752517711 1.5000000000000002 1.0000000180025095e-35 0.56276261806488048 0.42761906981468206 0.54358378052711498 0.34848485887050634 0.11111111566424371 3.5000000000000004 0.25834259390830999 0.60000000149011623 0.036549167707562454 0.3031544983386994 3.5000000000000004 0.89528506994247448 0.78888890147209179 0.48947252333164221 0.069047622382640853 0.97969490289688121 0.97752526402473461 3.5000000000000004 4.5000000000000009 1.0000000180025095e-35 1.0000000180025095e-35 0.77459675073623668 0.81666666269302379 0.73401361703872692 1.0000000180025095e-35 0.88583961129188549
decision_type=2 2 2 2 2 2 2 2 2 2 2 2 2 2 2 2 2 2 2 2 2 2 2 2 2 2 2 2 2 2
left_child=1 2 -1 11 21 16 8 23 9 -2 -11 13 18 14 -3 -7 -6 -15 -13 -14 -12 -5 -23 -4 25 -9 27 28 -8 -30
right_child=6 3 7 4 5 15 26 24 -10 10 20 12 19 17 -16 -17 -18 -19 -20 -21 -22 22 -24 -25 -26 -27 -28 -29 29 -31
leaf_value=0.049729572823509087 0.028765393535739411 -0.0015303275457387267 -0.047392156963580234 0.008086904992597517 -0.024401337997494554 -0.015214679209971889 0.014943745678989756 -0.039806448662304053 0.037869706500862188 -0.24185239886430329 -0.039967225029638814 0.036396882041149818 0.0070262784456224777 0.45994687002922618 0.018414998385243502 0.046306382665238788 -0.061374050772732995 0.040934458143286417 -0.049468660247635271 -0.031555922442752564 0.017135071818546874 -0.013252013178014346 0.024996605650179762 0.071041201508840773 0.02999652903940267 -0.0012803108233333 0.047602095036938741 0.0465122886299578 0.05018233054701219 -0.69050584452551389
leaf_weight=7.5419006184674791 33.838152876705863 220.89170526200905 129.55242446030024 110.29982031672262 60.349398973397911 19.199468124657873 11.321936737047508 11.280702232033951 51.32763235620223 0.71142385574057954 16.407660198397934 3.539832134731113 179.93189844070002 0.13841708307154377 117.38012277614325 10.893149647396056 25.115246059605852 44.566501897526905 38.890168917831033 16.936587667791173 11.073514193994926 158.35186206828803 19.615392004372552 0.81424033641815086 5.624312423169612 14.455694407690315 119.38824793719687 13.645406820811329 0.27204690780490715 0.20248170243576169
leaf_count=1364 4113 4274 51736 2408 7743 437 2794 1310 14110 24 530 405 6453 17 2016 790 4325 6054 15527 492 150 3132 325 18 213 1258 45195 3998 74 38
internal_value=0.00121258 -0.00575331 -0.0354802 -0.000849446 -0.00871146 -0.0242453 0.0334635 -0.0394538 0.0201048 0.00540514 -0.022633 0.00425259 -0.00445136 0.00969116 0.00539069 0.00705517 -0.0352664 0.0422318 -0.0423051 0.00370705 -0.0169579 -0.00248443 -0.00903628 -0.0466524 -0.0095292 -0.018167 0.0439193 0.0266375 0.00364764 -0.26587
internal_weight=1453.56 1195.37 169.269 1026.1 403.824 115.557 258.189 161.727 113.358 62.0308 28.1926 622.275 239.298 382.977 338.272 30.0926 85.4646 44.7049 42.43 196.868 27.4812 288.267 177.967 130.367 31.3607 25.7364 144.83 25.4419 11.7965 0.474529
internal_count=181323 110297 55899 54398 19160 13295 71026 54535 18927 4817 704 35238 22877 12361 6290 1227 12068 6071 15932 6945 680 5865 3457 51754 2781 2568 52099 6904 2906 112
is_linear=0
shrinkage=0.05


Tree=112
num_leaves=31
num_cat=0
split_feature=13 1 2 21 0 15 3 11 0 12 19 17 0 23 11 12 17 7 7 11 19 7 19 15 11 6 23 2 0 0
split_gain=128.307 63.584 32.155 17.3323 19.3185 14.5011 14.4712 12.6945 12.1471 11.2183 10.2816 12.8544 8.81582 8.60897 8.38341 7.88433 7.57853 6.31254 6.43539 6.26706 5.97173 5.81989 5.26643 2.89984 2.30818 2.23346 1.79785 1.74336 1.58931 2.82522
threshold=0.75000000000000011 0.70741942524909984 1.0000000180025095e-35 1.0000000180025095e-35 0.9569842815399171 0.51298922300338756 0.61250001192092907 0.57518798112869274 0.86729559302330028 0.81666666269302379 1.0000000180025095e-35 0.47925275564193731 0.46470099687576299 0.45773810148239141 0.44097222387790685 0.76388889551162731 0.52843666076660167 0.9529346525669099 0.95180022716522228 0.2788888961076737 1.0000000180025095e-35 0.93813776969909679 1.0000000180025095e-35 0.75646600127220165 0.17752101272344592 1.0000000180025095e-35 0.18257576227188113 0.16025641560554507 0.19478319585323337 0.19098278135061267
decision_type=2 2 2 2 2 2 2 2 2 2 2 2 2 2 2 2 2 2 2 2 2 2 2 2 2 2 2 2 2 2
left_child=1 2 -1 4 17 20 8 16 14 10 28 -12 19 -14 -5 21 22 18 -3 -8 -6 -13 -4 -18 -7 -19 -9 -10 29 -2
right_child=9 3 7 6 5 24 12 26 27 -11 11 15 13 -15 -16 -17 23 25 -20 -21 -22 -23 -24 -25 -26 -27 -28 -29 -30 -31
leaf_value=0.050255670582018019 0.050188628148342684 0.017027224509590065 -0.05160611913850717 -0.028880806045628801 0.0048606088241530546 0.13330232816991547 0.0045553451982897593 -0.020362993993195688 -0.024992989655101994 0.047629295137390663 0.042225494070605302 -0.056216576021360869 -0.0051204792436208577 0.016569394760334036 0.0048831867899798743 -0.3008750112742607 -0.050881274383067603 0.022882773971443546 -0.047263341451344698 0.044767995210170303 -0.013152253351759092 0.022320833858726449 -0.006036182099760058 0.026077714546913461 0.04578844041270505 0.047743243796927501 0.052689440229961082 0.054704049367632436 0.045983956501775884 -0.19569257356448144
leaf_weight=10.352603815030305 0.30159233324229973 141.82478402229026 9.4616492739878613 106.26238972775172 78.278048220323399 0.81014574319124122 23.362484744284302 1.0708788684569288 0.77462614071555336 138.72719289152883 7.711805910337719 8.4205838247435114 493.89035859820433 50.418794504133984 22.23070141277276 0.28392740432173091 106.37333023699466 14.737067968351765 4.0022719970438621 16.554575525457039 111.62839901726693 3.2767829897347847 19.217798810102977 1.2382900714874256 10.766724594403057 23.347053158096969 3.9442743177060038 6.010376260150224 18.271536167245358 0.19069536728784442
leaf_count=2976 86 8862 1666 19515 2011 7 1062 14 71 53732 1028 624 18861 4961 1036 21 46917 1268 196 665 3519 324 2504 26 1730 1599 293 206 5541 2
internal_value=0.00117267 -0.00444401 -0.0348025 -0.000276995 0.0082796 -0.00241559 -0.00486024 -0.0410342 -0.0195963 0.0410052 0.0171098 -0.00812608 -0.00144808 -0.00311137 -0.0230393 -0.0405351 -0.043909 0.0199967 0.0152627 0.0212325 -0.00572748 -0.0342159 -0.0210702 -0.0499957 0.0519126 0.0381232 0.0370907 0.0456052 0.0435954 -0.0450573
internal_weight=1433.74 1256.56 151.659 1104.9 385.394 201.483 719.504 141.306 135.278 177.184 38.4569 19.6931 584.226 544.309 128.493 11.9813 136.291 183.911 145.827 39.9171 189.906 11.6974 28.6794 107.612 11.5769 38.0841 5.01515 6.785 18.7638 0.492288
internal_count=181323 119965 54396 65569 19192 7267 46377 51420 20828 61358 7626 1997 25549 23822 20551 969 51113 11925 9058 1727 5530 948 4170 46943 1737 2867 307 277 5629 88
is_linear=0
shrinkage=0.05


Tree=113
num_leaves=31
num_cat=0
split_feature=13 2 2 0 17 21 0 23 12 23 18 17 23 17 18 8 24 11 15 13 0 0 0 24 2 0 8 17 11 0
split_gain=120.618 60.0488 41.9285 18.9461 13.5542 12.4091 20.8777 11.4052 11.165 10.794 9.76253 11.5676 9.37241 14.7215 16.126 14.3546 11.5478 9.36943 8.66704 6.90938 6.88551 6.82078 9.79982 5.09558 4.90178 4.54493 4.08991 4.22193 3.13434 2.12288
threshold=0.75000000000000011 0.31666667759418493 1.0000000180025095e-35 0.66369047760963451 0.20848321169614795 1.0000000180025095e-35 0.87939393520355236 0.30769233405590063 0.81666666269302379 0.060075189918279655 1.0000000180025095e-35 0.47925275564193731 0.45773810148239141 0.78059476613998424 1.0000000180025095e-35 0.75000000000000011 4.5000000000000009 0.13714733719825747 0.32566948235034948 1.0000000180025095e-35 0.52985739707946788 0.77888888120651256 0.56711712479591381 7.5000000000000009 0.19090909510850909 0.87138131260871898 0.41666667163372045 0.99707603454589855 0.13714733719825747 0.53923079371452343
decision_type=2 2 2 2 2 2 2 2 2 2 2 2 2 2 2 2 2 2 2 2 2 2 2 2 2 2 2 2 2 2
left_child=1 2 25 4 24 6 18 19 10 -6 11 -2 13 17 -15 16 -14 -7 29 -8 -20 22 -13 -9 -4 -1 -5 -28 -23 -3
right_child=8 5 3 26 9 12 7 23 -10 -11 -12 21 15 14 -16 -17 -18 -19 20 -21 -22 28 -24 -25 -26 -27 27 -29 -30 -31
leaf_value=0.049427499770542727 0.041461776557808645 0.024437594167149364 -0.041240563512535501 0.079332543474168626 -0.051278929592762292 -0.0032231379601023805 -0.016708080462087008 0.04183144243922212 0.047451841218472172 -0.012635889152083957 0.04329136728740475 -0.0072577495419952082 0.0094868396508468872 -0.045730847039542832 -0.0086823703065959865 0.043257992372504828 -0.068110439473583292 0.018675323376921526 0.042545268496007094 0.002616785337291057 0.0042507364596178114 -0.055045739487552328 -0.11309993700763371 -0.22599575055402465 0.0012676019443567286 -0.034544330631959906 0.00032529085961181516 0.12721515925073609 0.050073205524299849 0.048442862260796499
leaf_weight=17.840175644727427 7.4674274097196784 12.384280048310755 9.4407101038377714 2.1868894693907377 129.09717330918647 402.39617662003729 63.039823977043852 17.49153954861686 132.4426269591786 21.012086578644812 17.974557171575725 4.2958459531655517 20.127220855560157 40.161534863058478 109.32436266751029 26.148504006210715 6.2937878710217765 55.59406158211641 15.757766508730127 173.70406322553754 46.0171877250541 0.97961928602307979 4.4548797570168972 0.17941408511251111 24.080235309898853 1.7713845288380969 14.30858601746149 0.68701248406432647 2.5681991807650775 35.929677482228726
leaf_count=4414 1028 600 1064 62 60371 11666 4257 3090 53732 360 5629 426 1466 5318 10010 3655 136 1788 1260 2666 4118 24 188 8 778 110 633 31 331 2104
internal_value=0.00113371 -0.00426328 -0.0279377 -0.0347525 -0.0394504 0.000830093 0.00823483 0.00036327 0.0406154 -0.0458697 0.0166242 -0.00762613 -0.0032591 -0.00501181 -0.018636 0.0169947 -0.00899772 -0.000564949 0.0264259 -0.00252901 0.014019 -0.0374313 -0.0611406 0.0391122 -0.0107042 0.0418429 0.0154544 0.00613866 0.0210479 0.0422896
internal_weight=1415.16 1244.97 220.424 200.813 183.63 1024.55 364.504 254.415 170.183 150.109 37.7405 19.766 660.046 607.476 149.486 52.5695 26.421 457.99 110.089 236.744 61.775 12.2985 8.75073 17.671 33.5209 19.6116 17.1825 14.9956 3.54782 48.314
internal_count=181323 119965 67823 63299 62573 52142 18103 10021 61358 60731 7626 1997 34039 28782 15328 5257 1602 13454 8082 6923 5378 969 614 3098 1842 4524 726 664 355 2704
is_linear=0
shrinkage=0.05


Tree=114
num_leaves=31
num_cat=0
split_feature=13 1 24 21 0 15 2 24 0 21 26 24 2 24 2 15 7 13 18 23 23 7 2 24 15 17 24 27 23 23
split_gain=113.432 57.493 31.1374 14.3609 16.8597 13.2813 12.4073 13.9291 13.98 10.7736 9.0028 12.8031 10.4626 6.82867 6.80883 6.35072 6.13177 6.1416 3.88919 4.13694 11.222 19.7323 21.0007 4.18629 5.72745 3.67066 3.2694 3.16913 4.67143 2.121
threshold=0.75000000000000011 0.70741942524909984 1.5000000000000002 1.0000000180025095e-35 0.9569842815399171 0.51298922300338756 0.43650794029235845 2.5000000000000004 0.84045451879501354 1.0000000180025095e-35 1.0000000180025095e-35 2.5000000000000004 0.63068181276321422 4.5000000000000009 0.31666667759418493 0.71892556548118602 0.9529346525669099 1.0000000180025095e-35 1.0000000180025095e-35 0.43666924536228185 0.35032467544078832 0.80673459172248851 0.5634920895099641 3.5000000000000004 0.89299345016479503 0.28215467929840093 5.5000000000000009 0.60000000149011623 0.090593434870243086 0.2288690581917763
decision_type=2 2 2 2 2 2 2 2 2 2 2 2 2 2 2 2 2 2 2 2 2 2 2 2 2 2 2 2 2 2
left_child=1 2 -1 4 16 13 7 14 -9 27 12 -12 -8 -6 -5 25 17 -3 19 20 23 22 -22 -2 -25 -11 -18 -4 -29 -17
right_child=18 3 9 6 5 -7 10 8 -10 15 11 -13 -14 -15 -16 29 26 -19 -20 -21 21 -23 -24 24 -26 -27 -28 28 -30 -31
leaf_value=0.050089101831389329 0.042943201701669903 0.0045192526051321983 0.033243312411381107 -0.012357128366529859 -0.008257358294641616 0.051609467734090676 -0.0036227618128869747 -0.03217669112650573 0.023661370649543708 -0.023794085049076322 -0.023952444311170731 -0.00030405086493600714 0.022348431725070336 0.026119994806912451 0.019897439036608545 -0.018961443566189236 0.03953562796284818 0.025358743471270519 0.046914484867572409 0.04691877691914071 -0.045643646366469448 0.03742977855036686 -0.34088244568825632 0.0098378035562240174 -0.31621738629774093 -0.050777287202558363 -0.054748838099395569 -0.054154321187828272 0.034029385327329041 0.053364628578133039
leaf_weight=10.173986521898767 26.575576090137474 76.713041342329234 5.3926114703062904 35.036223023897037 173.47689596447162 10.801246866816653 76.176767345285043 103.21676000847947 12.575143417110665 14.411436005728318 70.326595397200435 307.42134016519412 78.989664355758578 15.757583181373773 30.697224385803565 2.0816944083198896 35.550252675544471 65.577236925950274 93.524338475544937 26.426688828039914 1.8919355138204985 3.6328196756076068 0.88363173860125233 10.302637910004702 0.1364691015332945 100.47646133718081 0.94386115297675033 3.7714001254644245 2.4955587829463184 1.9756982666440306
leaf_count=2839 7758 4523 267 5213 5146 1737 3017 16299 423 1436 4184 12041 3799 384 1401 73 2806 4535 39155 10835 415 1365 139 1639 52 49251 61 308 125 97
internal_value=0.00109611 -0.00408714 -0.0341622 -0.000214385 0.00765546 -0.00231672 -0.00438724 -0.015677 -0.0261126 -0.0407253 -0.000541627 -0.00470675 0.00959824 -0.00539475 0.00270561 -0.0452214 0.018813 0.0141235 0.0402475 0.0313209 0.0218282 -0.0392601 -0.139636 0.0324045 0.00557533 -0.0473925 0.0370971 0.00514195 -0.0190388 0.0162569
internal_weight=1397.41 1234.04 140.779 1093.26 378.82 200.036 714.44 181.525 115.792 130.605 532.914 377.748 155.166 189.234 65.7334 118.945 178.784 142.29 163.374 69.8498 43.4231 6.40839 2.77557 37.0147 10.4391 114.888 36.4941 11.6596 6.26696 4.05739
internal_count=181323 119965 54396 65569 19192 7267 46377 23336 16722 51557 23041 16225 6816 5530 6614 50857 11925 9058 61358 22203 11368 1919 554 9449 1691 50687 2867 700 433 170
is_linear=0
shrinkage=0.05


Tree=115
num_leaves=31
num_cat=0
split_feature=13 1 24 21 0 11 13 11 12 11 18 17 25 6 21 7 23 7 26 0 1 15 6 17 11 17 11 0 24 11
split_gain=106.475 54.3102 29.2888 13.0565 16.132 12.1046 11.7992 50.0747 11.3379 10.5946 9.11924 10.3579 8.95954 7.90869 7.48558 7.03481 6.69572 9.56341 6.18985 5.78254 8.31438 5.25577 4.7372 4.70035 4.6643 3.77505 2.95278 1.62793 2.43186 1.59436
threshold=0.75000000000000011 0.70741942524909984 1.5000000000000002 1.0000000180025095e-35 0.87939393520355236 0.57518798112869274 1.0000000180025095e-35 0.13714733719825747 0.81666666269302379 0.24499999731779101 1.0000000180025095e-35 0.47925275564193731 1.0000000180025095e-35 1.0000000180025095e-35 1.0000000180025095e-35 0.76986128091812145 0.3892496526241303 0.52679425477981578 1.0000000180025095e-35 0.77888888120651256 0.7155904769897462 0.62547710537910473 1.0000000180025095e-35 0.66789215803146373 0.34057971835136419 0.28215467929840093 0.13714733719825747 0.19478319585323337 3.5000000000000004 0.056349206715822227
decision_type=2 2 2 2 2 2 2 2 2 2 2 2 2 2 2 2 2 2 2 2 2 2 2 2 2 2 2 2 2 2
left_child=1 2 29 4 15 14 7 -5 10 13 11 -2 -9 -6 24 18 23 -18 -3 20 -13 -17 -11 -8 -4 -16 -21 28 -12 -1
right_child=8 3 5 6 9 -7 16 12 -10 22 27 19 -14 -15 25 21 17 -19 -20 26 -22 -23 -24 -25 -26 -27 -28 -29 -30 -31
leaf_value=-0.047502135428597041 0.040204377461562059 0.01378217444243901 -0.021870503768837861 -0.051079655246530055 -0.056630567042052597 0.036709344431633283 0.00084048958150710759 0.022940472721166456 0.04709658228010577 -0.027032053092215066 0.050164070555943185 0.034351666965498705 -0.0050864831247982821 -0.0016774360625536715 -0.023026192482477288 0.040846776976559709 -0.22424425701170891 0.034601525930396823 -0.042870587805537153 -0.0548359443923436 -0.081921725465070719 0.01209658251787778 0.037707858434604502 -0.0196271196541489 0.056586556195917459 -0.05067628378285513 0.049351810905464616 0.045155167383055451 -0.18109474877388609 0.05382986543681012
leaf_weight=0.40497313719242711 7.0756661323830512 41.491701605496928 7.4846169935772178 63.975797357154079 6.7469389673788092 4.9077678099274626 402.98982230725233 34.658373416168615 121.30799240770284 3.2106597167439785 0.26262361835688608 1.9668575408868472 160.8707461283775 221.22327883122489 14.154105126159264 51.227306711720303 0.3637679831590529 18.730256103212014 5.4553845506161442 0.94427340477704946 7.0427355818683282 23.048360397806391 23.563290874008089 30.148698161356151 2.5362953457515687 96.548203386482783 2.4302901490591466 16.024749307893217 0.20044333976693451 9.360578060965052
leaf_count=78 1028 2846 359 26195 270 426 4929 1225 53732 435 86 279 5771 5539 1436 3620 53 3085 285 24 335 2280 3917 5119 128 49208 331 5541 2 2761
internal_value=0.00106 -0.00391933 -0.0337822 -0.000202024 0.00733524 -0.0402658 -0.00418349 -0.012682 0.0397882 0.000190621 0.0151253 -0.00805539 -0.000118585 -0.00330381 -0.0433951 0.0223493 0.000693226 0.0296702 0.00719896 -0.0356285 -0.0565384 0.0319254 0.0299444 -0.000584163 -0.002013 -0.047141 0.0201979 0.0424844 -0.0499387 0.0496277
internal_weight=1380.36 1223.1 135.397 1087.7 375.967 125.631 711.737 259.505 157.256 254.744 35.9476 19.4598 195.529 227.97 120.723 121.223 452.233 19.094 46.9471 12.3842 9.00959 74.2757 26.774 433.139 10.0209 110.702 3.37456 16.4878 0.463067 9.76555
internal_count=181323 119965 54396 65569 19192 51557 46377 33191 61358 10161 7626 1997 6996 5809 51131 9031 13186 3138 3131 969 614 5900 4352 10048 487 50644 355 5629 88 2839
is_linear=0
shrinkage=0.05


Tree=116
num_leaves=31
num_cat=0
split_feature=13 1 24 2 0 2 0 0 9 6 0 1 12 7 13 21 19 17 15 2 7 17 2 27 17 8 0 0 0 18
split_gain=100.101 51.3025 27.5843 12.2895 17.3941 16.0362 29.1748 26.019 38.8083 19.0414 15.9216 13.1369 11.1632 11.0851 10.8146 10.0205 8.63005 9.4414 5.86072 4.95621 9.45506 3.81931 3.33662 2.95999 3.86233 2.02388 1.98155 1.52438 2.03451 0.57653
threshold=0.75000000000000011 0.70741942524909984 1.5000000000000002 0.43650794029235845 0.96720427274703991 0.82575756311416637 0.75219297409057628 0.81530213356018078 1.0000000180025095e-35 1.0000000180025095e-35 0.70521390438079845 0.98340412974357616 0.81666666269302379 0.57019704580307018 1.0000000180025095e-35 1.0000000180025095e-35 1.0000000180025095e-35 0.38605175912380224 0.71892556548118602 0.087121214717626586 0.80673459172248851 0.44484996795654302 0.89444443583488475 0.60000000149011623 0.8464345932006837 0.75000000000000011 0.24357284605503085 0.19478319585323337 0.19098278135061267 1.0000000180025095e-35
decision_type=2 2 2 2 2 2 2 2 2 2 2 2 2 2 2 2 2 2 2 2 2 2 2 2 2 2 2 2 2 2
left_child=1 2 29 4 10 7 22 8 -5 -9 13 -12 16 -3 -8 23 27 -18 21 -19 -21 -17 -7 26 -25 -20 -4 28 -2 -1
right_child=12 3 15 5 -6 6 14 9 -10 -11 11 -13 -14 -15 -16 18 17 19 25 20 -22 -23 -24 24 -26 -27 -28 -29 -30 -31
leaf_value=0.053885688865374398 0.050156240377048016 0.011459900010057533 0.074835723460594986 0.010913701151506664 -0.5019390375057865 -0.010154490273568762 -0.018404728839465336 0.0045619113738061207 -0.047214039946549678 0.049991329696159909 0.016862606053079425 -0.085424534977425817 0.046890799028811631 -0.024323332200826959 -0.0012915301350604695 -0.025391672449783742 0.052143277110473375 0.05041166125000815 -0.016951341034615482 -0.08950877739035433 -0.0020713420479143863 -0.050920985828632026 0.054989891239852241 -0.046701570611438516 0.037974937100544087 0.05526372665675075 0.01020222800925456 0.044849105579231552 -0.15923833185984418 0.014175184089456528
leaf_weight=8.2845290090190211 0.25027438090182741 25.788683113525622 1.8043879102915505 184.0797507277457 0.18003745377063651 2.1461621127091375 120.24643906648271 37.049044240498915 34.021149415755644 61.112391017843038 58.207763933460228 3.3179233123082659 115.88555990648456 134.63696375244763 397.48157024430111 17.576151285204105 4.92460091528483 1.7674622677732248 2.1525274398736647 5.3483592652482894 7.3279246194288135 88.006930917035788 23.36143554141745 4.0900979092111811 2.0077291944762692 1.7663891259580853 3.459334678016603 15.344648267608134 0.21622264990583062 1.0273550627753145
leaf_count=2575 86 3729 72 9317 3 49 14139 3002 1661 3226 2831 128 53732 19163 6684 2414 733 327 90 272 665 48273 1637 217 216 80 195 5541 2 264
internal_value=0.00102277 -0.00376163 -0.0334166 -0.000192619 -0.0106763 0.00251683 -0.00269425 0.0114678 0.00184646 0.0328449 -0.0102778 0.0113465 0.039402 -0.0185711 -0.00526621 -0.0398052 0.0147329 -0.00764227 -0.0444426 -0.0280262 -0.0389628 -0.0466712 0.0495088 0.00488974 -0.0188216 0.0155984 0.0323584 0.0421421 -0.0468987 0.0495045
internal_weight=1362.87 1211.8 130.175 1081.63 222.131 859.498 543.236 316.262 218.101 98.1614 221.951 61.5257 151.065 160.426 517.728 120.864 35.1795 19.3683 109.502 14.4437 12.6763 105.583 25.5076 11.3615 6.09783 3.91892 5.26372 15.8111 0.466497 9.31188
internal_count=181323 119965 54396 65569 25854 39715 22509 17206 10978 6228 25851 2959 61358 22892 20823 51557 7626 1997 50857 1264 937 50687 1686 700 433 170 267 5629 88 2839
is_linear=0
shrinkage=0.05


Tree=117
num_leaves=31
num_cat=0
split_feature=13 1 24 13 11 11 11 5 7 22 15 2 23 8 7 1 11 11 17 15 17 18 14 1 11 22 2 15 22 11
split_gain=94.0664 48.3723 25.9198 11.9323 55.0162 13.0783 11.0809 8.5579 9.26623 7.12485 6.3153 5.9819 6.53921 6.51541 5.87157 5.09277 4.35262 4.27507 6.11607 6.26479 3.93299 3.8281 9.4229 14.8035 3.90471 6.1451 1.93678 1.84313 1.80185 1.54876
threshold=0.75000000000000011 0.70741942524909984 1.5000000000000002 1.0000000180025095e-35 0.053342817351222045 0.32575757801532751 0.57518798112869274 1.0000000180025095e-35 0.79516318440437328 1.0000000180025095e-35 0.26645022630691534 0.19090909510850909 0.023904763162136081 0.29166667163372045 0.81322672963142406 0.75973123311996471 0.34057971835136419 0.18350168317556384 0.60617992281913768 0.21960458159446719 0.44484996795654302 1.0000000180025095e-35 0.75000000000000011 0.92633762955665599 0.84807693958282482 1.0000000180025095e-35 0.41428571939468389 0.31271257996559149 1.0000000180025095e-35 0.056349206715822227
decision_type=2 2 2 2 2 2 2 2 2 2 2 2 2 2 2 2 2 2 2 2 2 2 2 2 2 2 2 2 2 2
left_child=1 2 29 4 -3 11 9 8 -6 20 -9 12 -5 -13 15 -7 -11 18 28 -20 -4 22 24 -24 25 -19 -16 -21 -2 -1
right_child=17 3 6 5 7 14 -8 10 -10 16 -12 13 -14 -15 26 -17 -18 21 19 27 -22 -23 23 -25 -26 -27 -28 -29 -30 -31
leaf_value=-0.047457034066073406 -0.024349103000582031 -0.050311552043791674 -0.024622193185883771 -0.022052556785508614 -0.018538657869689432 -0.10841900788898418 0.035837298589050832 0.011592465447561599 0.031137476365362071 -0.02074479016692999 -0.006395490357903994 0.069739606082558525 -0.15101842565478263 0.002055446099820103 0.01609721200152656 0.010939240552012012 0.056566182174627805 -0.0010278683387243001 -0.20821449631543507 -0.053039073911233359 -0.050824960900995267 0.048302864347191471 -1.1974636093678346 0.05008548188866585 0.050100786943568267 0.040694316765905653 0.045128863676925042 0.022640502106037099 0.050168555427252119 0.053602841494827226
leaf_weight=0.39674186473712225 0.96629294962622037 62.007875966373831 17.238373252912425 9.631670725415459 12.258386068511752 0.9384389787446733 4.7097123430576167 62.358590638148598 40.082749516586773 7.4851352020632458 224.32344568369444 3.5765801288653156 1.094620392192154 604.91703995328862 7.1975638363510361 18.74408041452989 2.4056999629829079 15.803444010671226 0.49864863103721324 1.7284713215194645 84.615296425297856 80.053143725730479 0.040078541380352273 0.058468398870900273 19.457177541102283 19.987298869411461 28.462804822949693 1.5050613774219526 5.0550250494852662 8.5308538803365064
leaf_count=78 62 24176 2413 1507 770 131 426 3603 2481 359 12660 76 17 11024 973 2335 128 4152 38 108 48231 39094 20 29 9718 7717 5816 66 354 2761
internal_value=0.000990571 -0.00360448 -0.032995 -0.000178423 -0.00700858 0.00388214 -0.0392895 0.000911598 0.0195032 -0.0424559 -0.00248278 0.0018008 -0.0352136 0.00245328 0.0271698 0.00524838 -0.00194082 0.0390093 0.00703828 -0.0432527 -0.0463902 0.0413124 0.0312013 -0.457286 0.0320726 0.0222718 0.0392692 -0.0178137 0.0382101 0.0491117
internal_weight=1346.13 1200.98 125.382 1075.59 401.031 674.563 116.454 339.023 52.3411 111.745 286.682 619.22 10.7263 608.494 55.3429 19.6825 9.89084 145.153 9.7535 3.73218 101.854 135.4 55.3465 0.0985469 55.2479 35.7907 35.6604 3.23353 6.02132 8.9276
internal_count=181323 119965 54396 65569 43690 21879 51557 19514 3251 51131 16263 12624 1524 11100 9255 2466 487 61358 628 212 50644 60730 21636 49 21587 11869 6789 174 416 2839
is_linear=0
shrinkage=0.05


Tree=118
num_leaves=31
num_cat=0
split_feature=13 1 24 22 2 12 18 11 3 24 0 19 17 18 0 17 18 0 14 23 2 11 11 24 0 22 11 11 17 11
split_gain=88.4377 45.6294 24.388 11.751 14.4319 11.1695 11.0914 10.4111 9.97465 17.1636 8.46588 8.09047 8.67674 7.95945 7.52341 7.22927 7.17438 7.0631 6.51707 13.526 6.51234 6.3265 6.26844 4.5938 5.91217 2.9215 2.30075 1.87828 7.70172 2.81531
threshold=0.75000000000000011 0.70741942524909984 1.5000000000000002 1.0000000180025095e-35 0.82575756311416637 0.81666666269302379 1.0000000180025095e-35 0.57518798112869274 0.61250001192092907 2.5000000000000004 0.37617924809455877 1.0000000180025095e-35 0.38605175912380224 1.0000000180025095e-35 0.84045451879501354 0.28215467929840093 1.0000000180025095e-35 0.70087718963623058 1.0000000180025095e-35 0.25105042755603796 0.41428571939468389 0.13100686669349673 0.31009615957736975 1.5000000000000002 0.77888888120651256 1.0000000180025095e-35 0.22401433438062671 0.22401433438062671 0.80447274446487438 0.15075758099555972
decision_type=2 2 2 2 2 2 2 2 2 2 2 2 2 2 2 2 2 2 2 2 2 2 2 2 2 2 2 2 2 2
left_child=1 2 -1 8 18 11 22 15 9 17 26 -2 -13 -12 -11 16 -4 -3 19 -5 -20 -8 -6 -14 -25 -17 -10 28 -7 -30
right_child=5 3 7 4 6 27 21 -9 10 14 13 12 23 -15 -16 25 -18 -19 20 -21 -22 -23 -24 24 -26 -27 -28 -29 29 -31
leaf_value=0.048959354457290973 0.041478159353672051 -0.0074705801176548937 0.014956779885208292 0.025366547679901614 -0.012842295719223415 0.052765089417910332 0.0047803502745767642 0.035085795210755985 0.017717439577630612 -0.038130901365157281 -0.0099227089630658117 0.051724643146211217 0.051441469112485684 0.002401067233876696 0.055880604463703958 -0.049984855060276528 -0.051498196370401587 0.032069083388693666 0.0053435749286230442 -0.20742397791667841 0.029368237820282868 0.033395369447621857 0.036526333150336043 -0.060144743681411733 0.014307621629599504 -0.014747998928556508 0.055024431147104196 0.048128354300482505 -0.16133559471950773 -0.021105248344543526
leaf_weight=8.5180290103889984 14.469770895899272 46.75929843983613 10.055935524869712 1.7834622750524425 122.46647636103444 4.254321730695664 82.699701488716528 4.5735527698416254 9.6484533697366732 61.75503202737309 210.36339031800162 4.5707151324022588 1.6347507522441436 347.36900557822082 2.2040564005728802 84.38847823406104 6.812900621443986 14.891584739321841 41.205416197888553 0.95980084314942349 89.420665135141462 25.202351969201118 6.7860789806582025 8.8176254924037476 3.8222784935496739 6.3231250125681973 7.2289712321944526 100.48264839872718 0.61722057452425338 0.8519463618285954
leaf_count=2839 5629 5518 576 70 3572 456 1787 426 440 14370 9777 733 303 15063 75 49208 902 865 2404 34 7581 2422 1322 520 441 445 269 53175 29 72
internal_value=0.000954422 -0.00345619 -0.0326036 -0.000171294 0.0070294 0.038618 -0.000370664 -0.0387983 -0.00398157 -0.0167453 -0.00119142 0.0133587 -0.00823192 -0.00224717 -0.0348912 -0.0419393 -0.0118827 0.00208011 0.020188 -0.0560812 0.0217898 0.0114639 -0.0102503 -0.0274299 -0.0376305 -0.0475286 0.0336968 0.0465414 0.0186808 -0.0800183
internal_weight=1330.94 1191.42 120.672 1070.74 370.524 139.521 237.155 112.154 700.22 125.61 574.61 33.3151 18.8454 557.732 63.9591 107.58 16.8688 61.6509 133.369 2.74326 130.626 107.902 129.253 14.2747 12.6399 90.7116 16.8774 106.206 5.72349 1.46917
internal_count=181323 119965 54396 65569 19192 61358 9103 51557 46377 20828 25549 7626 1997 24840 14445 51131 1478 6383 10089 104 9985 4209 4894 1264 961 49653 709 53732 557 101
is_linear=0
shrinkage=0.05


Tree=119
num_leaves=31
num_cat=0
split_feature=12 1 11 24 27 11 11 15 18 7 2 15 24 3 1 14 11 12 0 0 21 9 11 11 7 11 7 11 7 15
split_gain=77.8425 44.1335 21.9954 16.1104 15.7196 48.2497 10.9598 18.6529 12.8935 7.73359 7.69152 7.31895 5.93563 9.8062 5.91123 5.89365 5.55667 5.25201 6.31436 17.1839 19.2946 10.6403 10.4491 18.494 4.83774 4.34466 4.34441 8.57149 3.66001 3.09332
threshold=0.41428571939468389 0.69734227657318126 0.32575757801532751 1.5000000000000002 0.60000000149011623 0.050641026347875602 0.075498577207326903 0.093933824449777617 1.0000000180025095e-35 0.76533168554306041 0.44949495792388922 0.97067421674728405 3.5000000000000004 0.61250001192092907 0.99238026142120372 1.0000000180025095e-35 0.2788888961076737 0.81666666269302379 0.66369047760963451 0.60172414779663097 1.0000000180025095e-35 1.0000000180025095e-35 0.91485509276390087 0.91833335161209118 0.64365079998970043 0.56696429848670971 0.9759001135826112 0.10762548446655275 0.68469786643981945 0.59763106703758251
decision_type=2 2 2 2 2 2 2 2 2 2 2 2 2 2 2 2 2 2 2 2 2 2 2 2 2 2 2 2 2 2
left_child=1 3 12 -1 6 -6 7 24 9 -8 25 15 -2 16 -10 -7 -14 18 19 21 -21 -4 -20 -24 -3 -5 27 -15 -12 -9
right_child=2 4 17 10 5 11 8 29 14 -11 28 -13 13 26 -16 -17 -18 -19 22 20 -22 -23 23 -25 -26 -27 -28 -29 -30 -31
leaf_value=0.047559214845250136 0.02180685246415881 0.025112799898644018 0.033161808328802382 -0.046614663273169432 -0.051000294246379856 -0.042389347603332295 -0.043586515469729997 -0.046126141035253004 0.044094642084475416 0.0096769477052094724 -0.051107881633343344 0.046769839999280041 -0.041417812641992513 -0.038108894228290079 0.0045403874820772417 -0.0014839393499251237 -0.17243771707739416 0.045893536593343477 0.044891080302914166 0.050287783894096522 -0.25455643285663337 -0.25884599651884899 -0.68945360838972614 0.050177327144058571 0.0018332986570447525 0.016561876795090646 0.019768960340871625 0.044660260400530102 0.021743980416285062 0.11728667207709126
leaf_weight=5.5385382332606232 30.080925434711389 23.360461217467673 8.7913072279188782 85.801551113370806 58.372770958230831 9.0751266236184147 8.8617523651337233 21.866349015384916 42.165914170560427 29.505581917241216 2.3009728167671692 7.664627220015972 2.3241346266586329 12.417299655498939 12.172392913373185 296.57799889089074 1.2415380158927289 107.40073560702149 18.892516389489177 0.85970943036954861 1.30998889543116 0.32344170822762031 0.13509256136603554 0.225747604155913 499.60172476875596 2.8104854279663405 15.153307000640782 4.1812029026914379 6.8755897486116737 0.29348301887512107
leaf_count=1347 2337 549 2819 48204 25103 272 432 5194 5846 1419 126 267 270 192 1453 14683 13 57226 6331 208 291 73 20 58 4840 89 560 628 472 1
internal_value=0.000921372 -0.00427633 0.0293679 -0.0353997 -0.00109076 -0.00926402 0.00367216 0.000969282 0.0195655 -0.00262538 -0.0400983 -0.00148833 0.00548501 -0.00841678 0.035234 -0.00269846 -0.0870379 0.0406911 0.0223943 -0.00730378 -0.133767 0.0227998 0.0398005 -0.226728 0.00287318 -0.0446109 0.000412234 -0.0172591 0.00347677 -0.0439619
internal_weight=1316.18 1112.85 203.337 103.327 1009.52 371.691 637.828 545.122 92.7056 38.3673 97.7886 313.318 65.3984 35.3175 54.3383 305.653 3.56567 137.939 30.5378 11.2844 2.1697 9.11475 19.2534 0.36084 522.962 88.612 31.7518 16.5985 9.17656 22.1598
internal_count=181323 110297 71026 50238 60059 40325 19734 10584 9150 1851 48891 15222 4000 1663 7299 14955 283 67026 9800 3391 499 2892 6409 78 5389 48293 1380 820 598 5195
is_linear=0
shrinkage=0.05


Tree=120
num_leaves=31
num_cat=0
split_feature=13 1 2 12 21 0 3 15 13 11 15 6 18 17 7 7 15 1 1 7 2 7 25 11 11 11 11 17 15 21
split_gain=78.4029 40.369 20.7456 10.8988 10.6433 13.1725 9.66581 9.22184 11.307 41.0867 8.87331 8.58707 7.4764 7.89652 6.52989 5.98625 5.33455 4.80167 4.72648 4.72043 5.67643 4.60103 3.99727 3.59266 3.12082 2.43875 1.90402 7.13493 5.93138 1.55187
threshold=0.75000000000000011 0.70741942524909984 1.0000000180025095e-35 0.81666666269302379 1.0000000180025095e-35 0.87939393520355236 0.61250001192092907 0.97067421674728405 1.0000000180025095e-35 0.13714733719825747 0.39408509433269506 1.0000000180025095e-35 1.0000000180025095e-35 0.47925275564193731 0.76986128091812145 0.57735043764114391 0.62547710537910473 0.81020107865333568 0.94181358814239513 0.93813776969909679 0.087121214717626586 0.87939393520355236 1.0000000180025095e-35 0.57518798112869274 0.44722221791744238 0.13714733719825747 0.22401433438062671 0.80447274446487438 0.21960458159446719 1.0000000180025095e-35
decision_type=2 2 2 2 2 2 2 2 2 2 2 2 2 2 2 2 2 2 2 2 2 2 2 2 2 2 2 2 2 2
left_child=1 2 -1 12 5 14 22 8 9 -6 11 -7 13 -2 15 -3 -16 -12 -10 20 -15 23 24 -8 -4 -21 27 -5 -29 -30
right_child=3 4 6 26 7 10 21 -9 18 -11 17 -13 -14 19 16 -17 -18 -19 -20 25 -22 -23 -24 -25 -26 -27 -28 28 29 -31
leaf_value=0.050184783651489609 0.038269970650534169 0.033704579785209632 -0.04838326431142019 0.051842140162669137 -0.051108401453312816 -0.05710568882994202 -0.027589712398642559 0.04699832950545698 -0.0060059790462220772 -0.0019542698533584787 -0.2328806160853398 -0.0011122512474479082 0.040906985619174649 0.050428971414890437 0.039683319740257926 -0.0058013636163956423 0.0098365218370154266 0.030076280445846995 0.004515419091987531 -0.053165226546121803 -0.063995989273816764 0.032075948113817365 0.088283891723871688 0.051921119431011402 0.0017605067573853888 0.048463509133937044 0.047926948082908212 -0.26069155304412261 0.052787208372278266 -0.068141725981371748
leaf_weight=7.2455809107050291 6.17798544908874 13.690674844663588 77.740900820354 4.047064781188964 55.050387559458613 7.0698942153248927 16.99636718665716 8.8231313591822964 178.39425468677655 186.66943143249955 0.17480565072037535 217.34242183784954 13.527755373506805 1.2517259668093164 47.904801609460264 32.005609424086288 21.775854292092845 25.285369322868064 265.75078019034117 0.7926603701198468 8.082087094197048 5.2502415353665119 0.55482414364814658 1.5502882753498841 3.2319495540577909 2.3122669449076056 91.56537472596392 0.33804301219061006 0.43024586676619936 0.69199621025472868
leaf_count=2976 1028 864 48067 456 26195 359 2599 660 7292 6696 10 6277 5629 221 3620 2267 2280 3515 5534 34 416 532 2 167 53 298 53175 17 62 22
internal_value=0.000889894 -0.00318371 -0.0316522 0.0378535 -0.000160227 0.00674961 -0.037282 -0.00379325 -0.00444664 -0.0131489 0.000297393 -0.00287627 0.012619 -0.0079363 0.0207232 0.00603468 0.0303559 0.0282709 0.000289419 -0.0308857 -0.0486508 -0.00924598 -0.0454654 -0.0209435 -0.0463818 0.0225186 0.0462096 0.0176566 -0.0770858 -0.0217799
internal_weight=1301.72 1172.51 112.57 129.217 1059.94 365.249 105.325 694.688 685.865 241.72 249.872 224.412 32.1445 18.6167 115.377 45.6963 69.6807 25.4602 444.145 12.4387 9.33381 23.7969 81.5277 18.5467 80.9729 3.10493 97.0727 5.50735 1.46029 1.12224
internal_count=181323 119965 54396 61358 65569 19192 51420 46377 45717 32891 10161 6636 7626 1997 9031 3131 5900 3525 12826 969 637 3298 48122 2766 48120 332 53732 557 101 84
is_linear=0
shrinkage=0.05


Tree=121
num_leaves=31
num_cat=0
split_feature=13 1 24 12 13 23 2 23 21 18 17 0 24 3 2 8 18 7 21 24 7 0 6 23 24 27 8 0 15 0
split_gain=73.7113 37.9826 20.5519 10.7295 9.80986 38.5178 13.0133 10.4997 9.61546 7.03601 7.42381 6.66967 8.89041 7.85287 5.40772 4.8979 5.00729 4.18464 4.14675 3.81111 7.04369 3.56612 3.45572 3.38493 2.80691 2.64147 3.63822 1.79246 1.68914 1.49906
threshold=0.75000000000000011 0.70741942524909984 1.5000000000000002 0.81666666269302379 1.0000000180025095e-35 0.03347339108586312 0.069047622382640853 0.21846591681241992 1.0000000180025095e-35 1.0000000180025095e-35 0.38605175912380224 0.47413024306297308 1.5000000000000002 0.58571431040763866 0.41428571939468389 0.29166667163372045 1.0000000180025095e-35 0.68469786643981945 1.0000000180025095e-35 1.5000000000000002 0.80673459172248851 0.44151847064495092 1.0000000180025095e-35 0.22222223132848742 5.5000000000000009 0.60000000149011623 0.41666667163372045 0.24357284605503085 0.65319725871086132 0.19478319585323337
decision_type=2 2 2 2 2 2 2 2 2 2 2 2 2 2 2 2 2 2 2 2 2 2 2 2 2 2 2 2 2 2
left_child=1 2 -1 9 5 6 22 15 25 10 -2 13 -13 -7 23 21 -17 -16 -9 -12 -21 -6 -3 -10 -20 27 -27 -4 -8 -11
right_child=3 4 8 -5 7 11 28 18 14 29 19 12 -14 -15 17 16 -18 -19 24 20 -22 -23 -24 -25 -26 26 -28 -29 -30 -31
leaf_value=0.048012793598990515 0.051173596482848339 0.049351894258581101 0.074707081030058631 0.046043982523587858 0.0094602810884139715 -0.017710050427910653 -0.048618412936404176 0.047249227772393827 -0.047854302704199575 -0.05104618893600147 0.051639984960147781 -0.084565175840316337 -0.00099900782842837223 0.036530614817160849 -0.06989972565896832 -0.0036375934463863469 0.0054383093498686363 0.010482203984665726 0.018146678589476918 -0.075064550248913203 -0.00051270666168535097 0.088531928771233406 -0.047241829684547654 0.054245018337031374 -0.078333427156725491 -0.070102196886976303 0.012394239879360565 0.012040253370973385 -0.19759570289154735 0.043579497946466206
leaf_weight=7.6118737451033658 4.1681634233100366 4.5786080134566864 1.7268439377658049 92.673057446954772 2.9308251144830129 9.1990061746910197 57.818940712953918 15.948878656374289 79.57179475738667 0.43294437532313423 1.4693039788398881 3.2183280705939969 287.79832099180203 24.300586340599693 2.0681639246176911 273.83231276925653 341.49533304513898 7.4574046419002116 28.834389878669757 5.6642976567381975 7.1898866192204878 2.7769974827533588 1.1606565401889382 0.82015733188018103 0.77410122635774214 2.0295168315060437 3.9137088097631931 3.3639070688514039 0.19089626148342986 12.582484530983491
leaf_count=2839 733 776 72 53732 218 240 26403 3870 49997 88 303 150 15021 1021 170 6417 6975 664 4164 289 672 140 77 26 95 181 252 195 2 5541
internal_value=0.00085689 -0.00305155 -0.0312126 0.0374744 -0.000153287 -0.00647115 -0.042003 0.00352663 -0.0371863 0.0122683 -0.00755473 0.000508847 -0.00192316 0.0216361 -0.0425919 0.00182702 0.00139936 -0.00697009 0.0266956 -0.0246448 -0.0333646 0.0479306 0.0298177 -0.0468127 0.0156242 0.00686458 -0.015777 0.0332976 -0.0491087 0.0404319
internal_weight=1287.6 1163.42 108.563 124.18 1054.86 388.265 63.7491 666.593 100.951 31.5071 18.4917 324.516 291.017 33.4996 89.9175 621.035 615.328 9.52557 45.5574 14.3235 12.8542 5.70782 5.73926 80.392 29.6085 11.034 5.94323 5.09075 58.0098 13.0154
internal_count=181323 119965 54396 61358 65569 43690 27258 21879 51557 7626 1997 16432 15171 1261 50857 13750 13392 834 8129 1264 961 358 853 50023 4259 700 433 267 26405 5629
is_linear=0
shrinkage=0.05


Tree=122
num_leaves=31
num_cat=0
split_feature=27 1 11 24 21 0 6 2 18 0 2 2 11 17 2 17 27 17 23 17 11 24 7 23 1 18 18 23 24 7
split_gain=51.957 36.7777 20.4527 16.5842 10.1631 12.4851 8.65416 14.5789 8.62467 13.97 13.7199 12.4459 8.64093 34.0572 7.63664 7.50865 7.27484 7.22109 7.35023 7.09549 6.76235 5.05891 8.29271 4.7628 4.25407 4.21928 4.05053 6.27042 14.2393 20.377
threshold=1.0000000180025095e-35 0.69734227657318126 0.32575757801532751 1.5000000000000002 1.0000000180025095e-35 0.87939393520355236 1.0000000180025095e-35 0.70714285969734203 1.0000000180025095e-35 0.74239632487297069 0.82575756311416637 0.89444443583488475 0.15894736349582675 0.47925275564193731 0.37980769574642187 0.99707603454589855 0.60000000149011623 0.55022937059402477 0.071714289486408248 0.97683361172676098 0.045983087271451957 3.5000000000000004 0.9759001135826112 0.035504203289747245 0.98960864543914806 1.0000000180025095e-35 1.0000000180025095e-35 0.43666924536228185 2.5000000000000004 0.80673459172248851
decision_type=2 2 2 2 2 2 2 2 2 2 2 2 2 2 2 2 2 2 2 2 2 2 2 2 2 2 2 2 2 2
left_child=2 3 17 -2 5 16 19 -8 9 11 -11 -6 13 -10 -5 -14 -3 21 23 -7 -18 25 24 -19 -23 -1 27 28 -4 -30
right_child=1 4 26 14 8 6 7 -9 12 10 -12 -13 15 -15 -16 -17 20 18 -20 -21 -22 22 -24 -25 -26 -27 -28 -29 29 -31
leaf_value=0.034671469968583009 0.046797086837515288 0.037741895129882526 0.045072932425410495 -0.045107549805252167 -0.027941236478512429 -0.038133399379563122 0.046066966324368352 -0.0015599919327424928 0.0019337821059042257 0.021939344347798498 -0.012267381949078518 0.054484862259126909 0.013159762647151147 -0.050181618912683315 -0.0058297214321577084 -0.024638600090616778 -0.071373707018780125 -0.025506761140258089 0.0012407982773557558 -0.27860198635394839 0.013827560972703743 -0.011410904266991918 0.029190082388151836 -0.12502906636730429 -0.071194162576541195 -0.069350785212842006 0.04762692019425746 0.046871775061985331 -0.12189893283947728 0.016763063024888593
leaf_weight=19.722156680072661 6.0933474445482707 39.434517611050978 14.556706771370957 73.435949495993555 107.31725803448353 9.4592583486810291 17.413686785148457 207.89976365142502 231.33433770423289 45.119531354866922 83.678535674698651 4.7838384377537286 142.00649523572065 36.262540266965516 14.88308442791458 14.478392854798583 2.4119038549251846 2.199456910195293 6.5720063599292189 0.31704670959152359 67.649996351916343 10.657759814755989 11.025579276843928 2.6512522057746537 4.1283159088343391 1.0255107575794671 61.352094851084985 24.396001800778322 3.9285661446629083 8.1378292585723084
leaf_count=1372 2060 3324 7297 47234 12285 608 1227 7533 2281 1900 3812 237 6314 19254 1814 399 255 553 904 43 4250 545 343 76 50 33 38449 12787 863 3221
internal_value=0.000824073 -0.00314186 0.0265254 -0.0329843 -0.000351062 0.00661794 0.000122635 0.00212093 -0.00396233 -0.0115175 -0.000284349 -0.0244238 0.000329374 -0.00512847 -0.0384886 0.00966256 0.0205634 0.0024069 -0.0332172 -0.0459318 0.0108945 0.0111468 -0.00362972 -0.0799027 -0.0281026 0.0295299 0.0389703 0.0285604 0.0117808 -0.0283824
internal_weight=1274.33 1103.98 170.353 94.4124 1009.57 344.586 235.09 225.313 664.981 240.899 128.798 112.101 424.082 267.597 88.319 156.485 109.496 57.982 11.4227 9.77631 70.0619 46.5593 25.8117 4.85071 14.7861 20.7477 112.371 51.0191 26.6231 12.0664
internal_count=181323 114830 66493 51108 63722 17240 9411 8760 46482 18234 5712 12522 28248 21535 49048 6713 7829 3876 1533 651 4505 2343 938 629 595 1405 62617 24168 11381 4084
is_linear=0
shrinkage=0.05


Tree=123
num_leaves=31
num_cat=0
split_feature=13 2 2 0 12 23 7 11 23 7 7 24 26 0 2 9 17 23 8 18 17 0 1 7 12 1 11 17 15 24
split_gain=65.5105 33.5245 27.1814 15.2916 10.3863 8.77539 18.232 29.5713 13.829 17.2503 10.3915 10.826 10.2521 28.4754 18.1166 9.37875 8.76948 8.70297 6.8095 6.41072 6.73967 4.55379 4.06881 4.03586 3.49861 2.78373 2.01555 6.51019 4.1551 1.66883
threshold=0.75000000000000011 0.31666667759418493 1.0000000180025095e-35 0.51887464523315441 0.81666666269302379 0.49106858670711523 0.52679425477981578 0.85357144474983226 0.48060151934623724 0.74527630209922802 0.89528506994247448 4.5000000000000009 1.0000000180025095e-35 0.74239632487297069 0.63068181276321422 1.0000000180025095e-35 0.25087413191795355 0.060075189918279655 0.41666667163372045 1.0000000180025095e-35 0.38605175912380224 0.87138131260871898 0.96536955237388622 0.45798023045063024 0.76388889551162731 0.7155904769897462 0.22401433438062671 0.80447274446487438 0.21960458159446719 6.5000000000000009
decision_type=2 2 2 2 2 2 2 2 2 2 2 2 2 2 2 2 2 2 2 2 2 2 2 2 2 2 2 2 2 2
left_child=1 2 22 16 19 8 7 -7 12 -10 11 -8 14 -14 -3 -11 23 -18 -5 20 -2 -20 -1 -4 25 -22 27 -6 -29 -12
right_child=4 5 3 18 26 6 10 -9 9 15 29 -13 13 -15 -16 -17 17 -19 21 -21 24 -23 -24 -25 -26 -27 -28 28 -30 -31
leaf_value=0.049776899681547603 0.050743483211515054 -0.00069184635853685968 0.036752427441765205 0.058404067456821356 0.050174061956193998 -0.80196034670090288 0.017757783631909344 0.050595143057695316 -0.51526239532795337 0.0075062691971148274 0.046607646018896942 -0.06145231098801171 -0.033526528171248363 6.2592696458873401e-05 0.026474473430762632 -0.28320415789106734 -0.052298870819159043 -0.0095238839439119455 -0.016172219844849216 0.039819971365877671 0.038273057021908169 0.042225165450002683 -0.034121138244083984 -0.020551873985033706 -0.15705607968190885 -0.027516230608463834 0.047600750671590052 -0.21422152375156431 -0.023216291557378338 -0.043952665973838734
leaf_weight=13.393500467413103 3.9291133246151757 198.98192610999104 3.5887764275539693 4.2098022708669296 3.7647948192898175 0.17573412181809445 19.229320690035824 0.24146199412643909 0.26460180873982508 0.9855748484842477 26.384626567247327 5.5611737656872711 71.026384458877146 565.22527261113282 88.738498018123209 0.38613174052443355 77.605733732227236 14.043017431511542 28.154458502656784 12.033097708714196 1.8587940919096553 3.7873771775048217 1.6199041206855316 21.361166207818314 0.47214706987142641 11.912086435069794 79.970435578958131 0.38939200760796655 1.0593074613716451 0.51871979585848649
leaf_count=4417 733 11056 171 404 456 12 1980 63 23 78 5160 180 7643 20716 5178 16 55623 247 5124 5629 383 199 107 1531 26 855 53175 17 84 37
internal_value=0.000795488 -0.00282176 -0.0234715 -0.0297811 0.0367044 0.000721464 0.0206853 -0.308524 -0.000402486 -0.14563 0.0233422 -1.11681e-05 -0.000145296 -0.00368705 0.00768677 -0.0743279 -0.0385901 -0.0457446 -0.00137 0.0115128 -0.00723144 -0.00924798 0.0407245 -0.0123093 -0.0232245 -0.018636 0.045637 0.0155147 -0.0745561 0.0448616
internal_weight=1260.87 1145.48 167.764 152.75 115.389 977.719 52.111 0.417196 925.608 1.63631 51.6938 24.7905 923.972 636.252 287.72 1.37171 116.599 91.6488 36.1516 30.2052 18.1721 31.9418 15.0134 24.9499 14.243 13.7709 85.1839 5.21349 1.4487 26.9033
internal_count=181323 119965 67823 63299 61358 52142 7432 75 44710 117 7357 2160 44593 28359 16234 94 57572 55870 5727 7626 1997 5323 4524 1702 1264 1238 53732 557 101 5197
is_linear=0
shrinkage=0.05


Tree=124
num_leaves=31
num_cat=0
split_feature=13 1 2 12 13 11 11 3 5 1 18 17 0 1 2 2 23 18 7 7 1 11 11 11 11 11 17 11 1 1
split_gain=61.4298 31.5752 16.9666 10.2475 9.24612 44.6702 9.65003 8.69504 7.29443 8.63463 6.02677 6.2182 5.87791 5.68417 5.29896 5.90252 5.50379 4.07845 3.87408 3.2453 4.4708 2.88606 2.73879 2.31899 2.24764 2.03029 5.87014 2.07215 1.47826 7.64361
threshold=0.75000000000000011 0.69734227657318126 1.0000000180025095e-35 0.81666666269302379 1.0000000180025095e-35 0.045983087271451957 0.32575757801532751 0.61250001192092907 1.0000000180025095e-35 0.78909084200859081 1.0000000180025095e-35 0.38605175912380224 0.82287582755088817 0.86786246299743663 0.19090909510850909 0.89444443583488475 0.023904763162136081 1.0000000180025095e-35 0.8989795744419099 0.96190130710601818 0.7155904769897462 0.57518798112869274 0.36602871119976049 0.13714733719825747 0.30217391252517706 0.22401433438062671 0.80447274446487438 0.15075758099555972 0.85620927810668956 0.85153260827064525
decision_type=2 2 2 2 2 2 2 2 2 2 2 2 2 2 2 2 2 2 2 2 2 2 2 2 2 2 2 2 2 2
left_child=1 2 -1 10 5 -3 14 22 9 -7 11 -2 17 -10 16 -16 -6 -8 21 20 -13 -9 24 -21 -4 26 -5 -28 29 -12
right_child=3 4 7 25 6 8 12 18 13 -11 28 19 -14 -15 15 -17 -18 -19 -20 23 -22 -23 -24 -25 -26 -27 27 -29 -30 -31
leaf_value=0.050159376948948779 0.050389693941647655 -0.05200710519563765 -0.046870910526951942 0.049286424769658783 -0.021589370331195096 0.00026728111062335766 -0.0067237202486129192 -0.024726269451852922 -0.022135489799742555 0.041237150704863085 0.023765600340533231 0.037612339700664306 0.047483240422293543 -0.00055462601852253606 0.0089936127032497742 -0.0013861421822509764 -0.14166683782846798 0.029087803846479684 0.037249986985581504 -0.052926449700882165 -0.04793990882334502 0.051844923720960272 -0.0119290540879253 0.048223033746561283 -0.10914836794186972 0.047475290655402784 -0.13610303692337286 -0.017339924744781212 0.047114223028038332 -0.40748290457023251
leaf_weight=6.048569958889856 3.7630767892114845 47.107725197449327 58.646258271997795 3.6440616864711037 9.0636219993466494 31.56849482038524 15.494521241169425 14.963218526099814 34.801760681904852 21.700969777302817 1.753186317509974 1.819661303423344 17.873599048354663 247.52956793096382 210.27364806795958 392.8456166961696 1.066585101187228 16.32899610849563 3.8646358522819346 0.74819723656400983 9.497484051040372 1.3408693346427742 5.6263383419718584 2.3352290627080947 1.4854829497635353 76.266261133714579 0.64276389265432932 0.85695176990702748 9.7306263779755664 0.10914727777708311
leaf_count=2955 733 24389 46291 456 1594 2993 2167 2419 3350 1190 688 382 4622 13481 6862 4488 17 2516 383 31 541 152 70 310 26 53175 29 72 4904 37
internal_value=0.000771378 -0.0026952 -0.0307819 0.0362468 -0.000224702 -0.00641285 0.00334762 -0.0364795 -1.28621e-05 0.0169576 0.0111372 -0.00683971 0.0245385 -0.00321481 0.00163034 0.00223269 -0.034232 0.0116516 -0.00776002 -0.0217946 -0.0341841 -0.018429 -0.0452881 0.023679 -0.0484094 0.0454247 0.0150203 -0.0682407 0.0393032 -0.00150893
internal_weight=1248.8 1137.63 91.9754 111.167 1045.66 382.709 662.947 85.9268 335.601 53.2695 29.7566 18.1636 49.6971 282.331 613.249 603.119 10.1302 31.8235 20.1687 14.4006 11.3171 16.3041 65.7581 3.08343 60.1317 81.41 5.14378 1.49972 11.593 1.86233
internal_count=181323 119965 52296 61358 67669 45403 22266 49341 21014 4183 7626 1997 9305 16831 12961 11350 1611 4683 2954 1264 923 2571 46387 341 46317 53732 557 101 5629 725
is_linear=0
shrinkage=0.05


Tree=125
num_leaves=31
num_cat=0
split_feature=13 2 2 0 12 17 23 0 13 23 23 24 8 18 17 2 25 23 15 8 24 0 6 18 0 17 17 18 17 0
split_gain=57.6755 29.2852 24.3925 14.1564 10.0582 8.52034 8.95807 8.19031 9.04727 26.1136 8.0851 7.56815 6.28698 5.66811 5.75768 5.6648 5.46394 6.15803 8.4142 4.87466 4.37032 4.08468 3.65823 3.36303 3.31347 3.22318 4.88098 2.8092 1.48157 1.46228
threshold=0.75000000000000011 0.31666667759418493 1.0000000180025095e-35 0.51887464523315441 0.81666666269302379 0.25087413191795355 0.060075189918279655 0.45889639854431158 1.0000000180025095e-35 0.030457639135420326 0.3892496526241303 1.5000000000000002 0.41666667163372045 1.0000000180025095e-35 0.38605175912380224 0.89444443583488475 1.0000000180025095e-35 0.071714289486408248 0.1183014363050461 0.75000000000000011 5.5000000000000009 0.87138131260871898 1.0000000180025095e-35 1.0000000180025095e-35 0.2736185491085053 0.93360882997512828 0.80569040775299083 1.0000000180025095e-35 0.20848321169614795 0.52985739707946788
decision_type=2 2 2 2 2 2 2 2 2 2 2 2 2 2 2 2 2 2 2 2 2 2 2 2 2 2 2 2 2 2
left_child=1 2 22 5 13 24 -7 16 9 -9 15 -11 -5 14 -2 -10 17 28 -19 23 -12 -14 -1 -18 -4 26 -16 -21 -3 -15
right_child=4 7 3 12 -6 6 -8 8 10 11 20 -13 21 29 25 -17 19 18 -20 27 -22 -23 -24 -25 -26 -27 -28 -29 -30 -31
leaf_value=0.050059317459876788 0.050016964659608892 -0.01077922495708839 0.031721138628248401 0.057020591079475318 0.045220243672995056 -0.052135878792681584 -0.0084339037626838757 -0.052146025370370622 0.0093390636241342511 -0.077720232267519618 0.038044462181018868 -0.0018902694444839314 -0.015245607293240222 -0.0011238110453844128 -0.0038456451057450689 -0.0014158239474428265 -0.013004535854025496 -0.22276417359667455 0.024139857402559639 0.067711215804416955 -0.086946740567360251 0.041173285005771526 -0.027869821011153591 0.029440700302743202 -0.019284040517007793 0.035149208393190148 -0.067824702125988026 0.030660880361844361 -0.047979269151818826 0.04697745198527517
leaf_weight=12.301528779556971 3.6055608793394667 5.3586341869086045 3.7635106833186027 4.110208607511594 77.78627451590728 71.044334601727314 14.044082677806726 29.613651829655282 177.78601480403449 3.3297638446092597 20.052296110894535 278.30040098668542 27.807556477491747 1.9041412587976108 7.1249645636999031 393.27938537311275 8.3334645020077005 0.35235044709407048 16.680469263810664 8.5939823074731976 0.72462099476251651 3.6264897002838543 1.7160292936023331 10.606186461402103 20.684633431606926 2.1973751508630803 5.1255929600447416 12.641990398522466 5.3475409011589363 9.2816735901869816
leaf_count=4402 733 94 476 404 53732 55623 247 13674 7753 152 4743 15387 5124 760 812 4722 389 6 787 505 101 199 122 537 1226 193 259 539 2753 4869
internal_value=0.000741496 -0.00258085 -0.0224653 -0.0285508 0.0358226 -0.0374478 -0.0449227 0.000677212 -0.000582083 -0.00748316 0.00304712 -0.00278682 -0.00113273 0.0108218 -0.00650659 0.00193242 0.0174225 0.000354738 0.0190323 0.0292069 0.0336852 -0.00873666 0.0405192 0.0107648 -0.0114324 -0.0206124 -0.0306143 0.0456548 -0.02936 0.0387893
internal_weight=1237.12 1130.1 159.098 145.081 107.026 109.537 85.0884 971.001 903.086 311.244 591.842 281.63 35.5443 29.2393 18.0535 571.065 67.9146 27.739 17.0328 40.1756 20.7769 31.434 14.0176 18.9397 24.4481 14.4479 12.2506 21.236 10.7062 11.1858
internal_count=181323 119965 67823 63299 61358 57572 55870 52142 46532 29213 17319 15539 5727 7626 1997 12475 5610 3640 793 1970 4844 5323 4524 926 1702 1264 1071 1044 2847 5629
is_linear=0
shrinkage=0.05


Tree=126
num_leaves=31
num_cat=0
split_feature=13 1 24 12 21 1 15 8 15 13 11 7 11 15 18 12 18 21 1 7 23 23 3 7 2 11 11 22 15 15
split_gain=54.0162 28.1874 16.22 9.8571 9.25238 11.208 9.88595 10.464 8.62639 8.34682 35.5967 7.98257 7.92174 7.00994 6.92184 6.10788 5.32789 4.75001 4.52047 4.11363 4.50431 6.0705 3.95536 3.58596 2.3017 2.20239 1.94265 1.85638 2.83125 5.7076
threshold=0.75000000000000011 0.69734227657318126 1.5000000000000002 0.81666666269302379 1.0000000180025095e-35 0.98576694726943981 0.53671374917030346 0.75000000000000011 0.97067421674728405 1.0000000180025095e-35 0.13714733719825747 0.9759001135826112 0.36602871119976049 1.0000000180025095e-35 1.0000000180025095e-35 0.46428571641445165 1.0000000180025095e-35 1.0000000180025095e-35 0.94181358814239513 0.96190130710601818 0.26598639786243444 0.42761906981468206 0.30952382087707525 0.78404876589775097 0.63068181276321422 0.22401433438062671 0.096006143838167204 1.0000000180025095e-35 0.21960458159446719 0.21884245425462726
decision_type=2 2 2 2 2 2 2 2 2 2 2 2 2 2 2 2 2 2 2 2 2 2 2 2 2 2 2 2 2 2
left_child=1 2 -1 16 5 11 7 -7 9 10 -6 15 13 14 -4 -3 19 -14 -11 20 26 -22 -13 -19 -15 27 -2 -5 29 -29
right_child=3 4 12 25 8 6 -8 -9 -10 18 -12 22 17 24 -16 -17 -18 23 -20 -21 21 -23 -24 -25 -26 -27 -28 28 -30 -31
leaf_value=0.047332588365693956 -0.064094516410052635 0.0077086357322466758 0.028044717538832333 -0.040738096804407986 -0.051163196785460933 -0.14509282106321741 0.051464771996246141 -0.0036668251404542735 0.046776297904934823 -0.0063802228751294564 -0.0021376584677319185 -0.16224504331119427 0.056050230289978166 -0.05007264251966688 -0.050133527616495879 0.040233858056254422 0.038269102405661365 -0.052900689678416803 0.0039645113944210518 0.035091002424536527 -0.088001514113333679 0.015169649838787198 0.044778615016700191 0.018404097680653344 0.066653995045496461 0.047214130954984009 0.016155941724126956 0.0026045136342782906 0.058896410557762791 -0.3648016497277794
leaf_weight=6.2857843016972756 0.85462429741164836 132.93707579618786 6.4160641795024258 1.2246049134992052 46.257794634439051 1.3177426665788505 8.1918309980537725 175.26896710740402 8.3879960511112568 176.61190138600068 185.52137596032117 0.2330513497581731 3.1530381137272343 57.516913417144679 5.0675837665330619 16.192231104825623 10.783463419997135 3.5789199025602993 262.66690220800228 4.5232904519652939 4.002860649721697 2.214563473709859 23.069286045734771 3.4755081379553303 0.42545137333217908 69.536807294469327 6.4124940995825455 0.99471083364915125 2.5934117985889316 0.11827512830495834
leaf_count=2838 80 7184 420 72 27816 69 1505 5178 665 7634 6760 29 293 47590 871 3147 5629 136 5534 539 169 153 2148 128 20 53175 1056 183 301 1
internal_value=0.000712036 -0.00247123 -0.0299921 0.0353187 -0.000190268 0.00632444 -0.00223124 -0.00472219 -0.00361529 -0.00424517 -0.011922 0.0154927 -0.0360956 -0.0421425 -0.00645432 0.0112402 0.010474 0.00503208 -0.000194586 -0.0061703 -0.0200111 -0.0512533 0.0427081 -0.0177709 -0.0492156 0.0449244 0.00671836 0.012634 0.0302683 -0.0364391
internal_weight=1225.83 1122.58 85.9193 103.259 1036.66 357.21 184.779 176.587 679.446 671.058 231.779 172.432 79.6335 69.426 11.4836 149.129 28.7913 10.2075 439.279 18.0078 13.4845 6.21742 23.3023 7.05443 57.9424 74.4678 7.26712 4.931 3.7064 1.11299
internal_count=181323 119965 52296 61358 67669 19260 6752 5247 48409 47744 34576 12508 49458 48901 1291 10331 7626 557 13168 1997 1458 322 2177 264 47610 53732 1136 557 485 184
is_linear=0
shrinkage=0.05


Tree=127
num_leaves=31
num_cat=0
split_feature=12 1 11 27 11 24 11 15 18 23 15 7 1 14 21 1 11 11 1 24 3 7 7 11 7 11 15 24 21 11
split_gain=45.0453 27.3506 17.6034 11.6282 37.5118 10.9973 8.17673 17.3091 10.7628 6.95003 6.34461 5.94713 5.91014 5.3102 5.08627 6.48394 9.63825 10.2964 5.34168 4.65366 8.18476 4.32473 3.9839 3.71097 3.67162 6.74187 2.69101 2.40451 2.23022 4.33761
threshold=0.41428571939468389 0.68560534715652477 0.32575757801532751 0.60000000149011623 0.045983087271451957 1.5000000000000002 0.075498577207326903 0.093933824449777617 1.0000000180025095e-35 0.12150349840521814 0.97067421674728405 0.76533168554306041 0.99238026142120372 1.0000000180025095e-35 1.0000000180025095e-35 0.9478311836719514 0.82085561752319347 0.81365740299224865 0.94667077064514171 3.5000000000000004 0.61250001192092907 0.81322672963142406 0.680425524711609 0.2788888961076737 0.9759001135826112 0.10762548446655275 0.59763106703758251 3.5000000000000004 1.0000000180025095e-35 0.26794873178005224
decision_type=2 2 2 2 2 2 2 2 2 2 2 2 2 2 2 2 2 2 2 2 2 2 2 2 2 2 2 2 2 2
left_child=1 5 19 6 -5 -1 7 21 11 28 13 -8 -10 -6 -4 16 17 -16 -18 -2 23 -3 -11 -21 25 -22 -9 -24 29 -7
right_child=2 3 14 4 10 9 8 26 12 22 -12 -13 -14 -15 15 -17 18 -19 -20 20 24 -23 27 -25 -26 -27 -28 -29 -30 -31
leaf_value=0.045299463888563145 0.018987595440914357 0.014350112226650062 0.049099340166048056 -0.051940421867653956 -0.040628962105193948 -0.03863029588620804 -0.038335854715252762 -0.045920404188985457 0.042570132113184819 -0.04711234346314648 0.045699677295213653 0.0084738539948958306 0.0014139232400963346 -0.0020109823310069884 -0.0088368303297753203 0.04780143898977126 0.041287506858862226 -0.23354598658770873 -0.23716822145733657 -0.0411767655259756 -0.034435936020959658 0.00088358871470848612 0.046164527562098143 -0.14989221695603699 0.017716485483301674 0.042935895473739688 0.10509149828402756 -0.029056269020864889 -0.046636118534203873 0.065128157604568387
leaf_weight=4.2458532077725968 27.831656182301231 68.713045936834533 49.704714772873558 43.046138648584019 9.1814621512312424 4.0754003539914256 8.936134932911953 20.588309507351372 37.306451241951436 2.5381321515887958 6.7861381424590936 28.192879388632718 11.385090132593175 292.11551935598254 14.394282682915218 21.944866500911303 16.646377749741081 0.52849894179962653 0.17402935901190986 2.0242402664734978 12.467189262388276 450.49759724433534 4.3987587699666619 1.2821393858175723 14.50838559260592 3.6368032086174926 0.29929584264755149 1.4007131513208149 54.453408214729279 1.3379489132203159
leaf_count=1342 2337 1588 33854 25979 274 277 438 5539 5879 28 271 1433 1453 16024 7238 14763 10827 233 111 270 192 3881 106 13 560 628 1 31 45683 70
internal_value=0.000684548 -0.00313498 0.024958 -0.000936998 -0.00821972 -0.0327765 0.00314848 0.000870442 0.0174849 -0.0376369 -0.00211095 -0.00279221 0.032947 -0.00318779 0.0375737 0.0269032 0.0124557 -0.016795 0.0384065 0.00383462 -0.00859898 0.00266577 0.00513214 -0.0833342 -0.000526987 -0.0169629 -0.0437566 0.0279969 -0.0435933 -0.0129856
internal_weight=1214.64 1049.5 165.143 977.048 351.129 72.4502 625.919 540.098 85.8206 68.2044 308.083 37.129 48.6915 301.297 103.393 53.6881 31.7432 14.9228 16.8204 61.7504 33.9188 519.211 8.3376 3.30638 30.6124 16.104 20.8876 5.79947 59.8668 5.41335
internal_count=181323 110297 71026 62760 42548 47537 20212 11009 9203 46195 16569 1871 7332 16298 67026 33172 18409 7471 10938 4000 1663 5469 165 283 1380 820 5540 137 46030 347
is_linear=0
shrinkage=0.05


Tree=128
num_leaves=31
num_cat=0
split_feature=27 1 11 24 19 17 11 1 24 3 11 17 15 15 1 3 15 15 24 1 19 14 15 11 21 24 7 0 21 19
split_gain=32.739 25.8269 17.3187 12.4727 8.55728 12.9099 26.8464 15.8595 9.10402 8.54178 6.63333 6.60058 7.58623 6.87359 6.59979 11.2002 10.8921 10.6287 12.6227 9.59669 4.2085 7.62466 12.4678 5.67251 7.19666 4.12263 7.12392 3.89443 3.79235 3.79002
threshold=1.0000000180025095e-35 0.68560534715652477 0.32575757801532751 1.5000000000000002 1.0000000180025095e-35 0.62547710537910473 0.39565217494964605 0.95295867323875438 3.5000000000000004 0.73214286565780651 0.36602871119976049 0.55022937059402477 0.41702897846698767 0.4008928537368775 0.97503110766410839 0.61250001192092907 0.72760695219039928 0.49374902248382574 3.5000000000000004 0.87307858467102062 1.0000000180025095e-35 0.75000000000000011 0.59763106703758251 0.84807693958282482 1.0000000180025095e-35 3.5000000000000004 0.9759001135826112 0.92637759447097789 1.0000000180025095e-35 1.0000000180025095e-35
decision_type=2 2 2 2 2 2 2 2 2 2 2 2 2 2 2 2 2 2 2 2 2 2 2 2 2 2 2 2 2 2
left_child=2 3 11 -2 14 8 -7 -8 -6 -10 -5 25 13 -13 15 19 -17 18 -16 -3 -4 23 -23 24 -22 29 -27 -19 -12 -1
right_child=1 4 20 10 5 6 7 -9 9 -11 28 12 -14 -15 17 16 -18 27 -20 -21 21 22 -24 -25 -26 26 -28 -29 -30 -31
leaf_value=-0.067163932968508436 0.045194548816842962 -0.02130415205909976 0.046858509178690555 -0.043403929674090819 0.01072856559215782 -0.052130642152871581 -0.014289361734873739 0.042580367288176518 -0.043450785090347374 -0.0040721972157478923 0.056347253634571361 -0.045667510477508944 0.03048591943844078 -0.20395911206818346 -0.014137808427517419 0.020153020668274721 -0.005424554206541617 -0.011471392002410015 0.0094585782383874491 0.013432168772341466 0.037244633098993694 -1.0019749687688244 0.050125725282775625 0.050102529740012537 -0.014519890174538792 -0.026706729462026436 0.027115941721454748 0.03812889281105078 -0.017020361466783551 0.031707353869326868
leaf_weight=1.0224929368123437 4.9361315910937256 49.321055965847336 46.896298858395312 57.406723272288218 113.38889621989802 41.655841423547827 54.332426336593926 15.831455880776046 15.025318476546088 164.97402604541276 2.4271337352693081 6.7338624542462622 3.1688334011705592 0.76358400937169779 152.94519906805363 177.11663808260346 54.409618112724274 4.9018473620526519 90.043397946865298 33.313869799138047 13.943913525668902 0.047521141008472934 0.069110498297959566 15.751146810245698 12.950368805439213 14.570089377462864 10.635727352811955 20.540921751060523 6.4207511236891133 18.617713703890331
leaf_count=33 2055 12770 38449 45964 3317 13624 3199 2206 1463 3649 174 768 732 33 6635 9278 2816 430 2531 2100 8026 15 32 11401 4694 595 343 2434 185 1372
internal_value=0.000658011 -0.00239447 0.0229253 -0.0314804 -0.000298253 -0.00587842 -0.0203346 -0.00145754 -0.000368687 -0.0073593 -0.0371929 0.00097759 -0.034375 -0.0617889 0.00358289 0.00850207 0.0141422 -0.00217432 -0.00539378 -0.00730037 0.0365143 0.02517 -0.378549 0.0262741 0.0123185 0.00938594 -0.00399597 0.0285728 0.00310569 0.02656
internal_weight=1204.16 1058.99 145.171 71.1907 987.801 405.208 111.82 70.1639 293.388 179.999 66.2546 55.5123 10.6663 7.49745 582.593 314.161 231.526 268.431 242.989 82.6349 89.6584 42.7621 0.116632 42.6454 26.8943 44.846 25.2058 25.4428 8.84788 19.6402
internal_count=181323 114830 66493 48378 66452 27458 19029 5405 8429 5112 46323 3876 1533 801 38994 26964 12094 12030 9166 14870 62617 24168 47 24121 12720 2343 938 2864 359 1405
is_linear=0
shrinkage=0.05


Tree=129
num_leaves=31
num_cat=0
split_feature=13 1 24 21 2 18 2 23 17 11 11 0 0 18 0 17 21 18 11 11 21 24 7 11 7 11 0 7 1 11
split_gain=45.2004 23.1015 13.4502 8.34698 10.1612 9.10389 7.59447 6.69517 8.47467 19.3862 12.4955 5.50782 7.90827 5.49471 5.49094 5.36923 4.982 3.97149 5.71452 4.4393 8.09361 5.27819 6.42301 3.96839 3.4218 3.04917 2.88434 2.24724 2.50358 1.79258
threshold=0.75000000000000011 0.69734227657318126 1.5000000000000002 1.0000000180025095e-35 0.82575756311416637 1.0000000180025095e-35 0.41428571939468389 0.68301436305046093 0.76957115530967724 0.17752101272344592 0.43303571641445165 0.65545505285263073 0.60749301314353954 1.0000000180025095e-35 0.94519516825675975 0.45813862979412084 1.0000000180025095e-35 1.0000000180025095e-35 0.15894736349582675 0.80384615063667308 1.0000000180025095e-35 1.5000000000000002 0.80673459172248851 0.32575757801532751 0.68469786643981945 0.56696429848670971 0.16172623634338382 0.73956522345542919 0.93847250938415538 0.092329546809196486
decision_type=2 2 2 2 2 2 2 2 2 2 2 2 2 2 2 2 2 2 2 2 2 2 2 2 2 2 2 2 2 2
left_child=1 2 29 4 11 15 16 8 10 -10 -5 12 -3 -13 -7 -6 23 19 -19 20 -2 -22 -23 -4 26 -18 -8 28 -9 -1
right_child=17 3 6 7 5 14 24 27 9 -11 -12 13 -14 -15 -16 -17 25 18 -20 -21 21 22 -24 -25 -26 -27 -28 -29 -30 -31
leaf_value=-0.036475750899690428 0.034231731000742956 0.013001953394079536 -0.025636611588219844 -0.00201840521301831 -0.0043348699928680932 0.036479726897063691 -0.24071016219580363 0.050844987704959189 -0.050180904646958117 -0.006134217093763196 0.039122155958676817 0.041187086169641687 -0.043702146606206665 0.013958396146298353 0.0056209407860726025 -0.031009520867277863 -0.048152856224512888 -0.06490206519990023 0.046691736170102124 0.045226002555502035 0.051268731496740196 -0.079930312849395529 0.00024243317123735509 0.056939559790485816 0.025461656538126987 0.010815840214145327 -0.026785977603842971 0.050487132666014026 -0.19678013221355531 0.054559547515242224
leaf_weight=0.60395920230075617 17.256353241275065 40.309568431810476 4.8104448416270307 446.34164684492862 101.83024144312367 17.270633140346035 0.16715149919036631 0.20887746242806216 29.339421479729936 168.1561474626651 19.252792401122861 33.446843717014417 7.2555985272629178 41.538890616386198 87.19775749638211 23.154465843457729 53.194205392734148 1.1757770732510824 47.204239377635531 15.295548664988017 2.216515741194601 4.3459003553725761 5.8758449675515294 2.0857980819419026 6.9683711053221487 2.2864154600538305 2.7481714262976311 6.9910964929731563 0.19962493795901537 5.1671786701190285
leaf_count=107 6913 2709 291 17530 1265 1054 4 29 20012 7618 1568 2971 636 3834 3159 3632 48036 26 39129 11923 1122 679 1566 190 625 114 198 1637 15 2731
internal_value=0.000634944 -0.00219881 -0.028422 -0.000197586 0.00603727 -0.000171139 -0.0342885 -0.00347086 -0.00399866 -0.0126777 -0.000317202 0.0176613 0.0043523 0.0261036 0.0107225 -0.00927657 -0.0407408 0.0340355 0.0439797 0.0233421 0.0120698 -0.0186768 -0.033844 -0.000661096 0.00643269 -0.0457227 -0.0390514 0.0438265 -0.0701632 0.0450326
internal_weight=1193.9 1100.53 78.0317 1022.49 352.004 229.453 72.2606 670.49 663.09 197.496 465.594 122.551 47.5652 74.9857 104.468 124.985 62.3769 93.3702 48.38 44.9902 29.6946 12.4383 10.2217 6.89624 9.88369 55.4806 2.91532 7.3996 0.408502 5.77114
internal_count=181323 119965 52296 67669 19260 9110 49458 48409 46728 27630 19098 10150 3345 6805 4213 4897 48631 61358 39155 22203 10280 3367 2245 481 827 48150 202 1681 44 2838
is_linear=0
shrinkage=0.05


Tree=130
num_leaves=31
num_cat=0
split_feature=13 1 24 12 22 0 6 2 17 15 17 23 23 15 1 23 7 0 17 17 7 7 19 7 22 2 24 24 7 23
split_gain=42.3166 21.7023 13.0901 9.6383 7.69771 9.35847 7.98961 13.1435 7.85215 7.70558 8.92879 11.7079 8.59322 7.34642 7.74444 7.15726 5.93968 4.73848 4.18974 4.11973 5.81423 5.58068 4.10751 3.12835 3.0651 2.94226 2.10772 1.41688 2.90542 2.67382
threshold=0.75000000000000011 0.68560534715652477 1.5000000000000002 0.81666666269302379 1.0000000180025095e-35 0.87939393520355236 1.0000000180025095e-35 0.70714285969734203 0.97969490289688121 0.97067421674728405 0.78059476613998424 0.17902931571006778 0.11538461968302728 0.32566948235034948 0.86076942086219799 0.12150349840521814 0.76533168554306041 0.71547618508338939 0.28215467929840093 0.75688305497169506 0.63003221154212963 0.93813776969909679 1.0000000180025095e-35 0.680425524711609 1.0000000180025095e-35 1.0000000180025095e-35 3.5000000000000004 3.5000000000000004 0.77871939539909374 0.12150349840521814
decision_type=2 2 2 2 2 2 2 2 2 2 2 2 2 2 2 2 2 2 2 2 2 2 2 2 2 2 2 2 2 2
left_child=1 2 -1 17 9 13 8 -8 -7 10 12 -12 -3 14 -6 18 -15 19 22 -2 -21 -22 -4 24 -17 -20 -25 -19 -29 -30
right_child=3 4 15 -5 5 6 7 -9 -10 -11 11 -13 -14 16 -16 23 -18 27 25 20 21 -23 -24 26 -26 -27 -28 28 29 -31
leaf_value=0.044912699143994157 0.020063479598263226 -0.0025764250135795839 -0.049502363538835213 0.044135316770212214 0.0069919061534329825 -0.03610877667102827 0.044839309666120236 -0.0011521094906387387 -0.30254489763528886 0.0461423724755812 -0.032122128772811197 -0.0050705095061848952 0.019545604016777698 -0.014028600491872857 0.04729537859016808 -0.067925038575478783 0.018809402859546312 0.048916710056488406 0.050224644336823457 0.049725857560511809 -0.074322928679720041 0.049197672276155617 0.01719131354818372 0.045348010112864497 0.052114373127930595 -0.0501199426358842 -0.024315904553695096 -0.093005768479566431 -0.025669607480939584 0.049419450436701581
leaf_weight=5.4808038370101704 6.2190606603398946 425.54397816263372 4.0859246214386058 63.482968690863345 19.288370813126676 9.5719090831698814 16.737165442318656 216.18986142717768 0.28475653554778624 7.7585857228841624 56.801422684104182 135.20183384395204 48.94744188291952 22.8518443206558 31.197455708519556 2.0488726163748638 34.651425856398419 5.9487152482615766 0.74260125064756621 1.6764644379727522 5.6487465788959526 1.0910451828967778 5.3073015685658902 4.3304299672599882 0.71819354931358237 44.906962416018359 1.4490968476748092 0.56880418956279744 1.7326084499945862 3.7547760175075382
leaf_count=2833 1647 19088 832 53732 848 670 1423 8033 35 674 21604 7297 2457 1973 2281 24 4057 2626 222 425 615 347 484 151 74 44852 53 72 71 1823
internal_value=0.000610928 -0.00210176 -0.0292298 0.033543 -0.000273771 0.00573356 0.000286786 0.00215264 -0.043806 -0.00339902 -0.00397573 -0.0130733 -0.000294367 0.0179791 0.0318972 -0.0356201 0.00575955 0.00830167 -0.0422301 -0.0107968 -0.0336006 -0.0543273 -0.0118195 0.00694999 -0.0367687 -0.0484876 0.0278812 0.0315849 0.0145606 0.0257105
internal_weight=1184.22 1094.1 69.0702 90.1232 1025.03 350.773 242.784 232.927 9.85667 674.253 666.495 192.003 474.491 107.989 50.4858 63.5894 57.5033 26.6402 55.0428 14.6353 8.41626 6.73979 9.39323 8.54659 2.76707 45.6496 5.77953 12.0049 6.05619 5.48738
internal_count=181323 119965 49525 61358 70440 19320 10161 9456 705 51120 50446 28901 21545 9159 3129 46692 6030 7626 46390 3034 1387 962 1316 302 98 45074 204 4592 1966 1894
is_linear=0
shrinkage=0.05


Tree=131
num_leaves=31
num_cat=0
split_feature=13 2 24 0 0 1 26 17 0 1 0 2 2 2 23 12 2 0 2 23 7 0 0 18 17 0 17 17 1 11
split_gain=39.5844 20.5404 25.3141 16.2464 13.4192 11.9846 10.0832 11.2738 10.9074 18.9463 10.8783 49.482 35.6024 14.6539 10.006 9.35917 8.16376 6.85703 8.74572 7.75283 6.32568 14.5386 6.95668 4.48505 4.93803 3.4748 2.86097 3.62758 2.27476 2.2719
threshold=0.75000000000000011 0.43650794029235845 2.5000000000000004 0.96824595332145702 0.92637759447097789 0.98340412974357616 1.0000000180025095e-35 0.97379860281944286 0.86240702867507946 0.96003660559654247 0.77888888120651256 0.78888890147209179 0.89444443583488475 0.73030304908752453 0.40909092128276831 0.81666666269302379 0.63068181276321422 0.64760348200798046 0.087121214717626586 0.17902931571006778 0.62605932354927074 0.52206358313560497 0.60749301314353954 1.0000000180025095e-35 0.38605175912380224 0.85880398750305187 0.93360882997512828 0.80569040775299083 0.98183351755142223 0.22401433438062671
decision_type=2 2 2 2 2 2 2 2 2 2 2 2 2 2 2 2 2 2 2 2 2 2 2 2 2 2 2 2 2 2
left_child=1 2 17 4 5 -4 7 8 16 -10 12 25 13 -8 -13 23 -3 18 -1 -20 21 -9 -22 24 -2 -12 27 -26 -6 -17
right_child=15 6 3 -5 28 -7 10 20 9 -11 11 14 -14 -15 -16 29 -18 -19 19 -21 22 -23 -24 -25 26 -27 -28 -29 -30 -31
leaf_value=0.050530180036226828 0.049587298315793234 0.0079883442043996791 -0.026877320666146461 -0.50118169734196294 0.056956942462902907 -0.17665311897613323 -0.031659874910645806 0.028028722931810746 -0.21381165723767254 -0.0079739342510010882 0.028737593280389464 -0.0057466999209158367 0.052157380210137341 -0.12017682883179093 0.027767715052256687 0.0098085887578250302 0.029789127887266106 0.028001592708998237 -0.012631857634675623 0.052901985585898571 0.037819501074916266 -0.19219849900168545 -0.034031407548756609 0.036494744970357866 -0.0050250329287361319 0.054627092612086342 0.035137739304407001 -0.060601388100839648 -0.062087260928781779 0.046537575594301467
leaf_weight=7.1624443141627117 3.1492418251000371 84.971851377398707 159.92491352907382 0.17962263524532218 5.5217320297379038 1.3468556174775574 42.389892349310685 1.3795584789477318 1.1923682802589635 17.907306215027347 20.251139521715231 473.67001718911342 12.91955025331117 5.2552817801479241 23.369746524025686 4.5505953499814487 86.817488290485926 26.142721944837831 59.903322180674877 4.8807480148971072 4.7840671417070579 1.6406739962985737 11.38785734400153 9.0685145354364085 6.7997094755410199 36.000324533553794 2.0325499515747643 5.1674688995990437 0.43273898831102986 56.299458978523035
leaf_count=3568 733 4467 58893 2 276 20 2407 78 97 1461 951 16157 711 130 4603 557 6043 2016 14260 295 301 95 781 5629 812 2326 193 259 27 53175
internal_value=0.000588479 -0.00200429 -0.0140989 -0.0259171 -0.0254066 -0.0281282 0.00189294 0.0113479 0.0150206 -0.0208241 -0.00134286 0.000859307 -0.0214609 -0.0414233 -0.00417092 0.0330305 0.0190058 0.00607068 -0.00189821 -0.00769462 -0.0251812 -0.0916048 -0.0127761 0.00805608 -0.00698252 0.0453066 -0.0197079 -0.0290231 0.0483054 0.0437908
internal_weight=1176.5 1089.43 265.495 167.406 167.226 161.272 823.937 210.081 190.889 19.0997 613.856 553.291 60.5647 47.6452 497.04 87.0675 171.789 98.0892 71.9465 64.7841 19.1922 3.02023 16.1719 26.2175 17.149 56.2515 13.9997 11.9672 5.95447 60.8501
internal_count=181323 119965 79357 59218 59216 58913 40608 13323 12068 1558 27285 24037 3248 2537 20760 61358 10510 20139 18123 14555 1255 173 1082 7626 1997 3277 1264 1071 303 53732
is_linear=0
shrinkage=0.05


Tree=132
num_leaves=31
num_cat=0
split_feature=13 1 24 12 13 23 3 5 7 21 23 15 8 15 21 1 23 10 7 7 1 27 23 15 1 1 23 17 23 15
split_gain=36.9903 19.8053 11.7223 9.14167 7.67833 28.7229 10.6566 7.77272 9.57174 7.09009 6.62156 5.29031 4.60096 5.02692 4.35567 4.22797 4.18416 3.58652 4.71661 3.97557 2.90579 2.87227 3.33977 2.79191 2.55372 2.38989 1.8909 2.09054 1.69237 1.28071
threshold=0.75000000000000011 0.68560534715652477 1.5000000000000002 0.81666666269302379 1.0000000180025095e-35 0.03347339108586312 0.15476191043853763 1.0000000180025095e-35 0.79516318440437328 1.0000000180025095e-35 0.21846591681241992 0.26645022630691534 0.29166667163372045 0.79922482371330272 1.0000000180025095e-35 0.94286730885505687 0.20833333581686023 1.0000000180025095e-35 0.93813776969909679 0.93142634630203258 0.94616025686264049 1.0000000180025095e-35 0.090593434870243086 0.49374902248382574 0.84715291857719432 0.40484943985939031 0.12150349840521814 0.38605175912380224 0.42857144773006445 0.1183014363050461
decision_type=2 2 2 2 2 2 2 2 2 2 2 2 2 2 2 2 2 2 2 2 2 2 2 2 2 2 2 2 2 2
left_child=1 2 -1 15 5 6 20 8 -7 21 12 -9 24 -14 -12 17 25 -2 19 -19 -3 -4 -23 -16 -6 -11 27 -17 -18 -8
right_child=3 4 9 -5 10 7 29 11 -10 16 14 -13 13 -15 23 26 28 18 -20 -21 -22 22 -24 -25 -26 -27 -28 -29 -30 -31
leaf_value=0.044022488741817536 0.050225029065596949 0.050909760592146358 0.13580151201143598 0.043490135163049129 0.021874473154452533 -0.020166493855497833 -0.0077749715729479836 0.0095577773399327329 0.030799954455728792 0.055528583487231213 0.046566297486346928 -0.0074697694665393378 0.0015988690831219296 -0.09388836966398445 -0.017314915611186942 0.059706144757074142 0.053589009198670358 -0.026221139701024538 0.045361530577530423 -0.27480532369454114 -0.038272933236980763 -0.019904076350380655 0.053184799994897038 0.020534919636426507 0.093939629559781745 -0.045319371253812829 0.048160349797122186 -0.041583853960764222 -0.058172897480188127 -0.050080876529504804
leaf_weight=5.1268946113414122 2.3475848007947233 3.7182308712508521 0.42751634446903963 58.276177995197941 3.373082564037758 12.313038974185472 1.8646510143880721 58.471055261790752 36.580089650989976 0.5944574314635237 13.048863051692022 207.48342363454867 605.88140484842006 1.381467678467742 6.4614358323160586 0.79723157815169399 1.5729340186808252 11.732244362821802 2.545496698585338 0.16307503508869636 1.2107869370374826 5.1016967107425444 2.2533234750153497 19.807012154138647 1.9342505952809004 49.958347339183092 6.8823804458370432 1.4109779328573493 0.43168691440951068 44.043955603672657
leaf_count=2833 1027 767 88 53732 238 449 468 3289 1854 159 3902 11107 13978 249 765 48 64 1795 996 68 104 363 123 3518 131 45857 3586 106 38 29621
internal_value=0.000576567 -0.00190463 -0.0285616 0.0325084 -0.000189615 -0.00598862 -0.0408615 -0.000357779 0.0179648 -0.0347288 0.00306341 -0.0037262 0.00178675 0.00138164 0.0229541 0.00777897 -0.0413242 -0.00709249 -0.0164104 -0.029629 0.0290025 0.00981112 0.00248782 0.0112247 0.0481385 -0.0441335 0.0352434 -0.00501505 0.0295215 -0.0483626
internal_weight=1167.19 1083.04 65.4669 84.1552 1017.57 365.685 50.8376 314.848 48.8931 60.34 651.888 265.954 612.57 607.263 39.3173 25.879 52.5574 16.7884 14.4408 11.8953 4.92902 7.78254 7.35502 26.2684 5.30733 50.5528 9.09059 2.20821 2.00462 45.9086
internal_count=181323 119965 49525 61358 70440 47659 30960 16699 2303 46692 22781 14396 14596 14227 8185 7626 46118 3886 2859 1863 871 574 486 4283 369 46016 3740 154 102 30089
is_linear=0
shrinkage=0.05


Tree=133
num_leaves=31
num_cat=0
split_feature=13 1 24 12 13 11 21 11 0 24 15 17 24 18 17 23 3 11 15 23 24 17 11 17 15 24 11 11 23 23
split_gain=34.5623 18.5564 10.9498 8.87306 6.96807 35.3423 6.73108 6.45482 5.85737 7.08307 5.46898 5.9779 4.38412 4.10769 4.42684 3.93785 3.63615 2.96112 4.38832 2.70708 3.15152 2.49214 2.46253 5.21563 2.25551 2.12344 1.80253 1.6805 1.64789 13.0601
threshold=0.75000000000000011 0.68560534715652477 1.5000000000000002 0.81666666269302379 1.0000000180025095e-35 0.045983087271451957 1.0000000180025095e-35 0.32575757801532751 0.82287582755088817 5.5000000000000009 0.97067421674728405 0.73205080628395092 5.5000000000000009 1.0000000180025095e-35 0.38605175912380224 0.20833333581686023 0.30952382087707525 0.32575757801532751 0.32566948235034948 0.50210085511207592 1.5000000000000002 0.50182482600212108 0.22401433438062671 0.80447274446487438 0.34855434298515325 6.5000000000000009 0.092329546809196486 0.15894736349582675 0.20084034651517871 0.20000001043081286
decision_type=2 2 2 2 2 2 2 2 2 2 2 2 2 2 2 2 2 2 2 2 2 2 2 2 2 2 2 2 2 2
left_child=1 2 26 13 5 -3 17 12 9 -9 11 -7 16 14 -2 21 -6 18 -4 20 -16 -8 23 -5 27 -14 -1 -25 29 -15
right_child=3 4 6 22 7 10 15 8 -10 -11 -12 -13 25 28 19 -17 -18 -19 -20 -21 -22 -23 -24 24 -26 -27 -28 -29 -30 -31
leaf_value=-0.037845239869449099 0.049003886208002251 -0.052081793258046141 0.01920569436607257 0.045205937751210401 -0.046710206266827606 0.0098431081740521249 -0.021347474011567891 0.011270150841842609 0.046902020397246939 -0.20155257151114583 0.045102791005848727 -0.0055492121850887616 0.055422074987605943 0.020876928047931009 0.05243098128374743 0.028863169301715993 0.0014306592922272753 0.055846686427857756 -0.079121517961595431 0.050891431229091101 -0.033444741729212822 -0.049318219020884561 0.046197664912198434 -0.17139572959344557 0.03414484008018541 -0.01124939526963533 0.05424875268833973 -0.04612085750784968 0.050073107570726111 -0.677897436006342
leaf_weight=0.60472979547921468 2.9392755646258619 36.937349008803722 3.6549915413488625 2.9822310942690811 3.9484191114897831 86.346755391277838 10.028193448903037 28.926468576304618 14.889097307925111 0.39631028100848098 6.4493765358347437 234.07842486695154 5.4802895744796833 2.5308588835177965 1.1775630933698256 1.9521774306194846 595.56491736584576 2.3765845894231461 1.6456222275737671 1.2769670368870709 11.520780307240782 38.678447944810614 51.466962128994055 0.52487200126051881 0.38100159098394204 1.5270357654662801 4.3772580024669878 0.5463676976505667 6.0008828904246911 0.068681473261676618
leaf_count=105 733 25992 269 456 858 4977 3079 4662 4622 57 305 16385 96 1053 303 102 12441 271 34 199 762 42937 53175 27 58 45 2728 16 4539 37
internal_value=0.000553153 -0.0018196 -0.0280803 0.0319657 -0.000180655 -0.00572249 -0.0341567 0.00291768 0.0213621 0.00839376 -0.000483811 -0.00140136 0.00157319 0.00753338 -0.00677203 -0.0407685 0.0011136 0.0094718 -0.0113209 -0.0185028 -0.0254812 -0.0435593 0.0431173 0.00736593 -0.0703399 0.040893 0.0430701 -0.107501 0.0356681 0.00241487
internal_weight=1159.28 1077.86 63.318 81.4164 1014.54 363.812 58.336 650.733 44.2119 29.3228 326.875 320.425 606.521 25.515 16.9146 50.6588 599.513 7.6772 5.30061 13.9753 12.6983 48.7066 55.9014 4.43447 1.45224 7.00733 4.98199 1.07124 8.60042 2.59954
internal_count=181323 119965 49525 61358 70440 47659 46692 22781 9341 4719 21667 21362 13440 7626 1997 46118 13299 574 303 1264 1065 46016 53732 557 101 141 2833 43 5629 1090
is_linear=0
shrinkage=0.05


Tree=134
num_leaves=31
num_cat=0
split_feature=13 1 24 12 21 0 15 15 17 15 15 21 24 13 11 0 2 12 0 11 15 2 3 11 11 11 17 17 15 0
split_gain=32.3738 17.383 10.252 8.63527 6.66837 8.32286 9.40421 6.83848 7.87899 13.9732 6.67735 6.38571 5.34376 5.14906 7.8517 4.01938 3.84801 3.46388 3.2245 2.80082 3.9156 2.62362 3.79374 2.57439 2.54989 2.40921 4.78204 2.39259 2.02211 1.94346
threshold=0.75000000000000011 0.68560534715652477 1.5000000000000002 0.81666666269302379 1.0000000180025095e-35 0.9569842815399171 0.51298922300338756 0.97067421674728405 0.98312205076217662 0.94881153106689464 0.9631328582763673 1.0000000180025095e-35 4.5000000000000009 1.0000000180025095e-35 0.045983087271451957 0.77888888120651256 0.37980769574642187 0.76388889551162731 0.43613053858280187 0.32575757801532751 0.32566948235034948 0.087121214717626586 0.58571431040763866 0.12060606107115747 0.44722221791744238 0.22401433438062671 0.80447274446487438 0.67379865050315868 0.34855434298515325 0.37617924809455877
decision_type=2 2 2 2 2 2 2 2 2 2 2 2 2 2 2 2 2 2 2 2 2 2 2 2 2 2 2 2 2 2
left_child=1 2 -1 15 5 13 12 8 10 -10 -6 19 -7 14 -3 17 24 21 -15 20 -4 -2 -23 -17 -13 26 -5 -8 -28 -18
right_child=3 4 11 25 7 6 27 -9 9 -11 -12 16 -14 18 -16 23 29 -19 -20 -21 -22 22 -24 -25 -26 -27 28 -29 -30 -31
leaf_value=0.042767440045446442 0.050210208562609639 -0.063330119961442236 0.018264654851410839 0.044224946714547457 -0.0030995917476068099 -0.0064625730843102819 -0.061759617481256836 0.045439552928742653 -0.017974225863193843 -0.13929047886143608 0.054687979341337546 -0.050056401516689636 0.024721128068285775 -0.0062939198154945532 0.0089470302733658039 -0.019899584834969522 0.011323014053910603 -0.13489119750607903 0.027418807463123453 0.055642564489915718 -0.074249542769527166 -0.059326157444016273 0.0032393875579771456 0.047983465941069454 0.00037375815346066125 0.046011377543534127 -0.10197410769838516 0.057681310849032733 0.03310405586110899 -0.036284454258774017
leaf_weight=4.7721899980679146 2.0085284417728007 3.9446900732582426 3.6512402963126069 2.8981275042751795 632.33484722248977 167.34970364277251 0.44355457043275048 7.1775114098563781 18.053031988267325 2.7328425052110097 5.0387429327238342 37.529780112672597 14.966942352126351 7.9641652734717345 79.192367496085353 1.7407954609952847 4.7940198018914071 0.5154877158347525 64.822257781284861 2.2687619349453598 1.6653980929404495 3.1334026584809171 10.685396348388165 7.06499513622839 2.6859647620003662 49.150170688342769 1.0728142589796332 7.6602897489210591 0.37352529470808793 3.8776585859595798
leaf_count=2833 960 634 269 456 47846 5146 59 674 2268 82 250 44567 384 524 5398 40 541 20 5497 271 34 339 2395 3872 112 53175 43 1678 58 898
internal_value=0.00053129 -0.00173841 -0.0276047 0.0314967 -0.000172518 0.00545381 -0.00155996 -0.00310133 -0.00363068 -0.0339244 -0.00264275 -0.0335514 -0.00390261 0.0140193 0.00551762 0.0073323 -0.0401743 -0.00734052 0.02373 0.00913246 -0.0107147 -0.00318626 -0.0109473 0.0345638 -0.0466882 0.0428567 0.00716669 0.0511438 -0.0670894 -0.00996531
internal_weight=1151.57 1072.93 61.245 78.6432 1011.68 346.344 190.42 665.337 658.159 20.7859 637.374 56.4728 182.317 155.923 83.1371 25.1486 48.8874 16.3428 72.7864 7.5854 5.31664 15.8273 13.8188 8.80579 40.2157 53.4946 4.34447 8.10384 1.44634 8.67168
internal_count=181323 119965 49525 61358 70440 19320 7267 51120 50446 2350 48096 46692 5530 12053 6032 7626 46118 3714 6021 574 303 3694 2734 3912 44679 53732 557 1737 101 1439
is_linear=0
shrinkage=0.05


Tree=135
num_leaves=31
num_cat=0
split_feature=13 1 2 12 2 18 17 11 7 23 26 0 0 14 17 17 1 7 26 0 0 0 15 7 2 23 17 11 11 11
split_gain=30.2779 16.3038 9.74079 8.41752 7.08154 6.39455 12.058 28.2257 15.9096 8.30476 7.32614 11.5332 7.31646 5.20744 7.33799 14.3376 6.82943 10.6255 8.94849 3.76174 3.09824 4.72762 3.09069 3.57303 3.92073 3.07456 2.93825 2.46342 2.45527 2.45094
threshold=0.75000000000000011 0.68560534715652477 1.0000000180025095e-35 0.81666666269302379 0.31666667759418493 1.0000000180025095e-35 0.60078126192092907 0.39565217494964605 0.96039214730262767 0.26726190745830541 1.0000000180025095e-35 0.64760348200798046 0.75219297409057628 1.0000000180025095e-35 0.94297328591346752 0.95389676094055187 0.98129165172576915 0.96329966187477123 1.0000000180025095e-35 0.77888888120651256 0.38548950850963598 0.36451049149036413 0.77820187807083141 0.63003221154212963 0.37980769574642187 0.090593434870243086 0.84389334917068493 0.36602871119976049 0.30217391252517706 0.12060606107115747
decision_type=2 2 2 2 2 2 2 2 2 2 2 2 2 2 2 2 2 2 2 2 2 2 2 2 2 2 2 2 2 2
left_child=1 2 -1 19 27 6 10 9 -9 -8 11 -3 -12 14 26 -16 17 -15 -18 22 21 -6 -2 -24 -25 -22 -7 28 -4 -21
right_child=3 5 4 -5 20 13 7 8 -10 -11 12 -13 -14 16 15 -17 18 -19 -20 29 25 -23 23 24 -26 -27 -28 -29 -30 -31
leaf_value=0.050118696635021769 0.0067057125991833999 1.3367091522589135e-05 -0.045867842931738081 0.042583301096570908 -0.0016673405597727416 -0.037044109797616034 -0.045937800591842243 -0.011229646372069406 0.047156260526215674 -0.14802501061428183 -0.027382765561585205 0.040799480929916615 -0.00075211451141574289 0.004520221038617522 -0.24896634498947645 -0.032171043267926906 -0.049159828384364168 0.028337018336220113 -0.00024555244279115315 -0.018981054487128213 -0.057526422563124915 0.095490829177340475 0.05503877160912294 -0.18514264427320379 -0.040889389249704457 0.015830288370505333 0.033417569069091872 -0.0077853142554308368 -0.11992791523770206 0.047646473127566362
leaf_weight=3.8155309422290875 11.684545871394226 51.816782533074729 33.831630032218527 51.208559097489342 8.4407223360613006 2.5497915750020166 40.387863936193753 60.355492146802135 14.463651747093534 2.0955248943064353 29.335245849040803 26.04435796267353 213.50615947693586 251.47255643067183 0.9853866557823493 3.3736965883872472 9.7247665127506462 57.546302695700433 242.72120480728336 1.7339640950085575 4.1188886635354711 1.4701274621183973 0.79166411678306658 0.55033546569757197 3.2690843857708387 2.1866988858673722 3.5248107236111537 4.1984666474163523 1.157390298321842 6.7667837090557441
leaf_count=2936 3187 2623 42423 53732 1491 220 14432 5075 3102 77 1263 1169 3455 23475 36 141 530 4065 10522 40 2254 220 136 79 312 113 255 65 23 3872
internal_value=0.000511581 -0.00165619 -0.0271543 0.0310045 -0.0324759 -0.000161011 -0.00470728 -0.0184245 5.72166e-05 -0.0509733 0.000310031 0.0136562 -0.0039691 0.00332088 -0.0316789 -0.0811784 0.00397128 0.00895545 -0.00212984 0.00709236 -0.00468776 0.0127446 -0.0069734 -0.0416365 -0.0616747 -0.0320872 0.00384154 -0.0439751 -0.0483177 0.0340559
internal_weight=1145.13 1069.12 59.2195 76.0049 55.4039 1009.9 438.005 117.303 74.8191 42.4834 320.703 77.8611 242.841 571.899 10.4337 4.35908 561.465 309.019 252.446 24.7964 16.2164 9.91085 16.2956 4.61108 3.81942 6.30559 6.0746 39.1875 34.989 8.50075
internal_count=181323 119965 49525 61358 46589 70440 31196 22686 8177 14509 8510 3792 4718 39244 652 177 38592 27540 11052 7626 4078 1711 3714 527 391 2367 475 42511 42446 3912
is_linear=0
shrinkage=0.05


Tree=136
num_leaves=31
num_cat=0
split_feature=13 2 24 0 1 0 12 1 0 11 0 2 23 11 2 0 6 9 1 16 1 18 17 6 0 1 11 17 17 17
split_gain=28.2189 15.6902 21.2242 9.53464 16.456 9.37147 8.17355 7.74906 9.34873 6.1777 5.92726 7.19878 6.9726 5.69521 5.29305 22.4541 19.7793 18.0766 11.7748 8.34857 3.97972 3.63991 4.05741 3.49265 2.84052 2.81775 2.53098 4.448 2.49657 2.92415
threshold=0.75000000000000011 0.43650794029235845 2.5000000000000004 0.8019607961177827 0.98340412974357616 0.45889639854431158 0.81666666269302379 0.93736961483955394 0.7731560766696931 0.79057019948959362 0.65261757373809826 0.087121214717626586 0.17902931571006778 0.35504202544689184 0.76388889551162731 0.81530213356018078 1.0000000180025095e-35 1.0000000180025095e-35 0.89772307872772228 1.0000000180025095e-35 0.77885976433753978 1.0000000180025095e-35 0.38605175912380224 1.0000000180025095e-35 0.23570261150598529 0.78579914569854747 0.22401433438062671 0.80447274446487438 0.93360882997512828 0.80569040775299083
decision_type=2 2 2 2 2 2 2 2 2 2 2 2 2 2 2 2 2 2 2 2 2 2 2 2 2 2 2 2 2 2
left_child=1 2 10 7 9 20 21 13 -9 -5 11 -1 -13 -4 15 17 -17 -7 25 -20 23 22 -2 -3 -22 -16 27 -8 29 -24
right_child=6 5 3 4 -6 14 26 8 -10 -11 -12 12 -14 -15 18 16 -18 -19 19 -21 24 -23 28 -25 -26 -27 -28 -29 -30 -31
leaf_value=0.050503231777146433 0.048869843359946791 0.017544442833559999 -0.032322137157934229 0.024710419900026325 -0.13665398061955625 0.0043030784360528823 0.042211016309664978 -0.0030902510665247328 -0.22890527960816609 -0.15631343199457473 0.027532750736341385 -0.01085402254318479 0.052724864311377406 -0.0064947571768982741 0.0062896188701171384 -0.0040655194232592654 0.048899329819712442 -0.038361832736859371 0.00073562245923461779 -0.013026831241915591 -0.080313101715111967 0.034543154265872171 -0.0041178775269589711 -0.043044523876490694 0.040654494461086543 0.052964211638525244 0.045629836696969468 -0.066462568247573225 0.035134490686407858 -0.054121415714067644
leaf_weight=6.153459705412387 2.7528053238056662 11.628719053347593 107.53054202208295 19.370591497980065 1.823240870842709 133.72032707266044 2.7463091934332615 0.81610462965909292 1.0455236627021802 0.48305027314927329 24.432296494778711 58.360023114248179 4.6563617236679411 26.630819158279337 4.4830696181161356 27.974675904377364 47.653353285742924 30.486672455852386 359.46367748407647 158.90842625062214 0.49541249300819146 7.9927216292126095 6.6205237925751117 2.9901254777214481 23.745069244760089 11.601651023142038 44.994346791587304 1.432826400385238 1.9290171020838887 5.236086689052172
leaf_count=3582 733 663 57621 778 41 7670 456 23 22 85 1971 14286 300 648 232 2570 3029 1752 1940 20388 24 5629 812 254 1354 732 53175 101 193 259
internal_value=0.000492801 -0.00157888 -0.0124985 -0.0236933 0.00710412 0.00179581 0.0304123 -0.0286012 -0.129912 0.020306 0.00636228 -0.00111559 -0.0061561 -0.0271954 0.00059331 0.00676452 0.0293077 -0.00361809 -0.00217599 -0.0034833 0.0257561 0.00683829 -0.00655097 0.00515163 0.0381822 0.0399553 0.0421727 0.00495202 -0.0176178 -0.0262003
internal_weight=1138.16 1064.45 251.302 157.7 21.6769 813.151 73.7046 136.023 1.86163 19.8536 93.6021 69.1698 63.0164 134.161 774.292 239.835 75.628 164.207 534.457 518.372 38.8593 24.5312 16.5384 14.6188 24.2405 16.0847 49.1735 4.17914 13.7856 11.8566
internal_count=181323 119965 79357 59218 904 40608 61358 58314 45 863 20139 18168 14586 58269 38313 15021 5599 9422 23292 22328 2295 7626 1997 917 1378 964 53732 557 1264 1071
is_linear=0
shrinkage=0.05


Tree=137
num_leaves=31
num_cat=0
split_feature=13 2 2 0 0 12 17 23 13 11 11 17 23 7 0 0 7 0 7 1 15 23 7 1 1 7 15 12 15 17
split_gain=26.3389 14.7254 14.7051 10.9601 8.79943 7.96571 7.44684 9.45648 6.39603 21.979 7.06548 11.3283 7.47811 5.5528 8.27571 5.68405 5.25528 3.75548 3.51005 3.34149 3.20881 5.6815 3.08985 4.90985 3.03633 3.42023 6.5885 2.77048 2.68365 4.19633
threshold=0.75000000000000011 0.31666667759418493 1.0000000180025095e-35 0.51887464523315441 0.4014925360679627 0.81666666269302379 0.25087413191795355 0.060075189918279655 1.0000000180025095e-35 0.045983087271451957 0.075498577207326903 0.20848321169614795 0.05298245698213578 0.88989898562431347 0.87138131260871898 0.6776927411556245 0.76764950156211864 0.2736185491085053 0.86996778845787059 0.96536955237388622 0.92113238573074352 0.46666668355464941 0.63003221154212963 0.94286730885505687 0.73678031563758861 0.25962962210178381 0.1434624716639519 0.76388889551162731 0.61452057957649242 0.94297328591346752
decision_type=2 2 2 2 2 2 2 2 2 2 2 2 2 2 2 2 2 2 2 2 2 2 2 2 2 2 2 2 2 2
left_child=1 2 19 6 24 18 17 -8 9 -6 11 -10 -12 15 -15 -5 -11 -4 22 -1 -20 -22 -2 27 28 26 -26 -24 29 -3
right_child=5 4 3 13 8 -7 7 -9 10 16 12 -13 -14 14 -16 -17 -18 -19 20 -21 21 -23 23 -25 25 -27 -28 -29 -30 -31
leaf_value=0.049546087013813959 0.030580091979405734 0.0067137853680726989 0.041943062123793812 0.0013496960512112458 -0.052655280524011375 0.041861910072152647 -0.05195662212487967 -0.0042166628884792124 0.0019332592698959009 -0.014825390091669775 0.097653618933215211 -0.042838486789079623 0.014316909277018317 -0.055091798447764698 0.0392441152501663 0.059879712997288698 0.001378681948262394 -0.016168870204482943 0.033169714107681512 -0.031929113054593568 -0.43188147525939408 0.05044436399986954 -0.03359645553148357 0.046262202307409989 -0.48274289519706548 0.03552082577824927 0.024834220165081883 -0.16229817993349341 0.05391702787795051 -0.082289158506917912
leaf_weight=9.2621234095422533 3.5443189872894463 10.853260550531557 3.2580432792892706 15.811997541051825 23.543086898745969 47.119018811266869 47.306547176733147 13.286354064883197 502.63090607663617 65.074123880709521 2.8059329229290588 14.537123118469024 66.239377856778447 7.7732612999971007 3.316829641466029 5.6231592668918884 216.5308042151155 18.955689041526057 10.041152139368929 1.4562964837532479 0.10349433944793496 0.14889190066605806 7.9389597644912993 2.0317731366376384 0.093435874208810499 25.837497525906656 0.20247229177039117 0.44139282731339324 2.371845152869354 1.5084021083894175
leaf_count=4417 1151 1875 476 3675 14427 53732 55623 247 4880 2733 134 3419 9507 1610 207 235 13356 1226 4365 107 9 32 1110 952 3 1293 41 7 187 287
internal_value=0.000478702 -0.00150398 -0.0175436 -0.0227498 0.000664801 0.0298784 -0.0324099 -0.0414886 -0.000375347 -0.00624579 0.00268046 0.000674766 0.0177036 0.00184403 -0.0268778 0.0167041 -0.0023658 -0.00764571 0.00659371 0.0384762 0.0287438 -0.14734 -0.00974304 -0.0234692 0.0233518 0.0335851 -0.135438 -0.0403752 0.00520067 -0.00414658
internal_weight=1129.65 1058.28 126.05 115.332 932.228 71.369 82.8066 60.5929 891.361 305.148 586.213 517.168 69.0453 32.5252 11.0901 21.4352 281.605 22.2137 24.25 10.7184 10.2935 0.252386 13.9564 10.4121 40.8669 26.1334 0.295908 8.38035 14.7335 12.3617
internal_count=181323 119965 67823 63299 52142 61358 57572 55870 48456 30516 17940 8299 9641 5727 1817 3910 16089 1702 7626 4524 4406 41 3220 2069 3686 1337 44 1117 2349 2162
is_linear=0
shrinkage=0.05


Tree=138
num_leaves=31
num_cat=0
split_feature=13 1 24 21 21 0 15 0 6 2 7 15 17 11 11 0 23 23 7 24 7 23 23 23 7 27 11 15 11 2
split_gain=24.5137 13.9017 8.32121 6.33348 6.00488 7.73535 7.65409 6.89669 6.64028 10.2429 6.61752 6.34728 7.61626 9.89677 9.61796 5.96626 4.29109 5.8056 32.5298 4.41299 5.59794 11.1962 4.3731 3.81304 3.66897 2.63956 3.0647 2.26936 1.62829 1.54373
threshold=0.75000000000000011 0.68560534715652477 1.5000000000000002 1.0000000180025095e-35 1.0000000180025095e-35 0.87939393520355236 0.32566948235034948 0.53923079371452343 1.0000000180025095e-35 0.70714285969734203 0.95875850319862377 0.97067421674728405 0.85762548446655285 0.43303571641445165 0.21240601688623431 0.52985739707946788 0.43666924536228185 0.42967036366462713 0.69309264421463024 3.5000000000000004 0.80673459172248851 0.37573529779911047 0.091608393937349333 0.12150349840521814 0.680425524711609 1.0000000180025095e-35 0.32575757801532751 1.0000000180025095e-35 0.092329546809196486 0.095454547554254546
decision_type=2 2 2 2 2 2 2 2 2 2 2 2 2 2 2 2 2 2 2 2 2 2 2 2 2 2 2 2 2 2
left_child=1 2 28 25 5 6 7 -3 10 -10 -7 12 13 -6 -14 -8 17 19 -19 29 21 -21 -22 27 -25 -4 -27 -5 -1 -2
right_child=16 4 3 23 11 8 15 -9 9 -11 -12 -13 14 -15 -16 -17 -18 18 -20 20 22 -23 -24 24 -26 26 -28 -29 -30 -31
leaf_value=-0.038455414589216919 0.050087500207195546 0.0059707564909480051 0.13706751993941363 -0.017223030214673741 -0.0026841954937336372 -0.018543606049087356 0.033122088028798138 0.045597647938459551 0.042363028623030458 -0.00070525881398019656 -0.11820435363503377 0.045054164448273565 -0.047175700515993103 0.022110015018081523 -0.0085831759633530572 -0.0051873025638924236 0.045382227949016668 -1.9243263727341891 0.050089083810306814 -0.022916879108107146 -0.045341867525320489 -0.30964741026002396 0.028660443014254383 -0.0577570198541352 0.0223949959594676 -0.01706427964668988 0.055950600161503342 -0.050725539469525016 0.054170186597904062 0.024549564835732174
leaf_weight=0.54624113882891734 8.1850197596359084 17.113650347804651 0.39446405373746429 6.0565632192883632 464.64619343605591 7.9421411414514278 13.406769759254528 30.635233277105726 14.761471582285592 213.13938072137535 2.1076977414777502 6.8320284635992712 18.581490192445926 44.063668706105091 123.08119157340843 42.008410997223109 25.852609070017934 0.025318445696028813 0.11850508832139894 1.9855188450601411 2.5778371506021349 0.41091611562296737 8.8503317030845192 2.1150561054237178 4.3937224773690104 4.9529056209139526 2.0246442590141669 30.554634712461848 3.6111950731719844 21.360393507580739
leaf_count=105 8653 831 88 1194 26904 526 1370 2298 1423 8033 179 674 13721 3816 6005 4660 30511 10 121 656 143 211 6494 24 106 298 188 44794 2728 14559
internal_value=0.000457962 -0.00143866 -0.0259935 -0.031592 -9.44895e-05 0.00528805 0.0167231 0.031395 0.000330351 0.00208434 -0.0394449 -0.00288824 -0.00339186 -0.000536559 -0.0136452 0.00408101 0.0292483 0.0196627 -0.297484 0.0207144 -0.00260192 -0.0720825 0.0119678 -0.0389141 -0.00365075 0.0112358 0.00412212 -0.0451832 0.0420002 0.0316244
internal_weight=1122.34 1052.97 54.6494 50.492 998.319 341.115 103.164 47.7489 237.951 227.901 10.0498 657.205 650.373 508.71 141.663 55.4152 69.3664 43.5138 0.143824 43.37 13.8246 2.39643 11.4282 43.12 6.50878 7.37201 6.97755 36.6112 4.15744 29.5454
internal_count=181323 119965 49525 46692 70440 19320 9159 3129 10161 9456 705 51120 50446 30720 19726 6030 61358 30847 131 30716 7504 867 6637 46118 130 574 486 45988 2833 23212
is_linear=0
shrinkage=0.05


Tree=139
num_leaves=31
num_cat=0
split_feature=13 2 24 0 0 1 0 12 23 23 7 0 2 7 23 23 11 25 7 1 0 19 19 11 7 24 11 7 1 0
split_gain=22.8911 13.2286 18.3568 10.2139 11.0514 8.21796 8.18597 7.78314 5.0829 11.8491 11.2568 15.7001 7.14869 6.39058 5.06496 5.93681 6.64211 5.8394 4.43565 5.57427 5.06706 7.37956 3.3091 2.90062 2.79652 2.94562 2.69389 2.58722 2.2892 2.2728
threshold=0.75000000000000011 0.43650794029235845 2.5000000000000004 0.96824595332145702 0.92637759447097789 0.98340412974357616 0.45889639854431158 0.81666666269302379 0.49106858670711523 0.48060151934623724 0.89528506994247448 0.47871376574039465 0.82575756311416637 0.74527630209922802 0.19082634150981906 0.12552521377801898 0.45804196596145635 1.0000000180025095e-35 0.4246212244033814 0.76729261875152599 0.39173060655593878 1.0000000180025095e-35 1.0000000180025095e-35 0.26794873178005224 0.96190130710601818 1.5000000000000002 0.22401433438062671 0.90976935625076305 0.98576694726943981 0.77888888120651256
decision_type=2 2 2 2 2 2 2 2 2 2 2 2 2 2 2 2 2 2 2 2 2 2 2 2 2 2 2 2 2 2
left_child=1 2 14 4 5 -4 18 22 9 12 11 -10 -8 -11 15 16 -1 -17 20 27 23 -22 -2 -3 25 -24 -9 -20 -6 -27
right_child=7 6 3 -5 28 -7 8 26 10 13 -12 -13 -14 -15 -16 17 -18 -19 19 -21 21 -23 24 -25 -26 29 -28 -29 -30 -31
leaf_value=0.0029536894288823123 0.033216175502723738 -0.043672542907817982 -0.023116006001231648 -0.34163705150866752 0.056695161640280947 -0.14141621028169632 0.0070658439511927648 0.0021026871168614487 -0.44961958811610714 -0.29902710996421911 0.043365838228058312 -0.0031821220827109396 -0.0035491703432017165 -0.076151420166223574 0.052052039909122251 0.026641026670543733 0.05503309940365058 -0.064637632733103481 -0.012966065439443683 0.047069622300443564 -0.0041281060428719702 -0.24703547857744435 0.051806286028442318 0.052812037573952912 0.031287171466116447 -0.036375053900981856 0.045062399403778465 0.033558132130530514 -0.06981890323162894 0.025763442532795913
leaf_weight=69.873277317732573 7.4078024148475405 1.3600444317562499 144.78152490936918 0.24986922740936179 5.1190817246679208 1.483061961014754 235.0345138219418 4.0169974564341819 0.19862799614202487 0.42629500618204375 21.196936604683287 23.100294028758071 487.76845148048596 1.3099653859389944 5.6505800066515794 2.5129645820707065 6.71024404518539 5.7872567627346143 7.8217876211856474 20.342520140460692 0.74492646625731118 0.53884371055755764 1.3368253477965506 1.8231717143207786 3.6673662707325994 9.466023164597571 39.854982442571782 4.8356687759514898 0.38440698344493274 1.7424448907840986
leaf_count=16228 5629 59 58893 2 288 20 13529 557 12 22 4901 2144 17619 86 505 96 3039 271 458 1233 40 27 508 101 539 618 53175 377 15 332
internal_value=0.000445136 -0.00137077 -0.0116091 -0.0222242 -0.0216983 -0.0243155 0.00170836 0.0286703 0.000596491 -0.000410862 0.0169995 -0.00698809 -9.74763e-05 -0.130873 0.00621496 0.00316365 0.00751688 -0.0370022 0.0245302 0.0308598 -0.0222297 -0.106085 0.00552998 0.0115885 -0.00712025 -0.0183479 0.0411289 0.00480809 0.0478584 -0.0267151
internal_weight=1116.55 1049.05 242.552 152.018 151.768 146.265 806.502 67.4924 769.035 724.539 44.4959 23.2989 722.803 1.73626 90.5343 84.8837 76.5835 8.30022 37.467 33 4.46699 1.28377 23.6205 3.18322 16.2127 12.5453 43.872 12.6575 5.50349 11.2085
internal_count=181323 119965 79357 59218 59216 58913 40608 61358 38313 31256 7057 2156 31148 108 20139 19634 19267 367 2295 2068 227 67 7626 160 1997 1458 53732 835 303 950
is_linear=0
shrinkage=0.05


Tree=140
num_leaves=31
num_cat=0
split_feature=12 1 11 27 11 11 21 1 0 11 26 0 2 2 3 6 11 17 23 15 17 17 24 23 24 7 24 0 15 17
split_gain=18.5019 13.0163 10.9224 8.2454 28.681 7.71141 6.326 7.30621 9.05797 12.2829 5.31221 10.4275 24.9341 15.4591 10.4268 8.48362 6.26252 4.76523 6.05293 4.69136 5.14326 4.15929 4.15904 3.71378 3.77693 5.90593 3.66129 5.53591 3.42333 3.33969
threshold=0.41428571939468389 0.68560534715652477 0.34057971835136419 0.60000000149011623 0.045983087271451957 0.22401433438062671 1.0000000180025095e-35 0.9478311836719514 0.48683299124240881 0.82085561752319347 1.0000000180025095e-35 0.77888888120651256 0.89444443583488475 0.82575756311416637 0.81666666269302379 1.0000000180025095e-35 0.72474747896194469 0.69907209277153026 0.077171217650175108 0.97067421674728405 0.97969490289688121 0.44484996795654302 2.5000000000000004 0.12552521377801898 3.5000000000000004 0.97752526402473461 3.5000000000000004 0.16823899745941165 0.4008928537368775 0.71486642956733715
decision_type=2 2 2 2 2 2 2 2 2 2 2 2 2 2 2 2 2 2 2 2 2 2 2 2 2 2 2 2 2 2
left_child=1 5 17 10 -5 21 -4 8 -8 -10 14 13 -13 -12 15 -3 -16 23 26 20 -6 -1 -7 24 28 -26 -19 -28 -2 -20
right_child=2 3 6 4 19 22 7 -9 9 -11 11 12 -14 -15 16 -17 -18 18 29 -21 -22 -23 -24 -25 25 -27 27 -29 -30 -31
leaf_value=-0.01070977686458772 0.02529063551637796 0.00055401366140785981 0.048591397236687997 -0.052013734165074203 -0.0010851371626285965 0.035186983664586641 0.050118735685094631 0.046505177419445258 -0.060645051427370089 0.025735958705325274 -0.034938704491050084 0.041680272707288767 -0.0013631638152887392 0.055289750497959658 0.039681440304836529 0.062821752057822214 -0.031314525769890258 -0.031696609366534761 -0.10723615489575239 0.043595647026953482 -0.026441086736425614 -0.05014915298190914 -0.018748454044592994 0.04878938156070059 -0.030120372844561177 0.020521610237921442 -0.50745044828488717 -0.11205131935625925 -0.075018377606498265 0.010816671118428295
leaf_weight=9.0559233527164888 18.506159223266881 115.08579963532975 31.172561985848006 31.871114736102754 269.71991633548168 6.049278942460659 6.6308619679766734 14.032476519176269 8.5530003792373481 7.9317699318053192 37.187236902682343 37.03735297289677 367.32338243111735 5.4418881305027744 35.08393060171511 5.7430694430950089 3.4078564214287317 1.8097541557508505 0.66377622383879487 5.5123503480572245 21.601173305534758 25.533423115557525 8.735923764674224 5.2685940137016578 13.850845980166923 9.8522607187042013 0.093613849952816852 1.6279371156706473 0.89154512929962848 6.147664375253953
leaf_count=2274 1217 6321 32929 25979 15379 1270 6595 14710 4619 7077 1850 1712 5985 236 3532 259 317 350 50 271 919 43694 299 1454 384 117 2 221 102 1199
internal_value=0.000433016 -0.00188445 0.0183913 -0.000563239 -0.00694016 -0.0269045 0.0319825 0.0180453 0.000768526 -0.0190822 0.00289394 9.98049e-05 0.00257939 -0.0234204 0.0107332 0.00351364 0.0333958 0.00257578 -0.0282288 -0.0021006 -0.00296526 -0.0398234 0.00331891 0.00916268 0.00431876 -0.00907089 -0.0813523 -0.133552 0.0206803 -0.0006876
internal_weight=1111.42 984.39 127.033 935.015 328.705 49.3745 68.3207 37.1481 23.1156 16.4848 606.311 446.99 404.361 42.6291 159.321 120.829 38.4918 58.7122 10.3427 296.833 291.321 34.5893 14.7852 48.3694 43.1008 23.7031 3.53131 1.72155 19.3977 6.81144
internal_count=181323 110297 71026 62760 42548 47537 65930 33001 18291 11696 20212 9783 7697 2086 10429 6580 3849 5096 1822 16569 16298 45968 1569 3274 1820 501 573 223 1319 1249
is_linear=0
shrinkage=0.05


Tree=141
num_leaves=31
num_cat=0
split_feature=12 1 11 19 17 11 0 24 23 11 24 21 0 0 1 14 15 1 15 1 24 11 17 23 17 1 24 23 24 7
split_gain=17.0715 12.1365 10.3875 7.86766 13.294 18.1636 11.1028 8.86648 8.16703 7.36454 6.98924 6.30088 7.11521 25.5651 57.4932 4.68377 7.12913 5.84656 9.04273 7.5188 4.91983 4.66412 4.3251 5.50745 4.17513 4.0532 3.80426 3.538 3.42307 5.31155
threshold=0.41428571939468389 0.68560534715652477 0.34057971835136419 1.0000000180025095e-35 0.62547710537910473 0.39565217494964605 0.82287582755088817 3.5000000000000004 0.26726190745830541 0.22401433438062671 4.5000000000000009 1.0000000180025095e-35 0.66369047760963451 0.57947367429733287 0.71816697716712963 1.0000000180025095e-35 0.73931312561035167 0.97503110766410839 0.49374902248382574 0.82779976725578319 3.5000000000000004 0.70710784196853649 0.69907209277153026 0.077171217650175108 0.44484996795654302 0.75151726603508007 2.5000000000000004 0.12552521377801898 3.5000000000000004 0.97752526402473461
decision_type=2 2 2 2 2 2 2 2 2 2 2 2 2 2 2 2 2 2 2 2 2 2 2 2 2 2 2 2 2 2
left_child=1 9 22 15 7 8 -7 25 -6 24 -9 -4 13 -13 -15 16 21 19 -19 -17 -18 -3 27 -24 -1 -5 -11 28 -2 -30
right_child=2 3 11 4 5 6 -8 10 -10 26 -12 12 -14 14 -16 17 20 18 -20 -21 -22 -23 23 -25 -26 -27 -28 -29 29 -31
leaf_value=-0.010232742132998676 0.019751836382791085 0.02315316763335569 0.048505649662559464 0.046603978693452341 -0.045391345695014663 -0.016011300589937071 0.039871644312520278 -0.011179355782483852 -0.14812827828252664 0.034069993538865882 0.021480706749138222 0.034499308983742823 0.034733400941340406 -1.6781678934572701 -0.091213527460930297 -0.0088945882367148302 -0.031650590744915628 -0.0044131159826127017 0.028517060393012418 0.012542499914220443 -0.13254675013823525 -0.14282107595282589 -0.077872450151799832 -0.00065656175506759206 -0.050085819324909443 0.0079540254552939553 -0.01778102986482084 0.048316659242562676 -0.02842531966184117 0.019632647615484129
leaf_weight=9.0055142670753394 19.299763084098231 5.0671112035633978 29.703374622797128 7.2749285196769042 31.958741266047582 48.746189193916507 10.870299741625784 154.44868205161765 2.0590517157688728 5.938105637964326 18.324293869547546 9.585956155904567 22.681486748275347 0.05786002689273928 4.1936369824688882 49.498799148248509 2.9378551814006642 238.47525349698844 22.844419146189466 235.5452371770516 2.0521721772383898 0.46186257270164777 3.5026278913137485 6.7780499582295306 24.318098647054285 100.3722723305691 8.7502887225709838 5.0594527265639035 13.940581397677306 9.7852019320707768
leaf_count=2274 1319 468 32929 462 13518 1196 999 4561 44 1270 454 9003 21558 38 2402 10641 124 8911 2866 15678 53 6 573 1249 43694 2779 299 1454 384 117
internal_value=0.000418354 -0.0018002 0.0178507 -0.000535898 -0.0061444 -0.0224568 -0.00582176 -0.000697574 -0.0516099 -0.0263147 -0.00771543 0.0314045 0.017495 -0.0107611 -0.112811 0.0032313 -0.0298163 0.00386755 -0.00153438 0.00881988 -0.0731446 0.00928852 0.00247229 -0.026964 -0.0393158 0.010566 0.00318088 0.00876584 0.00411499 -0.00860482
internal_weight=1103.54 978.949 124.588 930.937 374.054 93.6343 59.6165 280.42 34.0178 48.012 172.773 66.2223 36.5189 13.8375 4.2515 556.883 10.519 546.364 261.32 285.044 4.99003 5.52897 58.3657 10.2807 33.3236 107.647 14.6884 48.085 43.0255 23.7258
internal_count=181323 110297 71026 62760 24013 15757 2195 8256 13562 47537 5015 65930 33001 11443 2440 38747 651 38096 11777 26319 177 474 5096 1822 45968 3241 1569 3274 1820 501
is_linear=0
shrinkage=0.05


Tree=142
num_leaves=31
num_cat=0
split_feature=13 2 2 1 5 1 12 8 27 13 11 11 17 23 17 1 18 17 11 15 24 11 17 17 1 15 23 23 15 11
split_gain=19.0966 11.3407 11.9501 8.49605 8.74929 10.7607 7.21848 6.23973 5.76543 4.91822 21.9069 5.81186 11.3554 5.79982 5.36807 3.23756 3.04168 3.56572 2.85766 2.97804 2.69646 2.55476 3.86931 2.24763 2.41658 1.78116 1.71987 7.08789 1.87033 1.31557
threshold=0.75000000000000011 0.31666667759418493 1.0000000180025095e-35 0.72990828752517711 1.0000000180025095e-35 0.95295867323875438 0.81666666269302379 0.29166667163372045 1.0000000180025095e-35 1.0000000180025095e-35 0.045983087271451957 0.075498577207326903 0.20848321169614795 0.05298245698213578 0.79637822508811962 0.96536955237388622 1.0000000180025095e-35 0.38605175912380224 0.36602871119976049 1.0000000180025095e-35 3.5000000000000004 0.22401433438062671 0.80447274446487438 0.93360882997512828 0.7155904769897462 0.34855434298515325 0.20084034651517871 0.20000001043081286 0.31271257996559149 0.15894736349582675
decision_type=2 2 2 2 2 2 2 2 2 2 2 2 2 2 2 2 2 2 2 2 2 2 2 2 2 2 2 2 2 2
left_child=1 2 15 18 5 -5 16 -3 -6 10 -9 12 -11 -13 -12 -1 17 -2 19 -4 -20 22 -8 24 -19 29 27 28 -18 -24
right_child=6 7 3 4 8 -7 21 9 -10 11 14 13 -14 -15 -16 -17 26 23 20 -21 -22 -23 25 -25 -26 -27 -28 -29 -30 -31
leaf_value=0.049415779627323478 0.048147638033932391 0.058112952149607246 -0.0091532311605996685 0.037989498707000788 -0.10107642052793686 -0.51576337382595827 0.039474120194378987 -0.052483493168718712 -0.014454971087398672 0.002441483447442344 0.0079518313906583957 0.085316137196411776 -0.042671469511319469 0.013495592211052662 -0.0061482398946040122 -0.032375540830969517 -0.04590251233619113 0.040544644626849757 0.019460192567801439 -0.050844981040139819 -0.052386552272050205 0.044458874531988338 -0.15190453460698872 0.03461229992239831 -0.033391017422467417 0.032901414956789991 0.050061769536802019 -0.38583709990079185 0.050374112194588927 -0.041227242902764083
leaf_weight=8.2310665623517689 2.4555819215602268 4.7011908441199912 5.0323393008438861 9.9618924234528059 1.9899440875742573 0.088509695371613684 2.5092366002500053 22.286506019008812 55.420766897499561 513.98598492192104 105.63732180552324 2.9323555967421262 14.338063684350344 67.909084749931935 186.9835283147986 1.4183692417573173 0.76945832936326031 1.2375264479778696 3.6418022480793288 28.773551879421575 2.0360443827230483 35.560208701761439 0.52897359663620569 1.7975398022099387 10.33415384206455 0.35910232737660397 4.6319955273647793 0.11467597563751031 1.4646723852492867 0.54525708337314427
leaf_count=4417 733 277 1247 2420 152 4 456 15978 12379 5075 5434 179 3775 9866 11558 107 124 342 66 47006 25 53175 27 193 729 58 4539 37 929 16
internal_value=0.000410703 -0.00120714 -0.0158967 -0.020705 -0.00992342 0.0331128 0.0272942 0.000656995 -0.0174574 0.000361491 -0.00469752 0.00302039 0.00121717 0.0164685 -0.00105806 0.0373933 0.00489598 -0.00723203 -0.0391261 -0.0446388 -0.00630365 0.040225 0.00203724 -0.0174038 -0.025484 -0.0635009 0.032389 -0.00246284 0.0172154 -0.0957271
internal_weight=1097.68 1035.37 116.594 106.945 67.4611 10.0504 62.3084 918.774 57.4107 914.073 314.907 599.165 528.324 70.8414 292.621 9.64944 22.8056 15.8248 39.4837 33.8059 5.67785 39.5028 3.94257 13.3692 11.5717 1.43333 6.9808 2.34881 2.23413 1.07423
internal_count=181323 119965 67823 63299 14955 2424 61358 52142 12531 51865 32970 18895 8850 10045 16992 4524 7626 1997 48344 48253 91 53732 557 1264 1071 101 5629 1090 1053 43
is_linear=0
shrinkage=0.05


Tree=143
num_leaves=31
num_cat=0
split_feature=13 2 24 0 0 0 1 12 23 23 17 11 23 17 15 7 7 1 0 18 7 7 1 7 0 17 11 0 11 17
split_gain=17.825 10.4849 15.2893 7.60451 7.47346 9.53164 7.66826 6.96585 4.76137 5.45063 6.71037 5.93234 4.37926 5.01768 6.57761 5.98497 4.26476 5.17702 4.33376 5.32571 3.08233 3.08336 4.02108 3.07227 3.55644 2.9194 2.74246 2.59484 2.48602 3.52474
threshold=0.75000000000000011 0.43650794029235845 2.5000000000000004 0.45889639854431158 0.96824595332145702 0.92637759447097789 0.98462653160095226 0.81666666269302379 0.19082634150981906 0.12552521377801898 0.86640420556068432 0.45804196596145635 0.68301436305046093 0.97379860281944286 0.94146201014518749 0.62605932354927074 0.4246212244033814 0.76729261875152599 0.39173060655593878 1.0000000180025095e-35 0.83484846353530895 0.65545505285263073 0.94286730885505687 0.81016731262207042 0.80810147523880016 0.84584116935729992 0.26794873178005224 0.37965516746044164 0.22401433438062671 0.80447274446487438
decision_type=2 2 2 2 2 2 2 2 2 2 2 2 2 2 2 2 2 2 2 2 2 2 2 2 2 2 2 2 2 2
left_child=1 2 8 16 5 6 -4 20 9 11 -11 -1 13 14 -5 -15 18 27 26 -20 21 -2 25 24 -14 -23 -3 -18 29 -9
right_child=7 3 4 12 -6 -7 -8 28 -10 10 -12 -13 23 15 -16 -17 17 -19 19 -21 -22 22 -24 -25 -26 -27 -28 -29 -30 -31
leaf_value=0.0032127761493270009 0.024261464788396914 -0.042724097722009469 -0.021657062419273315 0.00050426523429294653 -0.26831713177355976 0.047236726780324735 -0.24315773994653675 0.038394245387688458 0.05193808217046491 0.017335057440902104 -0.072658871319233362 0.054981638087968368 -0.0029383254799747183 -0.089170979295147501 0.051976886287310113 -0.012754072058370758 0.022194886808811494 0.046418845774761533 -0.20554968359287229 -0.0058683218660136177 0.023544383674565173 -0.019345701348751226 0.044755117988020419 0.050266437602992146 -0.25999620238542259 -0.088057346471913503 0.052699449584880736 -0.025348310749656256 0.044200936789669271 -0.060299604403481637
leaf_weight=68.230381666042376 3.6756272768543585 1.3444553566514508 140.53209970970056 717.06303279171698 0.30324316024780174 5.1107986629358484 0.39182817720575158 2.4522945452481504 5.3037897323374628 3.5720318284584192 4.9305559289641678 6.0223089330247594 0.89784738852176704 2.8363325449172434 6.2608162724645799 26.516533259418793 8.0089974608272332 19.4474707734189 0.61403970915125661 0.73197473486652598 11.087354730872901 3.659108045801986 1.4185784372966734 6.7286648642621003 0.15827223937958479 2.6766976153303403 1.7114344384171998 4.4726867033750741 34.018393189297058 1.4334810280706731
leaf_count=16228 1248 59 58903 33037 2 303 10 456 505 173 194 3039 136 199 390 2357 516 1233 27 40 4876 578 690 2188 6 234 101 319 53175 101
internal_value=0.000392993 -0.0011536 -0.0104492 0.00158095 -0.0203552 -0.0198403 -0.0222729 0.0267881 0.00601263 0.00306927 -0.0348514 0.00741152 0.000513284 0.000127406 0.000949793 -0.0201381 0.0239286 0.0302893 -0.0222086 -0.0969612 0.0047616 -0.0134581 -0.0313374 0.0378222 -0.0414615 -0.0483744 0.0107173 0.00515826 0.0398732 0.00198562
internal_weight=1091.61 1031.19 234.397 796.793 146.338 146.035 140.924 60.4215 88.0591 82.7553 8.50259 74.2527 760.461 752.677 723.324 29.3529 36.3311 31.9292 4.4019 1.34601 22.5174 11.43 7.75438 7.78478 1.05612 6.33581 3.05589 12.4817 37.9042 3.88578
internal_count=181323 119965 79357 40608 59218 59216 58913 61358 20139 19634 367 19267 38313 35983 33427 2556 2295 2068 227 67 7626 2750 1502 2330 142 812 160 835 53732 557
is_linear=0
shrinkage=0.05


Tree=144
num_leaves=31
num_cat=0
split_feature=13 1 21 12 5 3 11 26 1 26 2 6 2 15 23 2 17 0 1 3 0 7 15 1 2 1 17 11 17 11
split_gain=16.569 10.0261 6.97703 6.75498 5.93231 10.5945 9.73004 10.7718 9.71033 19.3345 8.78386 13.2831 8.6306 8.51495 17.343 7.57695 7.49788 6.07956 5.3797 4.34282 3.09839 2.81254 2.93005 5.0414 2.51896 3.13144 2.61956 2.42953 3.18951 2.27119
threshold=0.75000000000000011 0.68560534715652477 1.0000000180025095e-35 0.81666666269302379 1.0000000180025095e-35 0.83974358439445507 0.080540537834167494 1.0000000180025095e-35 0.88275891542434703 1.0000000180025095e-35 0.76388889551162731 1.0000000180025095e-35 0.27922078967094427 0.91827458143234264 0.48819445073604589 0.70714285969734203 1.0000000180025095e-35 0.61602565646171581 0.40484943985939031 0.61250001192092907 0.91366460919380199 0.86996778845787059 0.92113238573074352 0.86076942086219799 0.087121214717626586 0.94286730885505687 0.92627266049385082 0.22401433438062671 0.80447274446487438 0.12060606107115747
decision_type=2 2 2 2 2 2 2 2 2 2 2 2 2 2 2 2 2 2 2 2 2 2 2 2 2 2 2 2 2 2
left_child=1 2 -1 21 5 6 7 -3 9 12 11 -10 -6 20 -15 -8 -12 -11 -4 -20 -7 24 29 -24 -2 26 -26 28 -5 -23
right_child=3 4 18 27 8 13 15 -9 10 17 16 -13 -14 14 -16 -17 -18 -19 19 -21 -22 22 23 -25 25 -27 -28 -29 -30 -31
leaf_value=0.018545687220822504 0.050265406028750542 0.011350439004894177 0.051154363303362385 0.037303185947589815 -0.024796179532728599 0.04642537480949209 0.020203815797879426 -0.038532114487678293 0.001357433808578682 -0.094556194119091566 0.0010531415624895431 0.028233310257384778 0.0044836763478446132 -0.3015244518049407 0.052220446573111534 -0.20149971940804601 -0.012160591549034204 -0.034723575629382962 -0.046926551352007212 -0.0090177137841603323 -0.005443171949971023 -0.021968080472647283 -0.39099054589803978 0.050456959598079103 -0.039055144807900476 0.045297054541043928 0.032888190842734553 0.043933105841351447 -0.056636839582926007 0.043141656661592073
leaf_weight=8.1645507444918604 1.5302115610684293 20.282675871829269 1.8432426603976626 2.3991952307987954 40.343365556327626 27.051075709168806 42.930097198550357 23.203948133566882 164.05944681196706 8.2958953657071124 357.52882725792006 63.873211483878549 66.906210700923111 0.55912794766481855 0.91105669678654522 0.38887110096402366 153.4260719610611 8.6957971182418969 27.04740777600091 10.483107195585033 3.222120316408108 1.6476344396360181 0.11284349526977244 0.15151033987058327 8.5946846342703775 1.6785515240626399 1.4837098460993718 32.551653916889336 1.449456638889387 7.1589356430340558
leaf_count=1590 846 5172 1765 456 11749 1515 3701 6008 10996 981 1964 3867 3388 22 116 8 20439 405 43798 2372 109 59 9 32 1244 938 192 53175 101 4306
internal_value=0.000380691 -0.00109362 -0.0235193 0.0262049 -7.64714e-06 0.0104802 0.00144132 -0.0152663 -0.00144813 -0.0143813 0.000726536 0.00888882 -0.00653033 0.035198 -0.0823128 0.0182136 -0.00291459 -0.0639358 -0.0322419 -0.0363378 0.0409048 0.0045736 0.0260367 -0.137982 -0.0100789 -0.0179329 -0.0284639 0.0394914 0.00192405 0.0309602
internal_weight=1087.97 1029.22 47.5383 58.7584 981.678 118.549 86.8056 43.4866 863.129 124.241 738.888 227.933 107.25 31.7434 1.47018 43.319 510.955 16.9917 39.3738 37.5305 30.2732 22.3581 9.07092 0.264354 13.2872 11.7569 10.0784 36.4003 3.84865 8.80657
internal_count=181323 119965 49525 61358 70440 16651 14889 11180 53789 16523 37266 14863 15137 1762 138 3709 22403 1386 47935 46170 1624 7626 4406 41 3220 2374 1436 53732 557 4365
is_linear=0
shrinkage=0.05


Tree=145
num_leaves=31
num_cat=0
split_feature=13 1 12 21 8 18 24 7 15 24 0 24 26 11 3 2 0 18 11 1 7 24 11 12 15 22 19 0 0 11
split_gain=15.4347 9.31299 6.50808 6.50777 5.61143 5.35736 11.8446 13.2735 8.26479 5.14185 5.07613 4.52803 16.5399 10.5241 4.40537 3.75425 2.86219 2.69493 2.37482 2.34795 2.34745 2.31559 1.96409 2.94464 2.08796 1.74584 1.6821 1.63415 19.7501 1.5751
threshold=0.75000000000000011 0.68560534715652477 0.81666666269302379 1.0000000180025095e-35 0.29166667163372045 1.0000000180025095e-35 3.5000000000000004 0.83827373385429393 1.0000000180025095e-35 1.5000000000000002 0.44151847064495092 3.5000000000000004 1.0000000180025095e-35 0.21240601688623431 0.73214286565780651 0.37980769574642187 0.44862772524356848 1.0000000180025095e-35 0.22401433438062671 0.40484943985939031 0.96824595332145702 1.5000000000000002 0.31009615957736975 0.88194444775581371 0.32566948235034948 1.0000000180025095e-35 1.0000000180025095e-35 0.52985739707946788 0.52206358313560497 0.29520697891712194
decision_type=2 2 2 2 2 2 2 2 2 2 2 2 2 2 2 2 2 2 2 2 2 2 2 2 2 2 2 2 2 2
left_child=1 3 17 22 10 6 8 -8 -6 -5 14 13 -13 -7 -3 19 -12 20 -4 -11 21 -2 23 24 -1 -23 -17 28 29 -19
right_child=2 4 18 9 5 11 7 -9 -10 15 16 12 -14 -15 -16 26 -18 27 -20 -21 -22 25 -24 -25 -26 -27 -28 -29 -30 -31
leaf_value=0.0145956397345037 0.052224038564903263 -0.051652863959381984 0.0018619086090889067 0.038720829947321393 0.016354081280510566 -0.0065485950703888466 -0.039614040781923987 -0.0068068935456144508 -0.0061256966878024469 0.059027639089771461 0.22074028776266405 -0.012823112101315327 0.018450144682069174 0.011952656882092311 0.042607143156132225 -0.031394278975862326 0.060071765076564768 -0.077865450126765101 0.043655131477553642 -0.047080068789354897 0.032783237375759243 -0.039541373442797692 0.054464055903000054 0.14590350152410167 -0.052035611157685728 4.7899104753057584e-05 0.014625096485939591 0.044129983138024444 -1.035134285937336 0.050223880950859924
leaf_weight=3.4910922428243776 1.1216022284352245 2.2962100107979477 3.8152973027317776 2.4358672320086034 86.890649021137506 238.10693921372877 35.950197814643616 216.51939770489116 77.227354948729044 0.53152339620283129 0.29219594510504965 60.968584404734429 137.92450971424114 113.50448058411712 2.6936878983979113 3.6279181543504802 5.397306895640213 0.31910956744104513 31.156341207970399 27.254362149775261 3.014644621172919 6.6861117453081516 2.51301681419136 0.33100863738218311 1.7727557366015387 4.7725457066553645 4.3866426095191855 5.1859103655442595 0.046070564130786695 0.96819547784980386
leaf_count=385 508 955 557 1817 982 17680 4051 14813 10715 157 26 6398 5820 8317 181 782 502 21 53175 44522 467 341 1082 30 93 681 657 4869 32 707
internal_value=0.000367496 -0.00104295 0.0256708 -0.0229438 -4.89651e-06 -0.000402937 -0.00468092 -0.0114784 0.005776 -0.0315717 0.0360404 0.00283437 0.00886366 -0.000576164 -0.000768648 -0.0363544 0.0683232 0.00444053 0.0390956 -0.0450503 -0.00684487 -0.0163411 0.0177448 0.0012518 -0.0078444 -0.0230524 -0.0062063 0.0314365 -0.0179322 0.0184719
internal_weight=1081.2 1024.12 57.0858 46.3442 977.772 967.092 416.588 252.47 164.118 38.2363 10.6794 550.505 198.893 351.611 4.9899 35.8004 5.6895 22.1142 34.9716 27.7859 15.5949 12.5803 8.10787 5.59486 5.26385 11.4587 8.01456 6.51929 1.33338 1.28731
internal_count=181323 119965 61358 49525 70440 68776 30561 18864 11697 47935 1664 38215 12218 25997 1136 46118 528 7626 53732 44679 1997 1530 1590 508 478 1022 1439 5629 760 728
is_linear=0
shrinkage=0.05


Tree=146
num_leaves=31
num_cat=0
split_feature=12 27 11 0 0 7 21 24 12 15 11 0 24 0 17 11 15 18 17 17 27 14 15 11 11 7 17 12 7 0
split_gain=12.6265 13.3961 31.5412 5.74101 9.26407 11.3404 9.93929 11.7376 6.72401 5.30774 5.27223 6.98728 5.36585 5.32567 8.38375 5.10719 15.7554 5.72601 7.21718 6.21799 5.7684 5.0633 6.56474 5.05307 4.58178 4.20338 5.50226 4.18744 3.86241 5.89536
threshold=0.21111111342906955 0.60000000149011623 0.045983087271451957 0.69309264421463024 0.57259953022003185 0.93582704663276683 1.0000000180025095e-35 2.5000000000000004 0.36666667461395269 0.97067421674728405 0.25462962687015539 0.94804319739341747 7.5000000000000009 0.80810147523880016 0.99707603454589855 0.075498577207326903 1.0000000180025095e-35 1.0000000180025095e-35 0.55022937059402477 0.47925275564193731 1.0000000180025095e-35 1.0000000180025095e-35 0.74657276272773754 0.38675214350223547 0.10762548446655275 0.9759001135826112 0.83684560656547557 0.46428571641445165 0.81322672963142406 0.73727351427078258
decision_type=2 2 2 2 2 2 2 2 2 2 2 2 2 2 2 2 2 2 2 2 2 2 2 2 2 2 2 2 2 2
left_child=1 15 -3 4 23 6 8 -8 -6 21 11 -5 13 14 -12 16 28 18 -17 -19 -21 22 -4 -2 -23 -13 -27 -14 29 -1
right_child=3 2 9 10 5 -7 7 -9 -10 -11 12 25 27 -15 -16 17 -18 19 -20 20 -22 24 -24 -25 -26 26 -28 -29 -30 -31
leaf_value=0.0083955468261340069 -0.0034093758487965652 -0.051367375712557811 -0.0030604636421128718 0.041478154344614 -0.049918071272732983 0.053739042195533437 0.0042767542419979944 -0.090097326122235769 0.051283336616216049 0.052428828749545492 0.022746740462914004 -0.032752372604805291 -0.46847380793209786 0.044371116689931892 -0.082814600525977944 0.026687902133908238 -0.043520294585681768 0.32402964679872648 -0.022825859273187012 -0.28640979802638661 0.026450995646920897 -0.020879346325336782 -0.088488703789350698 0.031718297634310784 -0.0011256639694808398 0.015193836182081411 -0.069221709712455226 0.050056820142002738 0.00065408033375398324 0.056301886916343469
leaf_weight=60.853134920471348 18.06964191183215 40.819764975225553 4.9644106398336572 11.350018675206227 2.6298234359128445 4.2032840608153483 4.9144864469999456 9.9961633164202777 4.3666324242949486 4.0770368374651289 18.883920190390203 9.1808764470624755 0.095430697081609561 33.446925116935745 2.0889820883166967 12.756536516069902 19.423991645307979 0.17498465493554149 17.3957617218839 0.14784515951760013 42.342243654769845 33.856278995022876 4.1111006806022488 23.619454121275339 220.77895686542615 20.679770168731924 2.1290912089752956 0.065767628839239478 442.26220971462317 7.1795849562622598
leaf_count=2095 3350 55068 231 769 148 2305 1617 1514 3718 227 9311 193 5 32137 1589 713 11059 29 1492 9 6974 13616 80 18002 9974 409 87 95 4202 305
internal_value=0.000354681 -0.00195432 -0.0104257 0.0130498 0.0018657 -0.0214884 -0.0359221 -0.058992 0.0132438 -0.00418482 0.0207935 0.00777365 0.0311319 0.0319852 0.0122324 0.00238455 0.000677825 0.0148003 -0.00187807 0.0265873 0.0253624 -0.00506009 -0.0417585 0.0164926 -0.00375211 -0.00418477 0.00731407 -0.256917 0.00236019 0.0134512
internal_weight=1076.86 911.144 308.608 165.72 67.7995 26.1104 21.9071 14.9106 6.99646 267.788 97.9208 43.3398 54.581 54.4198 20.9729 602.536 529.719 72.8174 30.1523 42.6651 42.4901 263.711 9.07551 41.6891 254.635 31.9897 22.8089 0.161198 510.295 68.0327
internal_count=181323 106074 79196 75249 30654 9302 6997 3131 3866 24128 44595 1458 43137 43037 10900 26878 17661 9217 2205 7012 6983 23901 311 21352 23590 689 496 100 6602 2400
is_linear=0
shrinkage=0.05


Tree=147
num_leaves=31
num_cat=0
split_feature=13 2 23 24 0 15 0 12 15 0 18 8 23 24 17 18 8 0 7 7 0 9 23 11 17 6 19 17 25 11
split_gain=13.6484 8.3099 17.7968 13.3902 7.7774 9.84565 7.21408 6.11613 5.90503 4.46422 5.50284 4.19777 4.1948 9.23901 6.07837 13.8175 8.3565 5.12055 2.48768 3.20107 3.53609 2.85318 2.76522 2.30532 2.78661 2.20757 2.66728 2.1672 2.14743 2.32644
threshold=0.75000000000000011 0.41428571939468389 0.36410984396934515 2.5000000000000004 0.65261757373809826 0.92113238573074352 0.45889639854431158 0.81666666269302379 0.80062112212181102 0.70087718963623058 1.0000000180025095e-35 0.75000000000000011 0.53197279572486889 6.5000000000000009 0.62053000926971447 1.0000000180025095e-35 0.75000000000000011 0.46737588942050939 0.80673459172248851 0.65545505285263073 0.66369047760963451 1.0000000180025095e-35 0.20000001043081286 0.22401433438062671 0.80447274446487438 1.0000000180025095e-35 1.0000000180025095e-35 0.99707603454589855 1.0000000180025095e-35 0.25462962687015539
decision_type=2 2 2 2 2 2 2 2 2 2 2 2 2 2 2 2 2 2 2 2 2 2 2 2 2 2 2 2 2 2
left_child=1 2 3 9 8 -6 11 18 -5 10 -1 25 14 17 16 -16 -8 -14 19 -2 22 -22 -21 24 -9 26 -3 -11 29 -13
right_child=7 6 -4 4 5 -7 12 23 -10 27 -12 28 13 -15 15 -17 -18 -19 -20 20 21 -23 -24 -25 -26 -27 -28 -29 -30 -31
leaf_value=0.018368404261439295 0.023556147727215711 0.032520769085880447 -0.50879941660479999 -0.031126314272024849 0.0020086266505055391 -0.16512075691690914 0.021418710759807585 0.03580706985255229 0.02040618435565612 0.025403043579749696 -0.010900573393523743 -0.010307841260394024 -0.25532535424932001 -0.095507893562075064 -0.02855039063113576 4.7129451975737248e-05 0.00039485846148540159 0.025763612184532728 0.019368841449476624 -0.012085397724575902 0.021314173591304837 -0.11702639547394521 -0.10981511636228136 0.043170463662290812 -0.052218721936287064 -0.0687544062728878 -0.015121516457163748 0.13207786662744639 0.049074039135097371 0.037936630992177728
leaf_weight=25.956281939317705 3.4871237901097647 5.3570794506231287 0.17842026066500594 82.949314129655249 41.133523396623787 0.90050038753542949 52.70547636091942 2.3198168582748617 5.9583471734076729 17.413662269129421 42.114132400602102 4.156538407318294 0.16288597887614997 1.6992577592609439 57.062544316111598 162.59628324239748 457.88661461428273 30.476288947509602 11.941968873550648 1.1444344912597446 2.6340196045930502 0.43413939682068292 1.9692382593057116 28.964767475699773 1.4680289120879022 1.0650123611558235 6.5052929102675989 0.48950210004113515 13.167211136082187 6.2655954952933826
leaf_count=7895 1248 250 35 56514 1930 37 2417 456 120 1518 10643 359 33 39 8182 15754 6780 5587 5284 156 774 35 129 53175 101 136 350 74 799 513
internal_value=0.000342069 -0.000963709 -0.00963846 -0.00922788 -0.019294 -0.00157181 0.00139297 0.0247506 -0.0276727 0.00610327 0.000260132 0.0231029 0.000353384 0.0179754 -0.000426992 -0.00738188 0.00256503 0.0242693 0.00410433 -0.0147486 -0.036356 0.00173921 -0.0738944 0.0383734 0.00169153 0.000202837 0.00639387 0.0283197 0.0356525 0.0186958
internal_weight=1070.56 1016.2 217.094 216.915 130.942 42.034 799.106 54.3635 88.9077 85.9736 68.0704 36.5167 762.589 32.3384 730.251 219.659 510.592 30.6392 21.6109 9.66896 6.18183 3.06816 3.11367 32.7526 3.78785 12.9274 11.8624 17.9032 23.5893 10.4221
internal_count=181323 119965 78766 78731 58601 1967 41199 61358 56634 20130 18538 2407 38792 5659 33133 23936 9197 5620 7626 2342 1094 809 285 53732 557 736 600 1592 1671 872
is_linear=0
shrinkage=0.05


Tree=148
num_leaves=31
num_cat=0
split_feature=23 21 17 23 3 18 8 0 5 12 9 1 0 23 13 1 23 17 15 15 0 17 7 12 6 3 1 1 1 15
split_gain=12.6809 11.7706 12.6791 14.5128 19.6257 17.3762 10.289 9.52205 8.92803 8.099 7.4977 18.5796 10.4462 8.09052 7.3233 6.21187 5.66346 6.99656 9.72197 4.73917 7.87509 7.58511 4.71529 4.2435 3.61803 6.53106 3.95045 3.20776 2.70358 2.61496
threshold=0.45773810148239141 1.0000000180025095e-35 0.67379865050315868 0.071714289486408248 1.0000000180025095e-35 1.0000000180025095e-35 0.75000000000000011 0.92940199375152599 1.0000000180025095e-35 0.76388889551162731 1.0000000180025095e-35 0.91688472032547008 0.66927084326744091 0.48060151934623724 1.0000000180025095e-35 0.99095961451530468 0.11111111566424371 0.20848321169614795 0.44130896031856542 0.53671374917030346 0.93142634630203258 0.99707603454589855 0.9529346525669099 0.36666667461395269 1.0000000180025095e-35 0.96153846383094799 0.99095961451530468 0.99238026142120372 0.63692390918731701 0.4008928537368775
decision_type=2 2 2 2 2 2 2 2 2 2 2 2 2 2 2 2 2 2 2 2 2 2 2 2 2 2 2 2 2 2
left_child=1 7 16 4 -4 8 9 14 -5 10 12 -12 13 -2 22 -7 17 28 -19 24 21 -21 23 -1 26 -26 -9 -18 -3 -14
right_child=6 2 3 5 -6 15 -8 19 -10 -11 11 -13 29 -15 -16 -17 27 18 -20 20 -22 -23 -24 -25 25 -27 -28 -29 -30 -31
leaf_value=-0.0034803712438012655 0.055115875010039062 -0.050012578089066985 0.044793263409154779 -0.0014213058348149044 -0.050633319018402803 0.0064822549617133754 0.03961420570133721 -0.033717315257434183 -0.048159472517997876 0.050057089175060188 0.052625826037144302 -0.17207985773190113 -0.029645619792410136 -0.084633534978100167 0.029059391586956581 -0.028114425914976832 0.033642558636537673 -0.031653814187407814 0.093882997283835479 0.050241752980930837 0.044848772386936492 -0.74310924979308901 0.03909085825094074 0.041343959114412382 0.044195901726346173 -0.0026321810670705136 -0.20322662937394084 -0.015620367851744563 0.00072291180193401671 0.027051406740574709
leaf_weight=56.14522433426464 1.3069792506867148 2.6442808504216364 6.1533670781354877 14.87492539884988 43.317946878669318 105.01393176586134 35.836015967972344 2.7699593911529514 32.634544186061248 6.8372545081656417 1.6029418471734964 2.1588861285708845 2.3481012076372307 4.9888567524030805 63.414881309116026 14.803598560189128 17.947521823836727 28.194794320937948 1.6314824856817711 0.057946336193707704 7.5199023109744303 0.062757603824138641 9.2026802176842448 5.8281258789647827 7.7390405458863816 196.49718707450666 0.39240898319985706 4.0501857184572136 375.01442509086337 15.187871703528797
leaf_count=2964 86 884 5851 932 63003 8769 24474 168 2512 10149 118 27 178 261 22061 1120 1295 17761 522 40 3052 1 895 1485 910 6486 27 165 3832 1295
internal_value=0.000331265 -0.00111716 -0.00511525 -0.0149723 -0.0387639 -0.00793818 0.0208601 0.0062732 -0.033526 0.0013407 -0.0107304 -0.0763312 -0.000375418 -0.0556224 0.0167031 0.00220779 -0.000139503 -0.00147355 -0.024787 -0.0002548 0.0384176 -0.362245 0.00569422 0.000735019 -0.0016795 -0.000857744 -0.0547512 0.0245723 0.000367673 0.0194596
internal_weight=1066.18 995.911 646.281 216.798 49.4713 167.327 70.2669 349.63 47.5095 34.4309 27.5936 3.76183 23.8318 6.29584 134.591 119.818 429.483 407.485 29.8263 215.039 7.64061 0.120704 71.176 61.9734 207.399 204.236 3.16237 21.9977 377.659 17.536
internal_count=181323 144735 106646 82187 68854 13333 36588 38089 3444 12114 1965 145 1820 347 27405 9889 24459 22999 18283 10684 3093 41 5344 4449 7591 7396 195 1460 4716 1473
is_linear=0
shrinkage=0.05


Tree=149
num_leaves=31
num_cat=0
split_feature=13 21 1 0 15 17 15 0 1 12 6 3 18 15 17 11 11 5 24 7 3 7 11 17 17 8 7 18 17 11
split_gain=11.9665 7.44644 9.91235 6.29387 8.12525 6.22874 10.7599 7.03224 5.89197 5.76066 5.53831 7.4363 5.33582 5.21414 6.05854 8.03873 7.92806 4.98808 4.56 4.4171 5.63181 3.75532 2.97516 2.97881 2.83907 2.73667 2.48806 2.34655 3.02332 2.20254
threshold=0.75000000000000011 1.0000000180025095e-35 0.68560534715652477 0.87939393520355236 0.32566948235034948 0.40310543775558477 0.3416177779436112 0.52985739707946788 0.86076942086219799 0.81666666269302379 1.0000000180025095e-35 0.81666666269302379 1.0000000180025095e-35 0.97067421674728405 0.85762548446655285 0.43303571641445165 0.17752101272344592 1.0000000180025095e-35 1.5000000000000002 0.95875850319862377 0.73214286565780651 0.96922349929809581 0.57518798112869274 0.50182482600212108 0.96787095069885265 0.75000000000000011 0.55051019787788402 1.0000000180025095e-35 0.38605175912380224 0.22401433438062671
decision_type=2 2 2 2 2 2 2 2 2 2 2 2 2 2 2 2 2 2 2 2 2 2 2 2 2 2 2 2 2 2
left_child=1 3 18 4 8 6 -6 -7 17 27 19 21 -13 14 15 -4 -16 -1 -3 25 -21 -12 23 -20 -10 -5 -24 28 -2 -11
right_child=9 2 13 10 5 7 -8 -9 24 29 11 12 -14 -15 16 -17 -18 -19 22 20 -22 -23 26 -25 -26 -27 -28 -29 -30 -31
leaf_value=0.031619259696275784 0.047834390343125324 0.038239403766611925 -0.0023153808512269619 -0.035521291484865707 -0.24632678192718738 0.033883240343604265 0.050590357363682371 -0.0060082160838991821 0.041555625699226821 0.0014956329865701366 0.00083161307985282925 -0.0072579977669130135 0.0087828577586386378 0.043876441063451621 -0.050227939259785519 0.020678640764290497 -0.0084548369371624747 -0.016542619379192897 -0.012128239364732035 -0.025695537564879481 -0.17962589584905261 0.058401329834796768 -0.11850797070871158 -0.048159861854562371 0.10664969707200909 0.030339636448757753 0.041672888965937571 0.030049645067077614 -0.015937393047007638 0.042633165511646476
leaf_weight=12.55564552283613 2.1695629399619092 2.285922194219892 450.69393882408622 5.6734849120839481 0.65965640830108785 15.197324318520257 0.5677237278141547 40.461063191876747 25.141914783336691 3.7020035934401703 4.2426342131802803 115.1645198444603 94.286548204545397 5.9987254049628964 12.503469976509221 41.510848023928702 124.01484826905653 9.401746669318527 7.7111098946479641 1.3259150013909677 1.0767586418660355 8.5237546050338988 0.27756336622405742 22.395336690067779 1.7946381149813522 2.1846094309585169 1.9150475165806708 6.0488551402231669 12.963222122431032 26.873811156314332
leaf_count=1002 733 1817 26904 352 50 2337 108 4580 2168 557 405 4478 3572 674 13623 3816 6103 391 3081 102 77 1001 39 42877 113 174 121 5629 1264 53175
internal_value=0.000321446 -0.000883003 -0.00393876 0.00516339 0.0152744 0.00242708 -0.108988 0.004884 0.0302217 0.0237685 0.000562785 0.00222111 -3.7042e-05 -0.0025184 -0.00296106 -0.000376145 -0.0122808 0.0109972 -0.0300059 -0.0353515 -0.0946795 0.0392693 -0.0348359 -0.0389311 0.0458925 -0.0172115 0.0213955 0.00372708 -0.00679454 0.0376524
internal_weight=1059.32 1007.56 669.307 338.258 105.78 56.8858 1.22738 55.6584 48.8939 51.7575 232.478 222.217 209.451 634.722 628.723 492.205 136.518 21.9574 34.585 10.2608 2.40267 12.7664 32.2991 30.1064 26.9366 7.85809 2.19261 21.1816 15.1328 30.5758
internal_count=181323 119965 99055 20910 10749 7075 158 6917 3674 61358 10161 9456 8050 51120 50446 30720 19726 1393 47935 705 179 1406 46118 45958 2281 526 160 7626 1997 53732
is_linear=0
shrinkage=0.05


Tree=150
num_leaves=31
num_cat=0
split_feature=23 24 2 2 8 17 19 23 15 11 11 17 12 0 11 9 3 11 1 0 1 15 27 17 6 5 3 17 17 24
split_gain=11.3731 10.4184 9.98275 16.3594 8.56054 7.65954 21.2562 16.2304 12.4855 7.9695 7.31212 6.38955 6.19065 4.73263 13.3311 8.95005 3.62928 5.72178 3.36 3.26841 3.03881 2.95765 2.92811 2.54295 2.51662 2.27977 1.50701 1.39236 3.33119 2.06155
threshold=0.45773810148239141 6.5000000000000009 1.0000000180025095e-35 0.19090909510850909 0.75000000000000011 0.63034346699714672 1.0000000180025095e-35 0.025000001303851608 0.64824989438056957 0.12060606107115747 0.44097222387790685 0.25087413191795355 0.76388889551162731 0.66927084326744091 0.72474747896194469 1.0000000180025095e-35 0.86607143282890331 0.72474747896194469 0.96536955237388622 0.6776927411556245 0.82779976725578319 0.66797900199890148 1.0000000180025095e-35 0.80447274446487438 1.0000000180025095e-35 1.0000000180025095e-35 0.26785714924335485 0.95389676094055187 0.95471632480621349 4.5000000000000009
decision_type=2 2 2 2 2 2 2 2 2 2 2 2 2 2 2 2 2 2 2 2 2 2 2 2 2 2 2 2 2 2
left_child=2 4 18 10 12 9 7 -7 -8 11 19 -5 13 14 -2 -15 17 -3 -1 26 -12 -18 -22 -19 -21 -11 -4 -6 29 -29
right_child=1 16 3 5 27 6 8 -9 -10 25 20 -13 -14 15 -16 -17 21 23 -20 24 22 -23 -24 -25 -26 -27 -28 28 -30 -31
leaf_value=0.049564450607661376 0.054432716553718313 0.052153785455259519 -0.062345818705009076 0.0023476092568565218 0.048373744534621919 -0.047312396864598844 -0.043424476434722359 0.00520960218954147 -0.0048023848829507566 0.036301239912217058 0.067935335155066987 -0.019475764456549468 0.050054507441448674 0.021531390252549312 -0.093055979961224139 -0.076109819156877284 -0.10010352936814895 -0.61037669752481138 -0.031736981168049842 -0.034481371327480796 -0.14265658374393206 0.019235528473326054 0.016696236304689312 -0.25790790837768068 0.11544961481530353 0.014158385210922398 -0.038614543098176336 0.05030242207422328 0.030482936883043956 -0.26846535097962104
leaf_weight=12.363832459930562 2.358369369118015 0.12128329166443963 10.417278339824412 543.92154437123099 23.393390041630482 15.860140894161303 51.837233335943893 202.67626997598563 35.090570270258468 16.863302746380214 2.2019377424439877 35.744418863760075 6.2682587611488989 16.23276004235959 4.3730180381098762 2.7435928403865537 1.3697660985344557 0.075234305550111458 1.4163997942232516 0.56377319651073665 0.38744692251202639 0.83608634484698985 1.1262436411343513 0.16000127114239149 0.55581181228626519 37.415692760871025 18.696396693820134 0.075944674579658478 9.7286098061304056 0.15271051070885733
leaf_count=13025 135 22 15709 6190 17443 20926 19351 28413 4849 1295 52 8147 10080 1457 216 134 63 4 172 43 92 144 30 52 13 3921 22507 54 6770 14
internal_value=0.000310803 0.0201063 -0.00105061 -0.00164888 0.0239856 -0.000416615 -0.00692075 0.00139785 -0.0278337 0.00271738 -0.0357472 0.0010019 0.00550072 -0.00536272 -0.0413827 0.00741447 -0.0787932 -0.226808 0.0412079 -0.0438821 0.0304448 -0.0548703 -0.024092 -0.370636 0.039951 0.0210377 -0.0471059 0.0417085 0.0260493 -0.162591
internal_weight=1055.03 67.889 987.138 973.358 65.3267 939.409 305.464 218.536 86.9278 633.945 33.9489 579.666 31.976 25.7077 6.73139 18.9764 2.56237 0.356519 13.7802 30.2333 3.71563 2.20585 1.51369 0.235236 1.11959 54.279 29.1137 33.3507 9.95726 0.228655
internal_count=181323 36588 144735 131538 36303 93092 73539 49339 24200 19553 38446 14337 12022 1942 351 1591 285 78 13197 38272 174 207 122 56 56 5216 38216 24281 6838 68
is_linear=0
shrinkage=0.05


Tree=151
num_leaves=31
num_cat=0
split_feature=13 2 11 23 2 8 12 21 17 11 11 1 7 1 0 1 6 1 7 7 1 17 11 17 23 17 15 24 1 15
split_gain=10.6335 6.78317 12.9675 11.9147 6.62927 5.78754 5.37559 5.07691 5.68469 12.7131 7.66481 5.5087 8.85308 4.08658 3.01325 2.83296 2.3747 2.28288 2.20565 2.79819 3.13117 2.12532 2.08586 2.53249 1.85102 1.81617 1.60178 1.53287 1.50566 1.50232
threshold=0.75000000000000011 0.19090909510850909 0.43303571641445165 0.13363095372915271 1.0000000180025095e-35 0.29166667163372045 0.81666666269302379 1.0000000180025095e-35 0.78059476613998424 0.17752101272344592 0.43303571641445165 0.91688472032547008 0.85839599370956432 0.94616025686264049 0.6776927411556245 0.96536955237388622 1.0000000180025095e-35 0.65267154574394237 0.80673459172248851 0.65545505285263073 0.94286730885505687 0.84584116935729992 0.22401433438062671 0.80447274446487438 0.091608393937349333 0.38605175912380224 0.34855434298515325 3.5000000000000004 0.88275891542434703 0.85764944553375255
decision_type=2 2 2 2 2 2 2 2 2 2 2 2 2 2 2 2 2 2 2 2 2 2 2 2 2 2 2 2 2 2
left_child=1 2 4 -4 15 17 18 11 10 -10 -9 12 -7 -13 28 -1 -16 -3 19 -2 21 -21 23 -8 25 -20 -25 -27 -6 -26
right_child=6 5 3 -5 14 7 22 8 9 -11 -12 13 -14 -15 16 -17 -18 -19 24 20 -22 -23 -24 26 29 27 -28 -29 -30 -31
leaf_value=0.047772210570891177 0.022620638445170444 -0.028062262778835445 0.048963139593330832 -0.55644634487801869 -0.047639469934374012 0.0032703470675426909 0.035433671384736083 -0.0012752968464086463 -0.05015680858084063 -0.0060131256727319728 0.031938507974518721 -0.015568553622910051 0.043935855834571685 0.0039665547352932982 -0.032751529804753828 -0.041549659752554882 0.11427822421288698 0.052052318509853118 0.057304828340285066 -0.017596485830237135 0.052001543967768508 -0.081422795630373232 0.042093898846958175 -0.08096715741158203 0.039017678566840068 0.020633776034468431 0.03775494948852573 -0.065511423375593736 0.045937571659325084 -0.022010354541824415
leaf_weight=3.1901027968560802 3.322450389008738 1.0162902084703072 6.7429306441044892 0.082260146504267939 26.973616359377054 34.738153739774134 2.2131796317407892 429.97387498163152 18.123574206721969 162.99285787396366 18.10144228261197 30.200724470254499 21.772274504823145 235.7514713909477 0.56862048929906339 1.2299518059007821 0.53115223103668541 7.1105305867095012 0.66563068010145743 2.6331641602446325 0.89526917692273844 2.5843332194635877 25.050654795806622 1.0703171663917599 7.1902871777128876 0.77948977338382985 0.38677052862476546 1.5299635267001577 0.43682124529732291 1.1729291717929298
leaf_count=1211 1248 379 3261 7 38078 2080 456 22671 24876 8521 1781 2504 2162 11667 36 96 9 568 73 466 453 175 53175 43 4575 324 58 57 58 255
internal_value=0.000300025 -0.00082017 -0.0210585 0.0416665 -0.034059 1.81298e-05 0.0229223 -0.000340669 -0.00295511 -0.0104304 6.64815e-05 0.00476064 0.0189379 0.00174821 -0.0428922 0.022917 0.0382588 0.0420337 0.00354695 -0.0143131 -0.0343875 -0.049211 0.0369362 0.00173367 0.0184092 -0.0154626 -0.0494535 -0.0364356 -0.0461482 0.0304586
internal_weight=1049.03 999.537 39.7555 6.82519 32.9303 959.781 49.4944 951.654 629.192 181.116 448.075 322.463 56.5104 265.952 28.5102 4.42005 1.09977 8.12682 20.7735 9.43522 6.11277 5.2175 28.7209 3.67027 11.3383 2.97508 1.45709 2.30945 27.4104 8.36322
internal_count=181323 119965 42756 3268 39488 77209 61358 76262 57849 33397 24452 18413 4242 14171 38181 1307 45 947 7626 2342 1094 641 53732 557 5284 454 101 381 38136 4830
is_linear=0
shrinkage=0.05


Tree=152
num_leaves=31
num_cat=0
split_feature=23 24 3 3 21 16 11 0 13 12 11 11 0 8 15 0 15 12 0 24 6 12 23 23 15 21 11 11 12 11
split_gain=10.2966 9.45182 9.01613 12.0277 8.21726 9.41876 32.9378 7.76014 6.91721 6.75736 5.47158 10.0926 7.04992 4.69858 4.37994 4.021 6.74573 4.4545 3.92966 3.77664 3.04739 2.47695 2.77201 2.2495 2.44755 1.44646 1.13224 1.05984 1.03305 0.454039
threshold=0.45773810148239141 4.5000000000000009 1.0000000180025095e-35 0.30952382087707525 1.0000000180025095e-35 1.0000000180025095e-35 0.13100686669349673 0.92940199375152599 1.0000000180025095e-35 0.46428571641445165 0.72474747896194469 0.72902098298072826 0.64760348200798046 0.75000000000000011 0.53671374917030346 0.47871376574039465 0.85307607054710399 0.46428571641445165 0.66927084326744091 5.5000000000000009 1.0000000180025095e-35 0.76388889551162731 0.48060151934623724 0.47368423640728002 0.92508503794670116 1.0000000180025095e-35 0.19292803853750232 0.1695402339100838 0.88194444775581371 0.98148149251937877
decision_type=2 2 2 2 2 2 2 2 2 2 2 2 2 2 2 2 2 2 2 2 2 2 2 2 2 2 2 2 2 2
left_child=2 13 20 18 7 19 -7 8 -5 10 23 -12 -13 15 -9 16 17 -2 25 -6 -1 22 -17 -3 -25 26 -4 -22 -27 -15
right_child=1 9 3 4 5 6 -8 14 -10 -11 11 12 -14 29 -16 21 -18 -19 -20 -21 27 -23 -24 24 -26 28 -28 -29 -30 -31
leaf_value=0.049931699096055229 -0.2676449704194736 0.059657192467734481 -0.05261416678755694 0.0045032712009449799 3.5581957255141362e-05 -0.049720127045249349 -0.0030702622254805282 -0.001778948580176969 0.028334867984929447 0.050072155453894221 -0.3247415383530084 -0.18417925832853613 -0.011633156174902863 0.046418455547785779 0.037824039297178647 0.047219642803709654 0.052019351827302662 0.050074700365458573 0.073527539505997219 0.045924182580164251 -0.04833577297985478 0.050052214203071044 0.0011697021096851077 -0.032947685758807882 0.053528460481631068 -0.051557268967493679 -0.15822606743651801 0.05097203890903558 -0.13276686840463703 0.018996769735971187
leaf_weight=11.160794537427133 0.46076182578690594 0.98712968267500212 0.4168133240309515 66.914331767649855 371.25977310340386 46.830991862589144 197.05580511438893 205.75097485329024 55.872255237016361 3.0220552433747789 0.3931699977256361 0.79600668489001725 2.3097384294960648 23.883467954321535 7.2267802953138007 4.1262387064634884 0.5353735227836296 0.14504765800666064 0.5663704839244027 4.5385073348879805 1.1706990988459445 5.0236695074127047 15.711025449389124 5.9448002899880521 0.94883238396141667 8.5256930376926867 0.64880625566001981 0.34868877942790266 0.410455359786284 1.6113875509763591
leaf_count=12975 12 27 112 4195 4209 64220 15292 7573 17172 4492 9 28 150 17062 3079 377 343 232 22 50 92 8701 1371 351 45 15524 7 130 83 3388
internal_value=0.000288258 0.0194188 -0.000999862 -0.00154969 -0.000962925 -0.00437612 -0.0120279 0.00533646 0.0153475 -0.0163886 -0.0340383 -0.0860713 -0.055857 0.0294328 -0.000435136 0.0144779 -0.0772949 -0.191574 -0.0545982 0.000589778 0.0408878 0.0186905 0.0107483 -0.0109366 -0.0210452 -0.0618535 -0.116916 -0.0255453 -0.0552874 0.0446853
internal_weight=1044.6 65.8987 978.698 966.018 955.449 619.685 243.887 335.764 122.787 14.4017 11.3797 3.49892 3.10575 51.497 212.978 26.0021 1.14118 0.605809 10.5681 375.798 12.6802 24.8609 19.8373 7.88076 6.89363 10.0018 1.06562 1.51939 8.93615 25.4949
internal_count=181323 36588 144735 131538 115790 83771 79512 32019 21367 5102 610 187 178 31486 10652 11036 587 244 15748 4259 13197 10449 1748 423 396 15726 119 222 15607 20450
is_linear=0
shrinkage=0.05


Tree=153
num_leaves=31
num_cat=0
split_feature=23 2 2 2 1 26 12 17 18 23 15 11 17 11 23 8 2 1 0 15 1 6 18 3 11 12 9 12 11 17
split_gain=9.54386 9.06095 8.53514 13.5557 8.26514 76.1352 7.78353 6.70455 16.1708 11.1432 11.0995 7.50746 9.54353 6.36442 5.98151 7.68452 5.11242 2.92915 2.82541 2.73142 2.68449 2.22886 2.10183 1.51679 1.00182 0.56717 0.401144 0.75464 1.27804 1.8928
threshold=0.45773810148239141 0.89444443583488475 1.0000000180025095e-35 0.19090909510850909 0.98896396160125744 1.0000000180025095e-35 0.76388889551162731 0.72104203701019298 1.0000000180025095e-35 0.025000001303851608 0.65319725871086132 0.12060606107115747 0.25087413191795355 0.44097222387790685 0.48060151934623724 0.41666667163372045 0.76388889551162731 0.96536955237388622 0.6776927411556245 0.29695235192775732 0.82779976725578319 1.0000000180025095e-35 1.0000000180025095e-35 0.30952382087707525 0.1695402339100838 0.23611111193895343 1.0000000180025095e-35 0.23611111193895343 0.61721614003181469 0.96309915184974682
decision_type=2 2 2 2 2 2 2 2 2 2 2 2 2 2 2 2 2 2 2 2 2 2 2 2 2 2 2 2 2 2
left_child=2 4 17 13 6 -6 14 11 10 -10 -9 12 -5 18 16 -16 -2 -1 23 -13 25 -20 -22 -4 -19 -15 -3 28 -28 -30
right_child=1 26 3 7 5 -7 -8 8 9 -11 -12 19 -14 20 15 -17 -18 24 21 -21 22 -23 -24 -25 -26 -27 27 -29 29 -31
leaf_value=0.049348403549092812 0.053189371640105655 0.050247419131227947 -0.062096745781834689 0.0021445560391441772 -4.2551711416787708 0.050054649375061856 0.050046598783023671 -0.044222543476228837 -0.046371631038670154 0.003625170839253674 -0.0053080173913073563 0.02905973774211202 -0.022304068552047307 0.034764473658620558 -0.15656213869834257 -0.011169333700379005 -0.046894181979338638 -0.053750405712003561 -0.03150560877746416 0.0097104975154575814 -0.11527695910913674 0.11156719190541559 0.014267665931412769 -0.036839885510938905 0.051024767258779295 0.086477264712764165 0.050588086642031363 0.050348462229452023 -0.029138053874450915 0.050868979528605252
leaf_weight=10.7864441468555 6.3600752681668373 12.093335737416055 9.115315237577315 542.56276476191124 0.01161386026069422 0.088690370903350413 8.0682995466922858 41.218176044334541 11.876289687235838 180.90708972219727 32.990334895497654 28.811551051039714 43.085056964686373 0.94758721813559521 0.94405585335335018 24.339256304665469 1.5962053697730878 1.0076714842580248 0.57289653262705431 49.703730712062679 0.43932675186078962 0.5186498089460656 1.0898596937477123 17.087987310718745 0.29491749688168045 1.203812985186232 2.5258683801512234 5.4349608808988705 1.8616093718446793 1.2261498718289656
leaf_count=13025 595 10227 15718 6190 26 145 14782 15460 17898 25782 4578 2404 14716 7 42 1898 72 89 43 6064 27 13 95 22498 83 45 484 7723 417 177
internal_value=0.000278109 0.0188969 -0.000955542 -0.00148014 0.00489252 -0.448432 0.00599328 -0.00039768 -0.00708932 0.000545152 -0.0269226 0.00229234 0.000345915 -0.03402 -0.00469985 -0.0165982 0.0331104 0.0407956 -0.0423426 0.0168108 0.0276995 0.0364756 -0.0229498 -0.045626 -0.0300284 0.0637003 0.0439552 0.0370681 0.0242104 0.00263276
internal_weight=1038.77 64.5501 974.219 962.13 41.4082 0.100304 41.3079 931.155 266.992 192.783 74.2085 664.163 585.648 30.9754 33.2396 25.2833 7.95628 12.089 27.2948 78.5153 3.68059 1.09155 1.52919 26.2033 1.30259 2.1514 23.1419 11.0486 5.61363 3.08776
internal_count=181323 36588 144735 131538 17560 171 17389 93092 63718 43680 20038 29374 20906 38446 2607 1940 667 13197 38272 8468 174 56 122 38216 172 52 19028 8801 1078 594
is_linear=0
shrinkage=0.05


Tree=154
num_leaves=31
num_cat=0
split_feature=23 8 21 17 11 18 5 0 24 7 11 17 13 24 7 11 24 11 24 26 9 1 1 24 23 17 17 23 23 12
split_gain=9.25254 8.59383 8.09912 9.25061 21.9448 12.4603 8.51871 7.46647 7.21785 10.3723 6.51121 15.8796 6.38575 5.25732 6.71251 5.22473 4.74966 4.23318 3.83499 4.49689 3.61698 5.01185 4.33303 3.50823 3.45247 4.34271 5.82289 4.68108 4.26279 7.49973
threshold=0.45773810148239141 0.75000000000000011 1.0000000180025095e-35 0.67379865050315868 0.17752101272344592 1.0000000180025095e-35 1.0000000180025095e-35 0.92940199375152599 4.5000000000000009 0.52679425477981578 0.13100686669349673 0.20848321169614795 1.0000000180025095e-35 3.5000000000000004 0.86729559302330028 0.045983087271451957 1.5000000000000002 0.11269841343164445 6.5000000000000009 1.0000000180025095e-35 1.0000000180025095e-35 0.77524530887603771 0.91688472032547008 5.5000000000000009 0.30769233405590063 0.96309915184974682 0.95017731189727794 0.26598639786243444 0.45119048655033117 0.23611111193895343
decision_type=2 2 2 2 2 2 2 2 2 2 2 2 2 2 2 2 2 2 2 2 2 2 2 2 2 2 2 2 2 2
left_child=2 8 7 10 -5 6 -6 12 -2 -10 11 23 15 -12 -15 -1 -7 -17 -3 -20 21 -11 -22 -4 25 26 -9 -27 -26 -30
right_child=1 18 3 4 5 16 -8 24 9 20 13 -13 -14 14 -16 17 -18 -19 19 -21 22 -23 -24 -25 28 27 -28 -29 29 -31
leaf_value=-0.062795574508732063 0.013979914089387533 0.040693526424044314 -0.00018395528444750016 -0.050140552178777664 0.0023647969649085564 -0.053220275398353924 -0.040686944828583038 -0.0012424585129896131 -0.63623371704000575 -0.13741826369636917 0.040571621321673829 -0.049272085501208776 0.027048012045663691 -0.053129549592909157 0.022294999837506827 0.03505800735753134 0.004718389252108943 0.0016174384348145367 -0.18743815843488268 0.05115771237547885 0.051997863015629975 0.00675709131091164 -0.11823759142598685 0.044633970739727628 0.042503366588931141 -0.035002344858512148 0.09478576019325663 -0.2224548892708631 -0.56024092799205083 0.05014161898338907
leaf_weight=2.7620149252470574 25.569155835488345 29.876377674430845 372.26598807109986 33.272057138994569 17.231611721043009 3.6470496839901889 34.486518025310943 199.53338868566789 0.072509338555390879 0.69396505531040009 17.108607575850332 16.849155214207713 58.401845369749935 4.2560241129249325 9.6117216308775806 11.438877694658002 117.48687125617289 54.806203285785159 0.40429293032502656 0.38605342281516641 0.46143391591613214 4.5872076071100309 1.9680602981534319 4.4182364940643302 6.3848872625094364 4.1714177561225361 1.5912207623478014 0.36194262266508292 0.081897013238631078 0.1305397444521077
leaf_count=529 11036 24281 4631 63475 4304 851 2797 6934 23 96 2344 16520 22061 230 682 211 10760 4604 53 140 246 638 75 52 2981 439 135 79 14 102
internal_value=0.000302328 0.0187131 -0.00091239 -0.00426492 -0.0129554 -0.00579773 -0.0263428 0.00531205 0.00114683 -0.0410122 -4.51656e-05 -0.00178249 0.0148803 0.0220264 -0.000852865 0.00458254 0.002974 0.00739179 0.0378177 -0.0708934 -0.0354149 -0.0121881 -0.0859048 0.000341727 -0.000431412 -0.00157355 -0.00048272 -0.0499685 0.0351722 -0.185168
internal_weight=1034.32 64.0191 970.298 630.634 206.124 172.852 51.7181 339.664 33.3523 7.78318 424.51 393.533 127.409 30.9764 13.8677 69.0071 121.134 66.2451 30.6667 0.790346 7.71067 5.28117 2.42949 376.684 212.255 205.658 201.125 4.53336 6.59732 0.212437
internal_count=181323 36588 144735 106646 82187 18712 7101 38089 12114 1078 24459 21203 27405 3256 912 5344 11611 4815 24474 193 1055 734 321 4683 10684 7587 7069 518 3097 116
is_linear=0
shrinkage=0.05


Tree=155
num_leaves=31
num_cat=0
split_feature=11 21 12 17 11 18 0 11 17 11 11 9 3 7 0 15 15 17 7 12 11 17 18 0 9 17 24 0 14 12
split_gain=8.19463 7.74271 7.01041 6.54178 16.4401 11.2699 10.1586 8.94806 7.86098 6.40547 5.22729 4.11555 10.6003 8.87315 4.7024 4.02091 10.2551 3.98764 3.69399 3.65956 4.93668 7.86343 3.08343 3.02511 5.00775 3.68671 2.97742 6.08593 2.84497 2.75349
threshold=0.82085561752319347 1.0000000180025095e-35 0.41428571939468389 0.7649616301059724 0.17752101272344592 1.0000000180025095e-35 0.72821971774101268 0.43303571641445165 0.67379865050315868 0.13100686669349673 0.13714733719825747 1.0000000180025095e-35 0.96153846383094799 0.76533168554306041 0.61602565646171581 0.73183304071426403 0.80565547943115245 0.99707603454589855 0.93142634630203258 0.81666666269302379 0.91485509276390087 0.91695404052734386 1.0000000180025095e-35 0.93142634630203258 1.0000000180025095e-35 0.53615716099739086 4.5000000000000009 0.64760348200798046 1.0000000180025095e-35 0.73214286565780651
decision_type=2 2 2 2 2 2 2 2 2 2 2 2 2 2 2 2 2 2 2 2 2 2 2 2 2 2 2 2 2 2
left_child=1 2 11 7 -5 6 -6 8 10 23 -3 15 14 -14 -13 22 -17 -7 -10 20 26 -22 -1 25 -25 -4 29 -28 -9 -2
right_child=19 3 9 4 5 17 -8 28 18 -11 -12 12 13 -15 -16 16 -18 -19 -20 -21 21 -23 -24 24 -26 -27 27 -29 -30 -31
leaf_value=0.0027812350087207996 0.034115942535358802 -0.0016760830984977667 0.054007531601718353 -0.050115799628640795 -0.041339013698209665 0.006179765176499926 0.0036543900277918894 -0.12358104909223287 -0.015070948190320455 0.040446610965365976 0.021830098422496391 -0.06511120704337113 -0.11723649775204348 -0.0062921050202688613 0.052804935674370203 -0.052653691488967092 0.023395073924165295 -0.02085625095773742 -0.058318990338254377 0.046339781851890388 -0.33657241142233396 -0.015502540799177575 0.016978206739265159 -0.056023179875937634 0.011184081178551341 -0.052330535687685469 -0.16782699723329789 0.051310687210067298 0.036644184290778502 -0.06478095640659047
leaf_weight=69.245123461558251 9.5503177155042032 393.49310515375691 4.1447014245786731 23.885042583075119 34.224305204494158 104.44228104181821 19.804752173426095 0.28143282467499631 12.829148850811182 25.554361810034607 25.163636746699922 0.92190397612284769 1.8298118608072389 119.50799072056543 10.201914538629351 8.839326513581911 8.8927086830080935 15.687153958249835 8.0265921302197949 13.310806492896518 0.25649689996498715 0.74342348359641619 85.431361906375969 4.291943895746952 7.825251875910908 1.0146122733131049 0.61177937797037774 0.65718337922589853 17.785259642638266 0.75980774950585406
leaf_count=3308 1365 21266 173 49662 2570 10425 2100 9 10966 29381 1774 53 56 4503 888 871 779 1069 3410 25513 24 150 5623 44 81 14 27 130 4939 150
internal_value=0.000291494 -0.000425187 0.00560624 -0.00362388 -0.0112157 -0.00588068 -0.0248463 -0.000338097 -0.0017557 0.0245479 -0.000263229 0.00294515 -0.00368252 -0.00796518 0.0430324 0.00803719 -0.0145148 0.00264926 -0.0317155 0.0280655 0.00872801 -0.0978625 0.0106225 0.00103145 -0.0126209 0.0330955 0.0179327 -0.0543377 0.0341483 0.0268277
internal_weight=1029.21 1003.32 347.701 655.623 198.044 174.158 54.0291 457.579 439.512 42.8309 418.657 304.87 132.462 121.338 11.1238 172.409 17.732 120.129 20.8557 25.8898 12.579 0.99992 154.676 17.2765 12.1172 5.15931 11.5791 1.26896 18.0667 10.3101
internal_count=181323 153964 45774 108190 65826 16164 4670 42364 37416 29693 23040 16081 5500 4559 941 10581 1650 11494 14376 27359 1846 174 8931 312 125 187 1672 157 4948 1515
is_linear=0
shrinkage=0.05


Tree=156
num_leaves=31
num_cat=0
split_feature=23 2 2 2 24 11 17 18 23 15 11 16 12 23 8 11 1 1 24 24 21 5 27 23 13 11 1 23 11 24
split_gain=8.3319 8.08479 7.87938 12.044 6.66295 5.99406 5.53276 15.6584 12.3263 10.8786 5.79897 5.08183 4.3819 4.83037 6.2505 3.42466 2.68054 2.49578 2.47959 2.08855 2.34878 2.07669 1.81612 1.63672 2.52827 1.55373 1.38501 6.02608 0.942056 0.664366
threshold=0.45773810148239141 0.89444443583488475 1.0000000180025095e-35 0.19090909510850909 6.5000000000000009 0.44097222387790685 0.63034346699714672 1.0000000180025095e-35 0.025000001303851608 0.64824989438056957 0.12060606107115747 1.0000000180025095e-35 0.76388889551162731 0.48060151934623724 0.41666667163372045 0.59545454382896434 0.96536955237388622 0.82779976725578319 8.5000000000000018 3.5000000000000004 1.0000000180025095e-35 1.0000000180025095e-35 1.0000000180025095e-35 0.48819445073604589 1.0000000180025095e-35 0.19292803853750232 0.98896396160125744 0.59299960732460033 0.1695402339100838 4.5000000000000009
decision_type=2 2 2 2 2 2 2 2 2 2 2 2 2 2 2 2 2 2 2 2 2 2 2 2 2 2 2 2 2 2
left_child=2 4 16 5 12 19 10 9 -9 -8 11 -5 13 15 -15 -2 -1 -7 23 20 -4 -12 -19 -6 -25 -21 -14 -28 -18 -3
right_child=1 29 3 6 18 17 7 8 -10 -11 21 -13 26 14 -16 -17 28 22 -20 25 -22 -23 -24 24 -26 -27 27 -29 -30 -31
leaf_value=0.049296272951805178 -0.041798422045361959 0.047340399221681824 -0.00080717011247171213 0.0022500687250448324 -0.18142703063472046 0.062384396353743203 -0.039127751114635526 -0.04655321007972648 0.0043915246029803635 -0.0029667338364666629 0.033369702802416322 -0.0150357302974523 0.050042710792761173 -0.12582619702617251 -0.0034658115133306719 0.052622525712805041 -0.053435425058541867 -0.10673728850840836 0.060515119913965798 -0.049389314015163534 -0.042839935424665986 0.011668695224491678 0.013382962023718557 -0.099354161351809064 0.051385301186484093 -0.098476100857308957 0.050972682632317738 -0.3276175769606185 0.050981054912711134 0.023806734247548415
leaf_weight=10.011092496977652 1.1413087637047308 17.371285685483603 4.5469732746132712 528.79237469413783 0.41219986291252997 2.101280198723543 49.81735904343077 12.630604162230155 198.04943730554078 35.705276117427275 15.886085480800828 46.23661244509276 7.1745881556125815 1.0946252944995674 22.431063461786835 6.0561762971919961 0.93518179305828997 0.44443464308278624 0.30508430468034919 6.2938876665430126 12.352685772348197 36.022856186842546 1.0776933364104477 1.4857041207142172 0.34224885771982361 2.1671648333140183 0.51458412848296564 0.13208821640000679 0.28089455049484968 3.6247083348280276
leaf_count=13025 41 16410 209 5906 16 52 19351 20926 28413 4849 1295 8431 14665 39 1870 628 89 92 24 15925 21940 3921 30 13 110 198 103 51 83 2618
internal_value=0.000283065 0.0180366 -0.000861105 -0.00135214 0.00513893 -0.0330888 -0.000355692 -0.0059872 0.00133731 -0.0240307 0.00230497 0.000860162 0.0103129 0.00180684 -0.00915911 0.0376501 0.0407813 0.0270663 -0.0732137 -0.0416835 -0.0315307 0.01831 -0.02169 -0.0914261 -0.0711311 -0.0619621 0.0437258 -0.0263575 -0.0293169 0.0432776
internal_weight=1025.44 62.0857 963.352 952.125 41.0897 28.9841 923.141 296.203 210.68 85.5226 626.938 575.029 38.5444 30.7232 23.5257 7.19749 11.2272 3.62341 2.54524 25.3607 16.8997 51.9089 1.52213 2.24015 1.82795 8.46105 7.82126 0.646672 1.21608 20.996
internal_count=181323 36588 144735 131538 17560 38446 93092 73539 49339 24200 19553 14337 17397 2578 1909 669 13197 174 163 38272 22149 5216 122 139 123 16123 14819 154 172 19028
is_linear=0
shrinkage=0.05


Tree=157
num_leaves=31
num_cat=0
split_feature=13 2 11 8 23 2 12 0 0 7 2 2 24 7 0 1 18 0 0 1 9 11 17 7 7 11 24 24 11 2
split_gain=7.80672 4.94199 10.0455 5.71807 5.60798 4.99991 4.73521 4.00309 6.48495 19.2297 10.5703 5.77469 4.19824 4.0625 2.59485 2.20725 2.12526 2.10309 2.03396 1.90713 1.89347 1.84227 2.31282 1.77175 5.91103 1.71317 1.47613 1.30466 0.929231 0.675088
threshold=0.75000000000000011 0.19090909510850909 0.43303571641445165 0.29166667163372045 0.13363095372915271 1.0000000180025095e-35 0.81666666269302379 0.36899313330650335 0.65261757373809826 0.90976935625076305 0.82575756311416637 0.37980769574642187 2.5000000000000004 0.25962962210178381 0.6776927411556245 0.96536955237388622 1.0000000180025095e-35 0.76533168554306041 0.76230832934379589 0.65267154574394237 1.0000000180025095e-35 0.22401433438062671 0.80447274446487438 0.93813776969909679 0.93582704663276683 0.12060606107115747 3.5000000000000004 3.5000000000000004 0.15075758099555972 0.27922078967094427
decision_type=2 2 2 2 2 2 2 2 2 2 2 2 2 2 2 2 2 2 2 2 2 2 2 2 2 2 2 2 2 2
left_child=1 2 5 19 27 15 17 11 9 -9 -10 12 -5 -13 26 -1 -16 18 23 -3 -20 22 -8 24 -2 -19 -7 -4 -24 -21
right_child=6 3 4 7 -6 14 21 8 10 -11 -12 13 -14 -15 16 -17 -18 25 20 29 -22 -23 28 -25 -26 -27 -28 -29 -30 -31
leaf_value=0.046780330739387962 -0.0089805760031604533 -0.025310871355432436 0.058033886951293495 0.016144058350539586 -0.24832265965325054 -0.035092963420735028 0.03538530752636692 -0.018653123914512626 0.0099329614918376823 0.018648909141183032 -0.0030582621270921987 -0.17839078573466735 -0.032418389814961653 0.038514025238375764 0.10678911522798061 -0.039869173203293556 -0.03495704058603763 -0.02023207090142997 0.050186259443347529 0.026288588158732758 -0.25318810837384537 0.040766682108914265 -0.091113569002592695 0.046624740549738454 -0.35223948220467399 0.041369633420691457 -0.061960046771363901 -0.001214318023978147 -0.0093673194113056257 0.061603352371354204
leaf_weight=2.608969458640789 11.438351631368274 0.90500174020416935 4.7921089518058571 10.798870293365328 0.16574171162210394 15.231978721218189 2.0209229502943376 138.5597650208656 231.91466071628383 46.026909053558484 481.98941266688053 0.21850311150774615 7.5704255754972101 17.922111170861172 0.52942239423282333 1.0231884687673298 0.52834575471933931 1.4890241696266446 0.076117205317132952 1.8627742078388108 0.15859909221762791 21.363950366794597 0.66441260627470888 1.4098738421744208 0.12680840346729461 4.6632458900276106 7.6951305327966102 1.1526422032038679 0.7291486335452646 4.9477774543338455
leaf_count=1211 2672 379 3241 5075 7 22054 456 20427 15208 6557 21269 12 6321 1393 13 96 32 41 63 230 3 53175 29 793 29 4025 16082 20 72 338
internal_value=0.000272204 -0.000657564 -0.0194635 1.52558e-05 0.0385481 -0.032299 0.0208399 -0.000338482 -0.000997975 -0.00935182 0.00116199 0.0158913 -0.00386969 0.0359014 -0.040578 0.0223709 0.0359882 0.00231383 -0.00893206 0.0428826 -0.154805 0.0353162 0.0012136 -0.00629323 -0.0127443 0.0264603 -0.0441105 0.0465461 -0.0483417 0.0519443
internal_weight=1020.58 976.444 33.7275 942.716 6.11049 27.617 44.1405 935.001 898.491 184.587 713.904 36.5099 18.3693 18.1406 23.9849 3.63216 1.05777 19.362 13.2098 7.71555 0.234716 24.7784 3.41448 12.975 11.5652 6.15227 22.9271 5.94475 1.39356 6.81055
internal_count=181323 119965 42756 77209 3268 39488 61358 76262 63461 26984 36477 12801 11396 1405 38181 1307 45 7626 3560 947 66 53732 557 3494 2701 4066 38136 3261 101 568
is_linear=0
shrinkage=0.05


Tree=158
num_leaves=31
num_cat=0
split_feature=23 2 2 2 24 23 17 18 15 23 26 3 0 12 23 1 2 1 0 1 23 23 13 12 0 24 1 1 24 17
split_gain=7.4044 7.80923 7.12937 10.4427 5.92736 5.40431 5.30249 11.871 9.48566 8.26589 6.42377 9.87859 8.62803 4.07522 4.4939 5.16326 2.82771 2.75517 2.52009 2.42269 2.17149 2.45464 2.54366 2.12225 1.89995 1.79179 1.37836 5.59085 0.679429 2.25481
threshold=0.45773810148239141 0.89444443583488475 1.0000000180025095e-35 0.19090909510850909 6.5000000000000009 0.071714289486408248 0.74210175871849071 1.0000000180025095e-35 0.69261056184768688 0.025000001303851608 1.0000000180025095e-35 0.83974358439445507 0.75219297409057628 0.76388889551162731 0.48060151934623724 0.94997555017471325 0.82575756311416637 0.85620927810668956 0.6776927411556245 0.96536955237388622 0.47673161327838903 0.48819445073604589 1.0000000180025095e-35 0.73214286565780651 0.680425524711609 3.5000000000000004 0.98896396160125744 0.98960864543914806 4.5000000000000009 0.95389676094055187
decision_type=2 2 2 2 2 2 2 2 2 2 2 2 2 2 2 2 2 2 2 2 2 2 2 2 2 2 2 2 2 2
left_child=2 4 19 5 13 18 10 8 -8 -9 11 -5 -12 14 16 -16 -2 -7 25 -1 -6 -22 -23 -19 -20 -4 -15 -28 -3 -30
right_child=1 28 3 6 20 17 7 9 -10 -11 12 -13 -14 26 15 -17 -18 23 24 -21 21 22 -24 -25 -26 -27 27 -29 29 -31
leaf_value=0.049064359736852858 0.049496855103745629 0.047160639267536754 -0.032581524642900386 0.0039128717129089628 0.060098035305568398 0.079038123997137735 -0.039512657562630164 -0.045281352349182881 -0.0026372434967833827 0.0027609434854731891 -0.021440453224871141 0.032984117270881207 0.0012447279599308108 0.050040687049815347 -0.024459316757380126 0.026037041433477705 -0.045198927241445308 0.010957133213015783 0.12628170935833902 -0.028631451688501341 -0.2026023911209629 -0.091643833736599414 0.051298015364610844 -0.15455540276041002 -0.012497782722619741 -0.061609965215137175 -0.30607653293301623 0.050970404361571568 0.050834173531321948 -0.034547232614241793
leaf_weight=9.1730736277531815 6.005529151705562 16.395109528355537 15.333033359798726 129.70399630760949 0.28968830022495184 1.5398579104221419 40.931645581571502 9.4435342408251 30.385751425928902 172.46247419362771 46.194023636067868 37.720042492554057 452.46458762758994 6.6287166681431691 16.288216975488471 7.3450276595540336 0.90746213975944545 1.0001640898408366 0.37454557741875649 1.1265447583282355 0.37266036492656018 1.5163453547284005 0.39160632414859708 0.24018639989662904 0.72208455033251084 8.1370342308364343 0.14002600964158762 0.50523650093236938 2.3665287184703625 1.1485357344499787
leaf_count=13025 635 16410 22112 11360 12 58 14717 17024 4147 24794 6164 4162 10724 14665 1018 891 34 38 9 172 6 14 131 64 51 16114 18 136 1946 672
internal_value=0.000262295 0.0172559 -0.000808524 -0.00125868 0.00462273 -0.0317066 -0.000352938 -0.00651168 -0.0238014 0.000266858 0.00198842 0.0104625 -0.000856749 0.00961606 0.00160683 -0.00876544 0.0370662 0.0343659 -0.039184 0.0405662 -0.0688508 -0.0852302 -0.0623051 -0.0210934 0.0349013 -0.0426456 0.0432499 -0.026511 0.0428839 0.0229361
internal_weight=1017.25 60.3007 956.953 946.653 40.3905 27.3469 919.306 253.223 71.3174 181.906 666.083 167.424 498.659 37.8202 30.5462 23.6332 6.91299 2.78021 24.5667 10.2996 2.5703 2.28061 1.90795 1.24035 1.09663 23.4701 7.27398 0.645263 19.9102 3.51506
internal_count=181323 36588 144735 131538 17560 38446 93092 60682 18864 41818 32410 15522 16888 17397 2578 1909 669 160 38286 13197 163 151 145 102 60 38226 14819 154 19028 2618
is_linear=0
shrinkage=0.05


Tree=159
num_leaves=31
num_cat=0
split_feature=15 21 11 15 0 0 0 0 0 2 26 8 9 5 15 13 23 23 9 3 12 2 17 17 0 17 15 15 11 11
split_gain=7.0959 7.24822 7.73574 5.70211 8.42865 6.5507 29.1515 5.89069 5.12459 14.6518 22.319 11.1828 12.1302 10.1307 9.63544 9.45461 8.26204 6.70727 10.9596 7.39262 3.87135 3.79528 2.9425 6.64286 2.62148 2.47138 0.436552 2.89578 0.346018 3.49587
threshold=0.97067421674728405 1.0000000180025095e-35 0.45804196596145635 0.7009827494621278 0.87939393520355236 0.65545505285263073 0.64365079998970043 0.88303694128990184 0.66369047760963451 0.89444443583488475 1.0000000180025095e-35 0.75000000000000011 1.0000000180025095e-35 1.0000000180025095e-35 0.42438536882400518 1.0000000180025095e-35 0.57207792997360241 0.29372550547122961 1.0000000180025095e-35 0.81666666269302379 0.36666667461395269 0.43650794029235845 0.9283144772052766 0.93030616641044628 0.9529346525669099 0.86855396628379833 0.2927700281143189 0.29120069742202764 0.8441295623779298 0.84807693958282482
decision_type=2 2 2 2 2 2 2 2 2 2 2 2 2 2 2 2 2 2 2 2 2 2 2 2 2 2 2 2 2 2
left_child=1 2 3 4 21 6 -5 -6 9 10 16 17 15 -12 -14 -13 -3 19 -19 -10 22 -1 25 -24 -7 -4 27 -22 -2 -30
right_child=28 8 20 5 7 24 -8 -9 11 -11 13 12 14 -15 -16 -17 -18 18 -20 -21 26 -23 23 -25 -26 -27 -28 -29 29 -31
leaf_value=0.0059252873213498057 0.052825156746058782 -0.0042440896548858976 0.0092631304109037828 -0.05026542686759429 -0.12314779223266709 -0.018414932021925994 -0.64943842582896938 0.00024981816894838714 0.011610018092559538 0.053489837708651317 -0.031090390854940603 -0.036854047008265237 0.00038234885511450575 -0.091680647955919778 0.037636049931377445 -0.007987522021125501 -0.11363809316622858 0.0096661076642908517 -0.059062415951049642 0.047138629337593899 0.050090136697698628 0.029180470330853643 -0.15741147269622643 0.004342770057874693 0.050370183453557593 0.051397127664726906 0.0500998932412881 -0.13967081696907721 -0.083082704434497903 0.050426573773395725
leaf_weight=30.295492984034354 4.8921860117989109 170.23075226455694 7.5608296733989864 3.9255065213947082 0.97138308122521166 7.123391950997755 0.21407035042648193 221.75996024342021 41.536641834813054 8.8091557396983244 20.446844210018753 36.392451716819778 154.85223065357422 10.411686131323224 19.547988952952437 128.60875632995158 1.7436780587886449 36.032953812100459 6.9133443883038117 22.611919395887526 1.3885388602793671 41.685221575637115 0.68648731667781149 8.4173590859572851 1.7195157027745152 6.4485864408779889 13.11210665098042 0.23508169277920377 0.56127827076124948 3.8778813411918236
leaf_count=3012 544 65520 1007 544 94 1013 41 9558 3172 1623 16108 6024 6449 1224 5425 8044 589 6547 747 982 2581 6300 41 1206 566 748 23855 27 46 7686
internal_value=0.00025331 -0.000150187 0.00571382 0.00308999 0.00451858 -0.0293401 -0.0812505 -0.000288347 -0.00322898 -0.00963737 -0.012379 -0.000191361 -0.00463627 -0.0515336 0.004558 -0.0143543 -0.00535325 0.0138953 -0.00139757 0.0241336 0.0270444 0.0193927 0.0142762 -0.00785452 -0.00503957 0.0286576 0.0470715 0.0226149 0.0436535 0.0335459
internal_weight=1013.01 1003.68 345.544 307.695 294.712 12.9825 4.13958 222.731 658.138 211.642 202.833 446.496 339.401 30.8585 174.4 165.001 171.974 107.095 42.9463 64.1486 37.849 71.9807 23.1133 9.10385 8.84291 14.0094 14.7357 1.62362 9.33135 4.43916
internal_count=181323 173047 50593 21128 18964 2164 585 9652 122454 85064 83441 37390 25942 17332 11874 14068 66109 11448 7294 4154 29465 9312 3002 1247 1579 1755 26463 2608 8276 7732
is_linear=0
shrinkage=0.05


Tree=160
num_leaves=31
num_cat=0
split_feature=15 21 11 1 1 15 7 7 0 7 0 23 17 15 15 3 12 1 1 17 17 11 7 7 15 15 15 11 11 11
split_gain=6.70591 6.58402 7.26197 5.00431 5.3772 4.9568 7.85184 11.669 7.74047 5.95227 4.945 4.61891 5.34857 10.5147 5.27224 4.17338 3.83191 2.81225 15.9464 2.34989 2.30308 2.02659 1.88967 4.43832 1.03835 0.429551 2.58403 0.351232 0.339579 3.2173
threshold=0.97067421674728405 1.0000000180025095e-35 0.45804196596145635 0.68560534715652477 0.40484943985939031 0.7009827494621278 0.9529346525669099 0.94935896992683422 0.87939393520355236 0.76986128091812145 0.88303694128990184 0.68301436305046093 0.98312205076217662 0.94881153106689464 0.9631328582763673 0.61250001192092907 0.36666667461395269 0.94616025686264049 0.94286730885505687 0.97510331869125377 0.99707603454589855 0.70710784196853649 0.73401361703872692 0.73123827576637279 0.50225225090980541 0.2927700281143189 0.29120069742202764 0.10762548446655275 0.8441295623779298 0.84807693958282482
decision_type=2 2 2 2 2 2 2 2 2 2 2 2 2 2 2 2 2 2 2 2 2 2 2 2 2 2 2 2 2 2
left_child=1 2 5 4 27 8 7 -7 9 -1 -10 12 14 -14 -5 21 17 18 -4 -17 -8 -6 23 -13 -19 26 -18 -3 -2 -30
right_child=28 3 16 11 15 6 20 -9 10 -11 -12 22 13 -15 -16 19 25 24 -20 -21 -22 -23 -24 -25 -26 -27 -28 -29 29 -31
leaf_value=0.0027015248697783382 0.052700283738481381 -0.029419144908636355 0.012567692470385522 -0.0020771637623872392 -0.046874291422588532 -0.038383518650373656 0.050467474217923275 -0.30919481859734527 -0.10901973060398258 0.0317955838891485 0.00023734640373022713 0.052756331432850384 -0.013000656948063564 -0.11499474050038686 0.053909924265298448 0.0060813153502098198 0.050085835858103826 0.0096251280914624541 -0.23330423374596237 -0.070380769018608916 -0.082229907377169328 0.053073788924024159 0.050312550561774409 -0.28292313966429455 0.050531463651465283 0.050095117279410011 -0.12610404549708418 0.056807973168324082 -0.076170219750157572 0.050406970368941484
leaf_weight=32.001460207044147 4.6643400749017001 0.12522007027291993 14.538953460811172 596.60026268681395 16.985651381575742 9.4195105375256354 3.1918993173167105 0.41531548317289058 1.040495588822522 39.009335985756479 221.74251010039006 0.30255713121732597 17.689208936659274 2.9480122824897981 4.2347821491130153 8.514323019247966 1.3209295712586016 2.1806506607681504 0.69078817759873423 1.1392944637482276 0.36430192811531004 0.52278461281093669 5.3959937950130552 0.14598312063026242 5.37548617189168 12.473780824831918 0.24701774658751663 2.0766709418967366 0.58107045784709033 3.6901532744814176
leaf_count=3718 544 173 1471 61143 43918 1139 904 72 94 5594 9558 160 3613 130 438 2432 2581 342 60 144 49 326 6469 17 1129 23855 27 3491 46 7686
internal_value=0.000250019 -0.000135041 0.0054684 -0.00307049 -0.0232449 0.00295306 -0.0267968 -0.0498196 0.00430905 0.0186842 -0.000272933 -0.00212615 -0.00254222 -0.0275704 -0.00168256 -0.0293369 0.0264493 0.0137883 0.00141547 -0.00294254 0.0368738 -0.0438899 0.0421156 -0.0564948 0.0387262 0.0469946 0.0223285 0.0519043 0.0433729 0.033187
internal_weight=1009.63 1000.69 344.012 656.681 29.3639 307.185 13.391 9.83483 293.794 71.0108 222.783 627.317 621.472 20.6372 600.835 27.1621 36.8276 22.7859 15.2297 9.65362 3.5562 17.5084 5.84453 0.44854 7.55614 14.0417 1.56795 2.20189 8.93556 4.27122
internal_count=181323 173047 50593 122454 50484 21128 2164 1211 18964 9312 9652 71970 65324 3743 61581 46820 29465 3002 1531 2576 953 44244 6646 177 1471 26463 2608 3664 8276 7732
is_linear=0
shrinkage=0.05


Tree=161
num_leaves=31
num_cat=0
split_feature=11 21 12 11 1 24 5 7 24 11 1 19 1 11 17 0 1 24 0 7 2 9 12 11 1 2 17 8 8 1
split_gain=6.37354 5.74599 5.68125 5.69394 5.64118 6.51968 5.26218 8.36424 9.0278 7.22406 6.84426 17.4038 9.04729 4.48394 5.85043 4.42373 3.87696 5.11521 7.52882 4.33097 6.99473 3.26509 3.19874 4.10783 7.2256 8.27036 3.05302 5.50911 3.23417 3.02075
threshold=0.82085561752319347 1.0000000180025095e-35 0.41428571939468389 0.13100686669349673 0.73334819078445446 3.5000000000000004 1.0000000180025095e-35 0.73024946451187145 3.5000000000000004 0.087595909833908095 0.94181358814239513 1.0000000180025095e-35 0.97503110766410839 0.15504807978868487 0.20848321169614795 0.63714733719825756 0.91381365060806286 5.5000000000000009 0.72264957427978527 0.6760731339454652 0.5634920895099641 1.0000000180025095e-35 0.81666666269302379 0.91485509276390087 0.93847250938415538 0.41428571939468389 0.20848321169614795 0.29166667163372045 0.41666667163372045 0.9399515986442567
decision_type=2 2 2 2 2 2 2 2 2 2 2 2 2 2 2 2 2 2 2 2 2 2 2 2 2 2 2 2 2 2
left_child=1 2 16 -4 5 13 7 8 -6 -9 11 -8 -12 14 -3 -15 17 18 -1 20 -18 -21 23 -2 -25 -26 28 -28 -7 -27
right_child=22 4 3 -5 6 26 10 9 -10 -11 12 -13 -14 15 -16 -17 19 -19 -20 21 -22 -23 -24 24 25 29 27 -29 -30 -31
leaf_value=0.0086285158183485051 0.017526619781305108 0.0098840691024766891 0.00090349245829662904 0.03925725945338196 -0.0080354469819283996 0.098120520052370166 0.0010265441430852074 0.00024565636348821627 -0.1470724591114258 0.035307037145391809 0.015179058844441005 -0.028715984015515495 -0.0038702208340610032 0.023022396707401555 -0.049246518307830736 -0.13087701406987537 0.039087503503836656 -0.11219843973728166 0.061132319083341595 0.0068174700917006089 -0.089877181879278997 -0.0048582487476098255 0.045583071712991252 0.051061090933053346 -0.47945452838997166 -0.23188653336282161 -0.35149217231158975 -0.051383516027323696 -0.024443038280324552 0.050414551700112366
leaf_weight=47.24325075847446 11.21716438923613 7.7255601730430561 17.007024427177384 22.451945823137066 4.4692234127141992 0.6292739180498782 126.12673418119084 30.051281606894918 1.5803524252260102 28.743462431448279 84.139257902948884 80.624961403635098 240.47600493238133 12.267621634557141 9.1229321757855342 0.48540921276435334 1.5678257927647781 0.78652598988264699 7.9813922522589555 115.55764783624909 3.1919978209771216 124.27141960914014 11.051331809037947 0.51810954156098954 0.18704566801898181 0.16952022723853588 0.15464963122212694 13.672250643081496 3.7208668069215491 0.21487549322773702
leaf_count=3492 1672 1049 312 29381 607 31 15314 3323 281 2371 6817 7265 14407 3395 30379 11 110 41 597 6451 278 5112 25513 108 5 2 431 22094 415 59
internal_value=0.000243886 -0.000368842 0.00488899 0.0227266 -0.00314524 -0.0196762 -0.0018205 0.0116262 -0.0443566 0.0173864 -0.00346143 -0.0105719 0.00106729 -0.00520282 -0.0221333 0.0171646 0.00254749 0.0144134 0.0162167 -0.00016982 -0.0473978 0.000767502 0.0260575 0.00852362 -0.0841643 -0.206769 -0.0432464 -0.0547401 -0.00671349 -0.0740815
internal_weight=1007.41 984.049 340.059 39.459 643.99 47.7786 596.211 64.8443 6.04958 58.7947 531.367 206.752 324.615 29.6015 16.8485 12.753 300.6 56.0112 55.2246 244.589 4.75982 239.829 23.358 12.3067 1.08955 0.571441 18.177 13.8269 4.35014 0.384396
internal_count=181323 153964 45774 29693 108190 57805 50385 6582 888 5694 43803 22579 21224 34834 31428 3406 16081 4130 4089 11951 388 11563 27359 1846 174 66 22971 22525 446 61
is_linear=0
shrinkage=0.05


Tree=162
num_leaves=31
num_cat=0
split_feature=15 13 11 23 7 0 15 24 11 21 23 17 2 3 11 17 24 24 0 0 24 2 11 23 11 1 0 17 15 7
split_gain=6.1663 6.52213 24.5291 6.11759 5.61505 7.35064 4.24465 5.46499 5.36975 6.38794 5.84631 5.16019 4.09095 6.00069 4.06891 3.82525 3.68926 1.07002 4.54615 9.23124 1.06977 2.73581 0.94752 0.840093 0.561853 0.223068 0.882616 0.186063 0.488446 0.478436
threshold=0.97067421674728405 1.0000000180025095e-35 0.045983087271451957 0.41666667163372045 0.75716626644134533 0.75219297409057628 0.26483158767223364 4.5000000000000009 0.12060606107115747 1.0000000180025095e-35 0.071714289486408248 0.98496156930923473 1.0000000180025095e-35 0.30952382087707525 0.71714287996292125 0.90779352188110363 5.5000000000000009 4.5000000000000009 0.63211598992347728 0.62605932354927074 6.5000000000000009 0.68333333730697643 0.98148149251937877 0.023904763162136081 0.045983087271451957 0.71816697716712963 0.62605932354927074 0.28215467929840093 0.16227766126394275 0.82404541969299328
decision_type=2 2 2 2 2 2 2 2 2 2 2 2 2 2 2 2 2 2 2 2 2 2 2 2 2 2 2 2 2 2
left_child=1 2 27 12 5 14 8 11 9 -4 -10 -8 24 23 -5 -9 -15 25 19 -19 22 -22 -6 -14 -3 26 -2 28 -1 -30
right_child=17 3 6 4 20 -7 7 15 10 -11 -12 -13 13 16 -16 -17 -18 18 -20 -21 21 -23 -24 -25 -26 -27 -28 -29 29 -31
leaf_value=-0.050666287535791422 0.050574433128158319 -0.024543867976726738 0.0040833757379464802 0.050889346851113938 0.046290002309551818 -0.435795708599371 0.00050112348968897439 -0.0085059807869857628 -0.04219891199204031 -0.057391567523236514 0.025777949782841193 -0.029175556758807255 -0.047265628908261643 0.001391183455206707 -0.036810544643860785 -0.041614254930356781 0.038887221998619152 0.05069301059401931 0.051280093519939854 -0.70389254513477084 -0.17033998210593079 0.051040119502386586 -0.0072806677077096819 -0.10160086024860984 0.049638864362066881 0.051889342784349438 -0.066605092835441179 -0.050123730901526012 -0.1250648929049783 -0.056543973058329082
leaf_weight=2.5396639986429395 0.77654510717547776 0.26906860340386529 19.973982633324344 1.9978911307989644 16.644586192473078 0.10174532438395534 189.06138360589102 19.831766924166004 3.4450152006174894 5.3596682475908883 38.638872576062568 15.878084857176871 1.6981939845863956 621.99932788552542 3.9127793626248604 15.576492767228045 6.630004079983336 0.10496738433721464 0.60555376845877618 0.066024279905832373 0.20939036901108821 0.41844270791625604 0.86848805827321385 1.2242173558624925 4.9682203734264476 6.6405670766544063 0.20262888105935417 23.167519961119979 0.52216502657392971 0.49744175683008507
leaf_count=157 1784 22 632 1390 25120 19 19611 1157 770 6872 1572 1143 2217 41382 3124 687 512 115 567 8 21 208 1968 46 9336 5794 8 55027 23 31
internal_value=0.000236857 -0.00012305 -0.0058122 0.00275614 0.0274556 -0.0144202 -0.00182212 -0.00493203 0.0092649 -0.00892246 0.0202133 -0.00179814 0.00181929 0.00145434 -0.00716673 -0.0230707 0.00178665 0.0429061 -0.0130064 -0.240672 0.0413345 -0.022793 0.0436334 -0.070027 0.0458277 0.0486043 0.0263255 -0.0517589 -0.0624024 -0.0916352
internal_weight=1003.83 995.434 334.492 660.942 24.1533 6.01242 307.765 240.348 67.4175 25.3337 42.0839 204.939 636.789 631.552 5.91067 35.4083 628.629 8.39629 0.776545 0.170992 18.1409 0.627833 17.5131 2.92241 5.23729 7.61974 0.979174 26.7268 3.55927 1.01961
internal_count=181323 173047 87682 85365 31850 4533 32444 22598 9846 7504 2342 20754 53515 44157 4514 1844 41894 8276 690 123 27317 229 27088 2263 9358 7586 1792 55238 211 54
is_linear=0
shrinkage=0.05


Tree=163
num_leaves=31
num_cat=0
split_feature=15 13 11 23 12 15 17 14 0 2 3 8 11 15 0 24 1 1 1 11 24 0 0 0 11 8 17 0 17 15
split_gain=5.84527 5.91588 23.44 5.73169 4.12486 5.65966 6.48586 4.14277 5.55486 3.89067 5.54278 3.68425 5.54094 5.30061 3.65727 3.431 3.25448 2.08289 6.76563 1.46021 1.01298 3.25459 3.78434 0.722947 0.539111 0.219915 0.668894 0.17978 0.148809 0.433122
threshold=0.97067421674728405 1.0000000180025095e-35 0.045983087271451957 0.41666667163372045 0.21111111342906955 0.94881153106689464 0.97073099017143261 1.0000000180025095e-35 0.57735043764114391 1.0000000180025095e-35 0.30952382087707525 0.41666667163372045 0.78416147828102123 0.75646600127220165 0.66927084326744091 5.5000000000000009 0.99321839213371288 0.94286730885505687 0.9407491683959962 0.98148149251937877 4.5000000000000009 0.63211598992347728 0.62605932354927074 0.16172623634338382 0.045983087271451957 0.29166667163372045 0.98657658696174633 0.62605932354927074 0.28215467929840093 0.16227766126394275
decision_type=2 2 2 2 2 2 2 2 2 2 2 2 2 2 2 2 2 2 2 2 2 2 2 2 2 2 2 2 2 2
left_child=1 2 28 9 7 14 -7 8 -4 24 23 12 13 -5 -6 -12 -9 18 -13 -19 25 22 -22 -11 -3 26 27 -2 29 -1
right_child=20 3 4 11 5 6 -8 16 -10 10 15 17 -14 -15 -16 -17 -18 19 -20 -21 21 -23 -24 -25 -26 -27 -28 -29 -30 -31
leaf_value=-0.049979920085098252 0.0500243695387282 -0.023585328393117864 0.027644106365955341 -0.23756918343700098 -0.0031667138289631193 0.050580584865964298 -0.16823795040625966 -0.00067883709358769158 -0.060375736099896993 -0.14988428720075594 0.0013222455048542117 0.023947121886263342 0.050410268088303678 0.052359606267862208 0.022470720035353213 0.03795785198993748 -0.016312256092595814 0.050267161997923152 -0.17658729989007357 -0.027044577477908557 0.050659499592989925 0.051219651881633424 -0.36769345087975691 -0.060386732091293277 0.049558459733016293 0.051787187608998267 0.050709737444729633 -0.067632013019519266 -0.050118270751497274 -0.089076704249170635
leaf_weight=2.4481496595253733 0.039045044293741671 0.26608202164061268 2.4273950768547348 0.50368491753761435 22.81331294112897 0.53700724962982238 0.91675192225375213 198.41547698031354 6.8528201526496559 0.24701938134967294 621.71461831466877 9.7129992741247406 0.6923502776917303 0.22946567276085261 35.646527331206016 6.457159782818052 40.001347755896859 11.276599595497824 0.43963868138962503 0.64572621407569464 0.099912445875815936 0.57668316552008037 0.11777833526139148 2.6076284366572509 4.7333953599154484 6.3594054456625599 0.67106329889793415 0.19273795187473297 22.039967148622964 0.99681793036870647
leaf_count=157 116 22 145 70 3778 102 23 20857 166 115 41382 9491 1117 75 4640 512 2733 19191 523 1383 115 567 8 2148 9336 5803 1666 1 55027 54
internal_value=0.000228081 -0.000116197 -0.00554769 0.00262699 -0.00172996 0.0100426 -0.0874081 -0.00457755 -0.0373527 0.00173102 0.00138294 0.026876 -0.0510303 -0.146826 0.012466 0.00169883 -0.0033018 0.0319069 0.0152634 0.0460799 0.0426451 -0.0109612 -0.175684 -0.0681312 0.0456656 0.0485088 0.0254167 -0.0478122 -0.0516288 -0.0612928
internal_weight=1000.68 992.622 333.096 659.526 307.611 59.9136 1.45376 247.697 9.28022 636.026 631.026 23.5005 1.4255 0.733151 58.4598 628.172 238.417 22.075 10.1526 11.9223 8.05663 0.794374 0.217691 2.85465 4.99948 7.26225 0.902846 0.231783 25.4849 3.44497
internal_count=181323 173047 87682 85365 32444 8543 125 23901 311 53515 44157 31850 1262 145 8418 41894 23590 30588 10014 20574 8276 690 123 2263 9358 7586 1783 117 55238 211
is_linear=0
shrinkage=0.05


Tree=164
num_leaves=31
num_cat=0
split_feature=2 2 23 7 11 12 0 17 18 11 2 23 1 6 0 17 11 6 22 3 1 3 3 17 11 11 12 0 11 23
split_gain=5.61631 8.83468 5.18135 7.34889 4.87347 4.8357 4.81689 5.18285 13.6858 7.49119 4.85376 4.70173 4.54164 2.29471 2.18589 2.0934 2.06776 1.90552 1.70852 1.55809 2.61773 1.35805 6.02281 1.2372 0.8952 0.798489 0.663543 0.327345 0.100088 0.096903
threshold=1.0000000180025095e-35 0.19090909510850909 0.45773810148239141 0.89528506994247448 0.44097222387790685 0.76388889551162731 0.36899313330650335 0.74210175871849071 1.0000000180025095e-35 0.43303571641445165 0.2264957278966904 0.48060151934623724 0.73678031563758861 1.0000000180025095e-35 0.6776927411556245 0.81857365369796764 0.56696429848670971 1.0000000180025095e-35 1.0000000180025095e-35 0.30952382087707525 0.83648583292961132 0.88194444775581371 0.83974358439445507 0.76329937577247631 0.19292803853750232 0.1695402339100838 0.23611111193895343 0.99107143282890331 0.045983087271451957 0.091608393937349333
decision_type=2 2 2 2 2 2 2 2 2 2 2 2 2 2 2 2 2 2 2 2 2 2 2 2 2 2 2 2 2 2
left_child=13 4 6 5 14 11 10 9 -9 -8 16 -4 -12 28 19 23 -3 18 -16 24 -21 22 -5 -6 -2 -15 -17 -23 -1 -28
right_child=1 2 3 21 15 -7 7 8 -10 -11 12 -13 -14 25 17 26 -18 -19 -20 20 -22 27 -24 -25 -26 -27 29 -29 -30 -31
leaf_value=-0.016686514469129481 -0.050210831095482522 -0.029125811837343491 0.034361179655084215 0.039405914289129484 0.020545111672402736 0.05004027929716659 0.00052808344968210573 -0.027329982178230117 -4.1749120351448042e-05 0.040792869614554424 0.0044433703729474172 -0.016390449926871199 0.042243998202078935 -0.046698989243259978 -0.12373131697469414 0.025754645188634618 0.066741799424392415 0.10209238899568432 0.053445369494855878 -0.042112511256167516 0.01772679448924162 0.050433553217702293 -0.10418325216178798 -0.084532943842377806 -0.090875620135091789 0.050854411716401884 0.085886379518682235 0.036442858857692759 0.050292435505728775 0.050792664960067783
leaf_weight=0.056185849942265054 4.4146950651484174 6.4202654556283951 5.6507328402076409 4.3599950930656659 0.56549461482791163 4.3185419795190674 624.67535131187469 63.081313183807652 169.1611715205072 11.769173904671332 14.520429525233338 23.718096973694628 17.550245678343344 0.92621803493238963 0.26542275771498569 1.2373955852817746 0.61647519041434851 0.50267397399875335 0.279184692830313 11.77075331812375 2.1635834445478386 9.7883956939476793 0.87722461487282988 0.55510820366907865 1.951719601114746 0.27117350477783475 0.91419428649533052 7.2980673259153255 7.6371732860425254 0.25063553354993928
leaf_count=3 15528 5967 480 4175 23 11190 23996 15364 35634 3593 6325 1712 2128 92 32 16 85 13 11 21637 861 9634 74 23 190 130 16 9323 12972 96
internal_value=0.000219589 -0.000136178 0.000623079 0.015382 -0.0295592 0.000638714 -0.000287546 -0.00106033 -0.00745373 0.00127266 0.0168782 -0.00662554 0.0251293 0.039782 -0.0385503 0.0249258 -0.020727 0.0318913 -0.0329044 -0.0421842 -0.0328213 0.0376301 0.015355 -0.031507 -0.0626772 -0.0246061 0.0512508 0.0444578 0.0498033 0.0783353
internal_weight=997.567 988.676 963.805 56.0111 24.8709 33.6874 907.794 868.687 232.242 636.445 39.1074 29.3688 32.0707 8.89075 21.348 3.52283 7.03674 1.04728 0.544607 20.3008 13.9343 22.3237 5.23722 1.1206 6.36641 1.19739 2.40223 17.0865 7.69336 1.16483
internal_count=181323 168126 129680 36588 38446 13382 93092 78587 50998 27589 14505 2192 8453 13197 38272 174 6052 56 43 38216 22498 23206 4249 46 15718 222 128 18957 12975 112
is_linear=0
shrinkage=0.05


Tree=165
num_leaves=31
num_cat=0
split_feature=15 22 11 17 11 7 24 11 17 11 15 18 14 11 15 1 15 15 15 11 7 17 24 2 12 23 24 18 7 15
split_gain=5.43621 5.30908 6.15035 4.48921 7.7998 7.04418 9.71922 5.8685 8.56219 5.91054 5.20732 4.39633 5.03173 4.20002 4.0093 3.63177 6.78493 9.97415 5.49804 4.29018 3.38676 2.6181 1.9798 1.70189 1.27464 2.2885 0.987068 1.78974 2.15737 0.581074
threshold=0.97067421674728405 1.0000000180025095e-35 0.56696429848670971 0.85762548446655285 0.21240601688623431 0.9759001135826112 2.5000000000000004 0.43303571641445165 0.67379865050315868 0.19292803853750232 0.093933824449777617 1.0000000180025095e-35 0.75000000000000011 0.13100686669349673 0.55942294001579296 0.99238026142120372 0.63676589727401745 0.64306598901748668 0.51298922300338756 0.35857143998146063 0.96922349929809581 0.67379865050315868 7.5000000000000009 0.58571431040763866 0.36666667461395269 0.77032968401908886 4.5000000000000009 1.0000000180025095e-35 0.89699381589889537 0.2927700281143189
decision_type=2 2 2 2 2 2 2 2 2 2 2 2 2 2 2 2 2 2 2 2 2 2 2 2 2 2 2 2 2 2
left_child=1 3 15 7 14 6 -6 8 13 -10 -7 12 -9 -1 -5 16 19 -18 20 -3 -17 -20 24 -13 25 -4 -2 28 -28 -26
right_child=26 2 22 4 5 10 -8 11 9 -11 -12 23 -14 -15 -16 18 17 -19 21 -21 -22 -23 -24 -25 29 -27 27 -29 -30 -31
leaf_value=-0.0012906366623122105 0.048416899619975369 0.0093891783528274181 0.024794466474458293 -0.052387108029117758 0.011301210069228372 -0.26463819939822825 -0.020729165950683082 0.0029539001840536826 -0.050273553963590539 -0.010617215652838113 0.023774731227184657 0.047093971714620375 -0.2969065719900304 0.019915939092901624 0.066737106291752196 -0.027747241229885911 -0.19141744294876795 -0.0099246266764363 -0.06402737196342817 0.036642399680999797 -0.0016561857491457 0.065252851831160391 -0.09745085726823903 0.019699663930734652 0.011701080067574381 -0.12018698347583784 -0.21353110016623608 0.051323138736660202 0.050577620656041759 0.050087106377430773
leaf_weight=387.57952421838127 6.8250841940171076 126.90212727361359 10.377281460736416 13.195516936204509 33.423776662966702 0.15780692762928339 81.270922481548041 22.968196367306522 13.915693020047909 28.929216852993704 18.952426345174899 10.315983561158648 0.14075770303315849 24.844659430062165 0.74627839610911983 13.74446309909399 0.78083197167143481 24.804752976924647 0.43438499375770234 16.294597675150726 130.82074006406765 3.9775831742590526 0.29487582344154262 12.587600561659199 1.1086350943078276 0.27951725607272315 0.18384802798391309 0.4687210689735366 0.13344459806103259 8.9039975446212321
leaf_count=21203 7586 8770 1195 31284 6585 35 9569 5661 32515 1096 6012 2219 7 1837 17 451 172 5147 142 6108 4611 1799 33 4414 2067 29 66 511 113 20069
internal_value=0.000211629 -0.000112731 0.00496143 -0.0027609 -0.0104205 -0.00671218 -0.011395 -0.000503335 -0.00222321 -0.0234973 0.0213931 0.0165139 0.00112744 -1.31409e-05 -0.0460106 0.00323087 0.00825286 -0.0154635 -0.00245875 0.0124904 -0.00413678 0.0525244 0.0311919 0.0320383 0.0330272 0.0209917 0.0423063 -0.0107526 -0.102454 0.0458369
internal_weight=995.363 987.752 338.724 649.028 147.747 133.805 114.695 501.282 455.269 42.8449 19.1102 46.0125 23.109 412.424 13.9418 317.759 168.782 25.5856 148.977 143.197 144.565 4.41197 20.9643 22.9036 20.6694 10.6568 7.6111 0.786014 0.317293 10.0126
internal_count=181323 173047 50593 122454 53502 22201 16154 68952 56651 33611 6047 12301 5668 23040 31301 27200 20197 5319 7003 14878 5062 1941 23393 6633 23360 1224 8276 690 179 22136
is_linear=0
shrinkage=0.05


Tree=166
num_leaves=31
num_cat=0
split_feature=2 2 23 7 24 23 21 17 24 11 7 13 11 26 17 11 1 12 17 24 21 17 7 24 7 11 1 1 12 1
split_gain=5.22884 8.00657 4.73066 7.20514 5.70115 5.2069 12.3096 5.09703 4.52144 4.49848 4.4365 3.85295 16.9737 4.51756 2.18156 2.13387 2.0305 1.93564 2.59387 1.92993 2.10251 5.16232 1.49019 0.908773 1.84832 0.838549 0.753954 0.516127 0.458259 0.359086
threshold=1.0000000180025095e-35 0.19090909510850909 0.49106858670711523 0.89528506994247448 4.5000000000000009 0.48819445073604589 1.0000000180025095e-35 0.8874119520187379 2.5000000000000004 0.44097222387790685 0.47871376574039465 1.0000000180025095e-35 0.045983087271451957 1.0000000180025095e-35 0.86379098892211925 0.10762548446655275 0.82779976725578319 0.88194444775581371 0.80447274446487438 3.5000000000000004 1.0000000180025095e-35 0.83684560656547557 0.87939393520355236 6.5000000000000009 0.96190130710601818 0.19292803853750232 0.96536955237388622 0.98896396160125744 0.23611111193895343 0.86316564679145824
decision_type=2 2 2 2 2 2 2 2 2 2 2 2 2 2 2 2 2 2 2 2 2 2 2 2 2 2 2 2 2 2
left_child=15 9 5 4 10 11 8 -6 -7 19 -4 12 -3 -13 -8 26 28 29 -19 20 21 -2 -22 27 -25 -21 -1 -5 -11 -18
right_child=1 2 3 23 7 6 14 -9 -10 16 -12 13 -14 -15 -16 -17 17 18 -20 25 22 -23 -24 24 -26 -27 -28 -29 -30 -31
leaf_value=0.028709237745500389 -0.022769505558604866 -0.051969114045234688 -0.13184252047557241 0.050453904773801739 0.054399475537917824 -0.86287497537292779 -0.11572805865404086 -0.064269813963316422 -0.32253569880845612 0.029716121836218481 0.016152541598626679 0.0093147575895331132 -0.0017336326984482243 -0.00038192507304804122 0.052169808624157543 0.050039222329757105 -0.025358315373053105 -0.27995132303641368 0.050841407703346359 -0.04880901576029345 -0.051218406266545585 0.12391414067600633 -0.0052574341431344089 -0.11872460737462182 0.051535835734894814 -0.088826954823568893 -0.052748535592322933 0.033600453000816551 0.078834175788107336 0.028240574448385288
leaf_weight=0.45760355674428665 3.6812007341941397 17.937250748625956 0.51985878261621721 9.1501379299879826 1.104350867186439 0.054610771709121764 0.37219486696994764 5.0091016685473733 0.13301181529823225 0.82935999333858434 19.546406433626544 161.87724333557708 268.74232111756282 465.58744124384248 0.40290741249918938 7.1310398221103242 0.54300315945874877 0.14794969020294946 0.098861335864057764 4.2451307419105424 7.5325679035886424 0.71658198127988715 2.3027536449953914 0.26837720323237491 0.39255427221360151 1.8927067573531529 0.74905897013377398 9.0217868290783354 1.1109648616111369 0.73607494911993854
leaf_count=52 146 30302 379 10446 246 7 33 694 70 7 10549 27341 19092 18703 55 13058 6 11 64 15925 18585 63 3355 36 171 198 87 11556 45 41
internal_value=0.000204986 -0.000129123 0.00058155 0.0164063 -0.000560482 -0.000196843 -0.116417 -0.0428331 -0.479811 -0.0287538 0.0123184 -7.44475e-05 -0.00487682 0.00211969 -0.0284527 0.0396341 0.0239029 -0.019251 -0.147451 -0.0377136 -0.0276073 0.00113137 -0.0404575 0.039992 -0.0176 -0.0611492 -0.0218572 0.0420867 0.0578395 0.0054864
internal_weight=992.294 983.957 960.12 45.0126 26.1797 915.107 0.962725 6.11345 0.187623 23.8372 20.0663 914.144 286.68 627.465 0.775102 8.3377 3.46621 1.52589 0.246811 20.3709 14.2331 4.39778 9.83532 18.8329 0.660931 6.13784 1.20666 18.1719 1.94032 1.27908
internal_count=181323 168126 129680 34077 11868 95603 165 940 77 38446 10928 95438 49394 46044 88 13197 174 122 75 38272 22149 209 21940 22209 207 16123 139 22002 52 47
is_linear=0
shrinkage=0.05


Tree=167
num_leaves=31
num_cat=0
split_feature=15 21 11 7 0 0 23 24 0 2 7 15 15 9 0 1 24 1 7 15 15 7 6 11 24 0 0 24 24 0
split_gain=5.06273 4.88193 5.71625 4.20846 9.44749 7.02728 7.74793 6.72005 11.3687 10.0562 6.65308 5.18237 11.2023 4.74975 11.5198 4.95155 3.30033 3.25086 6.24965 6.54029 5.14094 3.04279 2.30736 2.30223 1.79745 1.255 4.92913 1.55358 0.91756 2.2679
threshold=0.97067421674728405 1.0000000180025095e-35 0.56696429848670971 0.97849214076995861 0.99107143282890331 0.92380261421203624 0.11538461968302728 3.5000000000000004 0.80810147523880016 0.89444443583488475 0.90661337971687328 1.0000000180025095e-35 0.43256238102912908 1.0000000180025095e-35 0.73401361703872692 0.97334760427474987 2.5000000000000004 0.99238026142120372 0.97467949986457836 0.63676589727401745 0.51298922300338756 0.96922349929809581 1.0000000180025095e-35 0.15894736349582675 7.5000000000000009 0.63714733719825756 0.63211598992347728 4.5000000000000009 4.5000000000000009 0.63211598992347728
decision_type=2 2 2 2 2 2 2 2 2 2 2 2 2 2 2 2 2 2 2 2 2 2 2 2 2 2 2 2 2 2
left_child=1 2 17 7 5 6 -5 13 9 -9 -10 16 -13 15 -15 -3 -6 18 19 -1 21 -19 -20 -22 25 26 -4 -27 -2 -30
right_child=28 3 24 4 11 -7 -8 8 10 -11 -12 12 -14 14 -16 -17 -18 20 22 -21 23 -23 -24 -25 -26 27 -28 -29 29 -31
leaf_value=0.0090740846295495458 0.04807270254567976 0.0056149863939658779 0.022793191021394144 -0.012397550970790146 -0.011130162238344692 0.053716073600178049 0.039674577111976424 -0.026610228710857893 0.029510842915042419 0.054681259079481362 -0.0058540198747733564 -0.051926819354981293 0.013126071658564734 -0.057563516974140305 0.0015571753158698457 -0.019419604282433663 0.0062461886270337337 -0.026172140047312192 0.013400087936706591 -0.019762672317796767 0.13828653014006514 -0.0014852975748239033 0.05063011857088584 0.03631879375166807 -0.09004739073713966 0.050454878826027089 -0.25400068591663966 0.00039428638509751755 -0.12720477784674397 0.051220989288593449
leaf_weight=126.78265734780871 6.4544230552128274 186.35103262182383 7.867626809398649 16.431167255905169 37.186230838298798 13.664200101164168 12.638042501363087 100.81657052986702 16.62739407637855 3.9535668896569396 66.436722938917228 14.578101366132616 12.119451386781291 11.703051080650765 27.841414716924191 22.093157563693239 103.05970834195614 13.799586522232856 6.8067251846368899 23.272020592121407 0.65549678355455299 130.7185151498561 10.709609324694611 3.5595405589701841 0.30429544192156655 10.038488213889648 0.16419792680244416 1.8327802962594422 0.26827587650041085 0.52979548889561556
leaf_count=12558 7586 56566 7505 3359 145 1889 2961 31727 2031 438 4936 6732 4132 3161 1802 2167 408 451 1427 4324 6 4611 1888 1935 33 13780 180 1895 123 567
internal_value=0.000197228 -0.000110163 0.00477249 -0.00265558 0.00316495 0.0241425 0.0102412 -0.00545588 -0.0125898 -0.0235426 0.00122516 -0.00220477 -0.0223958 -5.24084e-05 -0.0159394 0.00296155 0.00163885 0.00312535 0.00790088 0.00460178 -0.00225502 -0.00384257 0.0361628 0.0521762 0.0305549 0.0323987 0.0171346 0.0427261 0.041819 -0.00875777
internal_weight=989.264 982.011 336.512 645.5 209.677 42.7334 29.0692 435.823 187.834 104.77 83.0641 166.943 26.6976 247.989 39.5445 208.444 140.246 316.304 167.571 150.055 148.733 144.518 17.5163 4.21504 20.2074 19.9031 8.03182 11.8713 7.25249 0.798071
internal_count=181323 173047 50593 122454 19626 8209 6320 102828 39132 32165 6967 11417 10864 63696 4963 58733 553 27200 20197 16882 7003 5062 3315 1941 23393 23360 7685 15675 8276 690
is_linear=0
shrinkage=0.05


Tree=168
num_leaves=31
num_cat=0
split_feature=3 3 23 7 24 17 11 18 24 11 17 15 17 7 0 5 11 0 0 1 21 12 1 0 1 1 15 0 17 15
split_gain=4.89781 6.68986 4.45594 6.48895 5.30709 4.73142 13.7255 10.6656 4.55377 4.26099 4.54368 3.85541 3.59827 3.17788 3.17248 2.1514 2.04549 1.7647 0.844933 0.573574 0.485928 0.367903 0.287117 0.219792 0.0716909 0.0560574 0.00642713 0.00310307 0.0021616 0.000438252
threshold=1.0000000180025095e-35 0.30952382087707525 0.45773810148239141 0.89528506994247448 4.5000000000000009 0.62053000926971447 0.075498577207326903 1.0000000180025095e-35 6.5000000000000009 0.12060606107115747 1.0000000180025095e-35 0.32566948235034948 0.86124861240386974 0.47871376574039465 0.66927084326744091 1.0000000180025095e-35 0.10762548446655275 0.91366460919380199 0.79361054301261913 0.98896396160125744 1.0000000180025095e-35 0.88194444775581371 0.84305682778358471 0.16172623634338382 0.85153260827064525 0.96843671798706066 0.2703810334205628 0.93142634630203258 0.30805176496505743 0.31719042360782629
decision_type=2 2 2 2 2 2 2 2 2 2 2 2 2 2 2 2 2 2 2 2 2 2 2 2 2 2 2 2 2 2
left_child=16 14 5 4 13 9 11 -8 19 10 -3 -7 -6 -4 20 -11 18 -10 29 -5 22 24 26 -23 -22 -20 -2 -18 -27 -1
right_child=1 2 3 8 12 6 7 -9 17 15 -12 -13 -14 -15 -16 -17 27 -19 25 -21 21 23 -24 -25 -26 28 -28 -29 -30 -31
leaf_value=0.051099435056708102 -0.052326248973194073 0.0019652502305311475 -0.09946086647941603 0.050565206758221418 0.042548991258178993 -0.050117985437635161 -0.018584294967654708 0.0032891343375619458 -0.091314911166384377 0.031439168199029269 -0.01465023493856802 0.048073710390045446 -0.049212153289678214 0.014765955428530639 0.066870883311341209 0.0089008130588740433 0.050165889945257926 0.050728737126561313 -0.021986199374784715 0.033158828327375038 -0.052087454658393408 -0.13096601613204592 -0.10733609883026428 -0.049736201178795764 -0.030235076013164448 -0.056917589208716271 -0.033683313807493967 0.042328006263252289 -0.050854839131448781 0.055069864000956009
leaf_weight=0.16866988688707241 0.2271118121279867 527.91933938104194 0.6243626924406297 10.250799722853122 1.2686135265394094 19.600874555275372 77.488684838361223 198.47423591460392 0.92099986552784574 15.504849002041736 44.623325775100966 1.0534055076859647 6.7679772167175543 24.574682520513306 0.53277489647734899 33.389188239438226 6.5983083760365844 0.28673362660629209 0.18898999178782105 8.7919328717834997 4.282736709326854 0.23602366447448719 0.76293434464605525 0.12867733480379684 0.41137574675667554 0.21274173259735107 0.058046294871019199 0.12874362950969942 0.4759035655297339 0.11820860672742128
leaf_count=44 80 6573 416 11352 222 47777 11422 32218 84 1332 10877 1823 846 11898 22 3768 13030 137 7 11633 15200 1 15 82 324 2 24 28 83 3
internal_value=0.000192284 -0.000124227 0.000217605 0.0142465 0.000652327 -0.000599722 -0.00579528 -0.00285279 0.0365576 0.00188016 0.000670258 -0.04511 -0.0347272 0.0119357 -0.0501422 0.016048 0.0394247 -0.0575917 -0.0217578 0.0425288 -0.0603506 -0.0539308 -0.0913369 -0.102306 -0.0501724 -0.0461079 -0.0485313 0.0500159 -0.0527278 0.0527355
internal_weight=986.071 978.18 971.54 53.4861 33.2356 918.054 296.617 275.963 20.2505 621.437 572.543 20.6543 8.03659 25.199 6.63968 48.894 7.89157 1.20773 1.16451 19.0427 6.10691 5.05881 1.04809 0.364701 4.69411 0.877635 0.285158 6.72705 0.688645 0.286878
internal_count=181323 168126 152378 36588 13382 115790 93240 43640 23206 22550 17450 49600 1068 12314 15748 5100 13197 221 139 22985 15726 15607 119 83 15524 92 104 13058 85 47
is_linear=0
shrinkage=0.05


Tree=169
num_leaves=31
num_cat=0
split_feature=11 11 1 8 0 0 21 11 1 17 5 11 1 1 24 1 0 1 1 0 11 6 12 11 1 23 1 24 0 12
split_gain=4.6971 5.7653 10.2475 11.8267 33.8506 4.71476 4.20626 4.75423 4.11315 5.45439 4.58101 5.8651 4.94653 4.09644 3.7919 11.6697 3.7306 3.19799 3.14994 3.13582 6.56703 6.18709 2.75692 3.75 5.30624 5.29634 2.43635 2.09042 3.36504 2.64815
threshold=0.82085561752319347 0.81365740299224865 0.89569163322448742 0.75000000000000011 0.61602565646171581 0.61167800426483165 1.0000000180025095e-35 0.45804196596145635 0.73334819078445446 0.50182482600212108 1.0000000180025095e-35 0.087595909833908095 0.94181358814239513 0.87307858467102062 5.5000000000000009 0.79219534993171703 0.64760348200798046 0.40484943985939031 0.94616025686264049 0.87939393520355236 0.15075758099555972 1.0000000180025095e-35 0.81666666269302379 0.91485509276390087 0.93847250938415538 0.37089948356151586 0.9399515986442567 4.5000000000000009 0.64760348200798046 0.73214286565780651
decision_type=2 2 2 2 2 2 2 2 2 2 2 2 2 2 2 2 2 2 2 2 2 2 2 2 2 2 2 2 2 2
left_child=1 6 3 13 5 -5 7 19 9 16 11 -10 -12 -3 18 -16 -8 -11 -9 20 -1 -21 23 27 -25 -26 -27 29 -29 -2
right_child=22 2 -4 4 -6 -7 8 14 10 17 12 -13 -14 -15 15 -17 -18 -19 -20 21 -22 -23 -24 24 25 26 -28 28 -30 -31
leaf_value=0.027112835171523759 0.032954039433342991 0.050843428929660366 0.050909198019434082 0.050723609012120301 -1.4566068322018582 -0.40911217682172252 0.012111131449155368 0.015314002060992885 -0.0035817827813151727 0.056785259575969971 -0.0090927944055376932 0.026979372426529855 0.00088490705509231124 -0.19155042384179205 -0.71506361646680483 -0.0266265977571047 -0.074806989542221355 -0.034850788734288346 0.05030472399527567 -0.041098254834330994 -0.0019578912630796703 0.0011792464342932976 0.044534995750531423 0.051036124316197057 -0.35852009039049459 -0.19280464578605441 0.050474590247256756 -0.10953078176151301 0.051197333047460242 -0.065473772213517564
leaf_weight=35.240652736625634 8.6542058444028918 0.3095764758036228 0.72904724575346336 0.11599651610595174 0.06633528794918675 0.10731504329305608 15.239183796504223 19.5766124152724 32.262652883771807 0.98877991887275385 203.39181789242139 30.579047667168197 319.09852370043518 0.39889281487558037 0.065178786637260511 1.1074325127701738 1.3433416686311819 25.668529962124012 9.5790317544306145 9.018818479482432 43.291086075711064 213.82568967271072 8.9965346328972373 0.4566160345857504 0.23906452534720302 0.19270272180438042 0.22086651413701475 0.77144141896860563 0.56352535568294115 0.74194191439892243
leaf_count=2209 1365 208 472 85 21 4 4539 12111 3993 1530 22470 2540 21051 24 17 486 61 51582 11642 764 8366 9789 25513 108 3 2 61 27 130 150
internal_value=0.000184031 -0.000324681 -0.0915938 -0.195681 -0.464858 -0.170256 -0.000160523 0.00439482 -0.00256443 -0.0174457 -0.00146512 0.0112894 -0.00299915 -0.0856327 0.0232645 -0.0648929 0.00506994 -0.0314518 0.0268101 0.00249592 0.0110874 -0.000531781 0.0236704 0.00781702 -0.0797037 -0.171176 -0.0628814 0.0168638 -0.0416831 0.0251819
internal_weight=982.84 962.004 1.72716 0.998116 0.289647 0.223312 960.276 331.705 628.572 43.2398 585.332 62.8417 522.49 0.708469 30.3283 1.17261 16.5825 26.6573 29.1556 301.376 78.5317 222.845 20.8369 11.8404 1.10925 0.652634 0.413569 10.7311 1.33497 9.39615
internal_count=181323 153964 814 342 110 89 153150 45384 107766 57712 50054 6533 43521 232 24256 503 4600 53112 23753 21128 10575 10553 27359 1846 174 66 63 1672 157 1515
is_linear=0
shrinkage=0.05


Tree=170
num_leaves=31
num_cat=0
split_feature=2 2 0 2 24 2 0 2 26 2 6 23 26 7 1 7 23 17 6 0 6 24 1 21 1 21 7 1 13 17
split_gain=4.5536 6.82789 4.51739 4.84413 4.69934 4.60102 4.18118 15.4679 21.0155 9.67525 9.54891 4.15239 4.14792 3.52706 3.58618 2.76688 2.28427 2.27499 1.99932 1.92079 1.71035 1.47186 2.27487 1.28653 0.932413 0.41701 0.257275 0.201231 0.181268 0.0938197
threshold=1.0000000180025095e-35 0.19090909510850909 0.37377451360225683 0.34848485887050634 2.5000000000000004 0.2264957278966904 0.65261757373809826 0.88194444775581371 1.0000000180025095e-35 0.76388889551162731 1.0000000180025095e-35 0.071714289486408248 1.0000000180025095e-35 0.25962962210178381 0.73678031563758861 0.82182541489601146 0.12150349840521814 0.81785002350807201 1.0000000180025095e-35 0.6776927411556245 1.0000000180025095e-35 3.5000000000000004 0.83648583292961132 1.0000000180025095e-35 0.85620927810668956 1.0000000180025095e-35 0.94665718078613292 0.86076942086219799 1.0000000180025095e-35 0.53615716099739086
decision_type=2 2 2 2 2 2 2 2 2 2 2 2 2 2 2 2 2 2 2 2 2 2 2 2 2 2 2 2 2 2
left_child=18 11 3 4 5 -3 7 8 -4 10 -8 19 -11 -5 -15 -6 24 -18 -1 21 23 22 -2 -21 -13 -23 28 -26 -20 -30
right_child=1 2 6 13 15 -7 9 -9 -10 12 -12 16 -14 14 -16 -17 17 -19 26 20 -22 25 -24 -25 27 -27 -28 -29 29 -31
leaf_value=0.049739427975887165 -0.038661474178137693 -0.02068181996135519 -0.002761576356442981 -0.14911159839014712 -0.05976086286642255 0.041693115546578341 0.0012417847463736867 0.052690057745008581 -0.049328952002053311 0.020857683854238394 0.022287034293494296 0.075002340643091747 -0.0031727097693460488 0.011879103009178105 0.05623393026579019 0.0015431718906149545 -0.2099158810846895 0.050632573848560403 -0.052222454341457718 0.053117853197260693 0.10106049983300375 -0.088180579429463599 0.018126577107382785 -0.099504574900148454 -0.025764447746586136 -0.053370187823751802 0.035689758647052754 0.02527998692340927 -0.05048327485732821 0.0093163143482521259
leaf_weight=6.3729236261278848 10.806036739857527 4.700686756215875 154.29155174615153 0.25589676000527362 4.0037701318651662 7.9677446794958087 125.00892800328438 10.372695673620909 28.741095612385834 18.654752387301414 94.754626413661754 1.3872966786584582 480.52782157012552 7.8043859377066864 10.952469654148443 3.4066185121337185 0.18240294593852002 0.15495180485595483 0.56011544622015186 0.25891566387144849 0.47404774802271277 1.0459650413249617 2.1074593315133816 0.29585222146124468 0.27258324588183303 4.8477557915539355 0.15164818917401135 0.66199561220128089 0.088321702351095155 0.2548434147174703
leaf_count=12975 21264 3326 23186 32 2869 2640 21294 3231 12724 3601 14539 32 35385 1422 1553 3878 8 61 61 13 13 121 848 34 3 15993 54 56 8 99
internal_value=0.000185176 -0.000112263 0.000531463 0.0171756 4.82888e-05 0.0185486 -0.00018169 -0.00670777 -0.0100739 0.00157391 0.0103158 -0.0273389 -0.00227468 0.0352633 0.0377787 -0.0315789 0.031332 -0.0902423 0.0391853 -0.0352043 0.0313194 -0.0388434 -0.0293938 -0.0282742 0.0489961 -0.059548 -0.0245731 0.0103921 -0.0346904 -0.00607453
internal_weight=981.366 973.938 951.443 39.0916 20.0788 12.6684 912.351 193.405 183.033 718.946 219.764 22.4953 499.183 19.0128 18.7569 7.41039 2.65923 0.337355 7.42785 19.836 1.02882 18.8072 12.9135 0.554768 2.32188 5.89372 1.05493 0.934579 0.903281 0.343165
internal_count=181323 168126 129680 15720 12713 5966 113960 39141 35910 74819 35833 38446 38986 3007 2975 6747 160 69 13197 38286 60 38226 22112 47 91 16114 222 59 168 107
is_linear=0
shrinkage=0.05


Tree=171
num_leaves=31
num_cat=0
split_feature=2 2 0 2 24 2 11 18 0 2 2 24 26 11 0 1 1 11 6 0 1 18 11 24 1 11 11 11 12 11
split_gain=4.31511 6.32778 4.13269 4.48665 4.28451 4.15317 4.03896 4.00528 9.57899 21.2296 9.34395 5.83483 11.869 6.3144 3.1606 4.79731 3.98375 2.68656 1.90601 1.76178 1.69906 1.67755 1.43378 1.35097 2.31869 0.649998 0.5683 0.465465 0.350726 0.0934198
threshold=1.0000000180025095e-35 0.19090909510850909 0.37377451360225683 0.34848485887050634 2.5000000000000004 0.2264957278966904 0.44097222387790685 1.0000000180025095e-35 0.72264957427978527 0.78888890147209179 0.89444443583488475 3.5000000000000004 1.0000000180025095e-35 0.21240601688623431 0.35781671106815344 0.67513108253479015 0.73678031563758861 0.56696429848670971 1.0000000180025095e-35 0.6776927411556245 0.82779976725578319 1.0000000180025095e-35 0.81365740299224865 3.5000000000000004 0.83648583292961132 0.1695402339100838 0.54772728681564342 0.19292803853750232 0.23611111193895343 0.045983087271451957
decision_type=2 2 2 2 2 2 2 2 2 2 2 2 2 2 2 2 2 2 2 2 2 2 2 2 2 2 2 2 2 2
left_child=18 6 3 4 5 -3 19 8 10 -10 -4 13 -13 -9 16 -16 -5 -6 29 23 28 -21 26 24 -2 -20 -22 -25 -8 -1
right_child=1 2 7 14 17 -7 20 11 9 -11 -12 12 -14 -15 15 -17 -18 -19 25 21 22 -23 -24 27 -26 -27 -28 -29 -30 -31
leaf_value=-0.018146459662333869 -0.040337131337013714 -0.019816663105847881 -0.018485560299876073 -0.0034005061305086939 -0.040759523998487951 0.039597931303986728 0.030824544632038622 -0.00616328143414328 0.026050922757576828 -0.0065216052638552057 0.050575768272544612 -0.0094032410536845877 0.017903305387411427 0.0087847478148616234 0.24026130778362398 0.055767126465296094 0.048399060108028941 0.058394597693277789 -0.045363973467174079 0.094451459821171133 -0.017287577489356939 -0.036622877104450141 -0.11880059783194402 -0.050183977961561647 0.017067220711298584 0.050730403224049238 0.053073914742054154 -0.081832409088403779 0.074777584532779384 0.050242836684343033
leaf_weight=0.050352453254162266 10.241668304835921 4.6616372709395382 116.99768194896751 7.079099804497675 6.5505129135781308 7.9698346702207346 0.79828222841024343 218.73960583072039 65.632865113060689 210.34438244756893 5.1117852203897192 56.838634567022382 132.7049582906111 104.35262882732786 0.39311337158142068 3.3978287491190713 7.8031704863242339 0.76268841727869574 0.79625922755803891 0.49286565068177779 0.82424958114279412 0.48364971322007477 0.27479577634949226 3.4452902553603044 2.123912688199197 0.22590246665640734 0.4402629082032945 1.7528503927460404 1.0519804978830505 6.0193684458208736
leaf_count=3 21261 3326 19629 1302 6681 2640 7 16952 10582 13391 1483 9056 14251 28616 71 355 1279 66 92 18 23 38 41 15912 846 130 58 197 45 12972
internal_value=0.000178091 -0.000105653 0.00050773 0.0165282 3.77026e-05 0.017671 -0.026659 -0.000171593 -0.00393437 0.00122479 -0.0155945 0.00275039 0.00971486 -0.00133535 0.0341415 0.0748988 0.0237594 -0.0304188 0.0390383 -0.0358339 0.0235259 0.0295328 -0.0152852 -0.0394682 -0.0304774 -0.0241267 0.00721005 -0.0608561 0.0558144 0.0496755
internal_weight=978.362 971.27 949.34 38.6179 19.9447 12.6315 21.9298 910.723 398.087 275.977 122.109 512.636 189.544 323.092 18.6732 3.79094 14.8823 7.3132 7.09188 18.5402 3.38957 0.976515 1.53931 17.5637 12.3656 1.02216 1.26451 5.19814 1.85026 6.06972
internal_count=181323 168126 129680 15720 12713 5966 38446 113960 45085 23973 21112 68875 23307 45568 3007 426 2581 6747 13197 38272 174 56 122 38216 22107 222 81 16109 52 12975
is_linear=0
shrinkage=0.05


Tree=172
num_leaves=31
num_cat=0
split_feature=15 13 11 23 7 0 15 11 19 12 12 5 11 7 7 1 2 15 15 11 24 3 17 24 0 0 1 0 15 7
split_gain=4.60329 4.72288 19.1057 4.13295 4.89682 4.68819 4.06941 5.28813 36.6326 4.68215 6.0569 4.37335 3.55597 3.32301 5.22769 4.27046 3.63791 3.78629 3.24268 3.16223 2.06169 1.12005 3.0597 0.834519 1.71754 1.26887 0.235515 0.765874 0.151195 0.567262
threshold=0.97067421674728405 1.0000000180025095e-35 0.045983087271451957 0.41666667163372045 0.75716626644134533 0.75219297409057628 0.26483158767223364 0.056349206715822227 1.0000000180025095e-35 0.18333333730697635 0.13392857462167743 1.0000000180025095e-35 0.71714287996292125 0.57735043764114391 0.59491634368896495 0.91034039855003368 0.2264957278966904 0.28897570073604589 0.78277722001075756 0.11269841343164445 2.5000000000000004 0.86607143282890331 0.80972057580947887 4.5000000000000009 0.63211598992347728 0.62605932354927074 0.71816697716712963 0.62605932354927074 0.1183014363050461 0.55051019787788402
decision_type=2 2 2 2 2 2 2 2 2 2 2 2 2 2 2 2 2 2 2 2 2 2 2 2 2 2 2 2 2 2
left_child=1 2 28 13 5 12 9 8 -8 10 -4 -9 -5 16 15 -15 17 -3 -16 -11 -18 22 -6 26 25 -25 27 -2 29 -1
right_child=23 3 6 4 21 -7 7 11 -10 19 -12 -13 -14 14 18 -17 20 -19 -20 -21 -22 -23 -24 24 -26 -27 -28 -29 -30 -31
leaf_value=0.043573833767537658 0.050555434104567781 -0.034677432885803432 0.0050773633783206557 0.0509527643365019 -0.072399297569929313 -0.30123694835095449 1.7561672423448202 0.0089131142436336946 0.049871585161277682 0.00024952659450330246 -0.11929636113083682 -0.0085960303832658801 -0.033715828478173691 -0.1057963761325891 0.0016547003547003538 0.046225403886597564 0.021120068000884586 0.044984369536600406 -0.028879923185430457 0.054462454818183653 0.059617942198908848 0.048474219965671417 0.037305191351491275 0.050607748297977644 0.051265228095112574 -0.16732513485335776 0.05160585504894695 -0.064887538171512868 -0.052612750264978463 -0.050871125450810718
leaf_weight=0.19602655738708807 0.58074509940342878 4.7957506220991517 51.348566237196792 1.800994362609347 0.76593522737675535 0.13895901839714486 0.033199650104505873 43.867923427256756 0.59881464172212873 3.9704392350395201 0.9979115928945238 190.68810193016543 3.981767594217672 1.9719909984851249 592.73616944779496 0.60328415667754587 10.906178313365674 2.1649637927766889 8.8242197857034608 8.3397769676521403 5.1057636399054891 10.439472061421839 3.7345187178143533 0.097419540077680611 0.4956498615356395 0.21242899575736374 5.1789220611099154 0.19089341157814488 19.588639825939026 0.84146312256052624
leaf_count=130 1784 2882 8292 1390 811 19 15 9155 1045 452 96 12383 3124 529 36061 187 2091 5224 5994 1006 547 21609 4897 115 567 8 5794 8 54274 834
internal_value=0.00017189 -0.000115035 -0.00508004 0.00234054 0.0242343 -0.0142429 -0.00187807 -0.00493219 0.139503 0.00923127 0.00270635 -0.00532138 -0.00734648 0.00161222 0.000902472 -0.0701837 0.0202771 -0.00990053 0.00120679 0.036977 0.033396 0.0394854 0.0186345 0.0413009 -0.00646174 -0.0988048 0.0477662 0.0219963 -0.0516276 -0.0330264
internal_weight=975.197 968.441 320.471 647.97 20.8616 5.92172 299.845 235.188 0.632014 64.6567 52.3465 234.556 5.78276 627.108 604.136 2.57528 22.9727 6.96071 601.56 12.3102 16.0119 14.9399 4.50045 6.75606 0.805498 0.309849 5.95056 0.771639 20.6261 1.03749
internal_count=181323 173047 87682 85365 31850 4533 32444 22598 1060 9846 8388 21538 4514 53515 42771 716 10744 8106 42055 1458 2638 27317 5708 8276 690 123 7586 1792 55238 964
is_linear=0
shrinkage=0.05


Tree=173
num_leaves=31
num_cat=0
split_feature=15 13 11 15 12 12 17 7 24 11 18 1 25 25 7 0 0 8 7 11 7 1 7 0 17 24 0 0 8 17
split_gain=4.35776 4.29042 18.2878 3.68894 4.38142 5.62269 4.2072 7.53939 4.9749 3.44035 8.64086 6.32339 7.78464 5.57895 3.09358 10.8053 4.83775 3.88116 5.14632 3.04827 2.87943 2.51169 2.34475 13.7194 2.52692 0.80532 1.52969 1.03253 0.238751 0.60891
threshold=0.97067421674728405 1.0000000180025095e-35 0.045983087271451957 0.26483158767223364 0.18333333730697635 0.13392857462167743 0.98496156930923473 0.90098038315773021 3.5000000000000004 0.25462962687015539 1.0000000180025095e-35 0.94286730885505687 1.0000000180025095e-35 1.0000000180025095e-35 0.82650500535964977 0.70521390438079845 0.70087718963623058 0.41666667163372045 0.91240409016609203 0.11269841343164445 0.86729559302330028 0.77117356657981884 0.80810147523880016 0.8019607961177827 0.99707603454589855 4.5000000000000009 0.63211598992347728 0.62605932354927074 0.29166667163372045 0.98657658696174633
decision_type=2 2 2 2 2 2 2 2 2 2 2 2 2 2 2 2 2 2 2 2 2 2 2 2 2 2 2 2 2 2
left_child=1 2 -1 4 5 -4 8 -8 -5 14 11 12 -11 -13 15 16 -3 20 -19 -6 -16 -17 23 -12 -24 28 27 -27 29 -2
right_child=25 9 3 6 19 -7 7 -9 -10 10 22 13 -14 -15 17 21 -18 18 -20 -21 -22 -23 24 -25 -26 26 -28 -29 -30 -31
leaf_value=-0.051608393994052593 -0.05168784772978248 0.0015087223691637559 0.0048259708080640902 0.0044211075756302688 0.00023703973883214117 -0.11669420397838398 -0.050342528860703444 0.013254472635537098 -0.010785332137528872 0.015342642962579468 0.01776502043109698 -0.24909602536279785 -0.039153301227947856 0.043554384908785632 -0.017580949999385202 0.11062092272281809 -0.2692213252195283 -0.016475066214134582 0.00069359999515035485 0.053794417319539413 0.059838382188698462 0.039544364254247108 0.046721840002161508 -0.70337207965501303 -0.024366311155461381 0.050578330396191654 0.051205319431561973 -0.14719758487652587 0.051522980066804891 0.050588376554956564
leaf_weight=19.627565532988228 0.20676160985021752 68.310611164262809 51.322900219245639 115.54336168212467 3.9706269462258197 0.96987979016557702 12.514723458625669 7.425124741610488 100.62938267782738 11.530529704890796 10.933976013999199 0.1666560879239104 15.180958995653782 7.1355543904792285 1.6413692917340075 1.3480014926753963 0.1654095716367 48.438629956370278 441.32233324075059 8.0290874394995608 4.4765909517009277 15.949503534880931 19.051574220895422 0.066353914065985786 1.3378611830557918 0.092720871412893646 0.47201443408266641 0.2289284595171921 4.9725195148130297 0.49137851624982432
leaf_count=55238 117 9729 8292 12213 452 96 731 542 9112 8948 10129 149 5429 8603 105 23 25 3230 8189 1006 227 826 27456 90 2207 115 567 8 5803 1666
internal_value=0.000160433 -0.000113063 -0.00484851 -0.00179336 0.00882474 0.00257212 -0.00468462 -0.0266605 -0.00265756 0.00222908 0.0131016 -0.0043572 -0.0156291 0.0368753 0.00100652 0.00977411 0.000854751 -0.00051003 -0.00100443 0.0360726 0.0390678 0.0450834 0.0320199 0.0134151 0.0420574 0.0410765 -0.00609628 -0.0901853 0.0476788 0.0202982
internal_weight=973.553 967.089 320.033 300.405 64.2925 52.2928 236.113 19.9398 216.173 647.056 65.4035 34.0137 26.7115 7.30221 581.652 85.7735 68.476 495.879 489.761 11.9997 6.11796 17.2975 31.3898 11.0003 20.3894 6.46432 0.793664 0.321649 5.67066 0.69814
internal_count=181323 173047 87682 32444 9846 8388 22598 1273 21325 85365 63011 23129 14377 8752 22354 10603 9754 11751 11419 1458 332 849 39882 10219 29663 8276 690 123 7586 1783
is_linear=0
shrinkage=0.05


Tree=174
num_leaves=31
num_cat=0
split_feature=11 11 0 7 5 21 11 17 11 11 17 23 15 15 0 14 12 15 15 15 0 0 7 0 7 24 23 12 24 0
split_gain=4.12734 3.93887 5.08003 5.34098 4.29913 3.81745 4.31428 4.01622 6.3061 4.8403 6.62101 4.31949 3.97586 2.98157 5.84261 4.79469 2.48361 3.41773 16.8995 3.06765 3.06411 2.94231 2.39053 2.20287 2.03371 1.48945 1.53034 1.0956 1.02623 0.520988
threshold=0.82085561752319347 0.81365740299224865 0.69309264421463024 0.69604039192199718 1.0000000180025095e-35 1.0000000180025095e-35 0.56696429848670971 0.85762548446655285 0.17752101272344592 0.43303571641445165 0.67379865050315868 0.28165064752101904 0.95480081439018261 0.73183304071426403 0.86240702867507946 1.0000000180025095e-35 0.81666666269302379 0.47699365019798284 0.45852446556091314 0.90336728096008312 0.62605932354927074 0.78647416830062877 0.4014925360679627 0.39559109508991247 0.71902412176132213 7.5000000000000009 0.77032968401908886 0.76388889551162731 4.5000000000000009 0.94519516825675975
decision_type=2 2 2 2 2 2 2 2 2 2 2 2 2 2 2 2 2 2 2 2 2 2 2 2 2 2 2 2 2 2
left_child=1 5 3 -3 -5 6 13 9 -9 10 -7 -11 -10 14 -1 -15 17 18 -2 22 28 -22 23 -19 -6 26 -8 -24 -21 -18
right_child=16 2 -4 4 24 7 25 8 12 11 -12 -13 -14 15 -16 -17 29 19 -20 20 21 -23 27 -25 -26 -27 -28 -29 -30 -31
leaf_value=0.016457803913968384 0.050545937620482408 0.051914043100459474 0.050879175067915144 0.050832495431449215 -0.34505392280852887 5.0908350216030412e-06 0.033806343033960774 -0.050194054905496832 -0.0098898815732352124 0.039922273211291583 -0.021371470305771995 0.0051575840650570602 0.022823728153962275 -0.089596439004313924 5.3775225192152875e-05 -0.0076718822724170903 0.050058984253765371 0.05093099863333217 -0.52881791975719705 0.052651530772051439 -0.085839291487391167 0.050433089738543581 0.045543266977463338 -0.21647166499235429 -0.17578450601604589 -0.078399729333105947 -0.064543282476026836 -0.044622147332031584 -0.052550308495104142 0.017776437626383548
leaf_weight=71.653912937588757 0.4715523342893001 0.33011196774896134 0.59860439127078269 0.17089331203896996 0.2465587763581425 407.00716902888962 15.658712496515367 9.1666101782320748 113.49035337995156 12.917862223635892 39.762144154214184 28.979718383925501 10.115681671319178 2.042058789927979 223.87566036773205 14.240789870425942 6.6061148707958637 0.13597927882801553 0.17169629730051383 1.2752538966306022 1.8584775317867754 0.50340013483946666 6.3109065700409701 0.17762668430805206 0.6330625422851881 0.31537256229785171 0.40578342929075084 0.35590909922029812 0.28331176657229651 1.5413820761605164
leaf_count=11984 165 208 439 81 3 23040 17652 31064 9864 2708 33611 6523 956 71 12208 2937 20416 142 14 208 87 167 1033 1 83 30 502 20 9 5097
internal_value=0.000157063 -0.000311792 -0.0707738 -0.123519 -0.178647 -0.000164935 0.00419735 -0.00246873 -0.0101801 -0.000373522 -0.00189741 0.0158762 -0.00721266 0.00288343 0.00403109 -0.0179462 0.0228148 0.00789708 -0.104098 0.0145058 -0.020887 -0.0567948 0.0343836 -0.100526 -0.223231 0.0292095 0.0313221 0.0407298 0.0335282 0.0439516
internal_weight=971.303 951.611 1.97923 1.38063 1.05051 949.632 328.192 621.44 132.773 488.667 446.769 41.8976 123.606 311.812 295.53 16.2828 19.6916 11.5441 0.643249 10.9009 3.92044 2.36188 6.98042 0.313606 0.879621 16.3799 16.0645 6.66682 1.55857 8.1475
internal_count=181323 153964 814 375 167 153150 45384 107766 41884 65882 56651 9231 10820 27200 24192 3008 27359 1846 179 1667 471 254 1196 143 86 18184 18154 1053 217 25513
is_linear=0
shrinkage=0.05


Tree=175
num_leaves=31
num_cat=0
split_feature=15 2 2 8 9 15 11 0 0 2 6 24 1 1 1 12 24 0 0 11 11 12 8 0 11 11 7 11 1 12
split_gain=4.02288 3.80218 5.44246 3.6888 5.72659 41.707 3.54753 3.31421 4.33438 4.14651 1.69343 1.6271 1.64576 1.6006 1.33959 1.16189 0.758844 1.29944 0.796617 0.590512 0.425912 0.33331 0.215269 0.507652 0.140623 0.0754887 0.0709376 0.00213098 0.00102389 0.00103356
threshold=0.97067421674728405 1.0000000180025095e-35 0.19090909510850909 0.29166667163372045 1.0000000180025095e-35 0.85764944553375255 0.44097222387790685 0.37377451360225683 0.66369047760963451 0.37980769574642187 1.0000000180025095e-35 3.5000000000000004 0.83648583292961132 0.82779976725578319 0.65267154574394237 0.88194444775581371 4.5000000000000009 0.63211598992347728 0.62605932354927074 0.1695402339100838 0.19292803853750232 0.23611111193895343 0.29166667163372045 0.62605932354927074 0.98148149251937877 0.045983087271451957 0.93582704663276683 0.64852941036224376 0.90002673864364635 0.36666667461395269
decision_type=2 2 2 2 2 2 2 2 2 2 2 2 2 2 2 2 2 2 2 2 2 2 2 2 2 2 2 2 2 2
left_child=1 10 6 4 14 -6 11 9 -9 -5 25 12 -3 21 -4 -15 22 18 -18 26 -13 -8 23 -2 -25 -1 -12 -24 29 -29
right_child=16 2 3 7 5 -7 13 8 -10 -11 19 20 -14 15 -16 -17 17 -19 -20 -21 -22 -23 27 24 -26 -27 -28 28 -30 -31
leaf_value=-0.01391671021409549 0.050566157248224303 -0.034670888515005611 -0.020005908735374486 -0.0026851844253012449 0.028370410325750384 -2.3429294247799635 0.029286925112161667 -0.0073411995464821925 0.0011563560291721897 0.032089189786912775 -0.052388095400168783 -0.048422865932003734 0.0092397069902629848 0.0050236873850682661 0.050887387622044956 -0.10844432255189684 0.050555452388437942 0.051130773014725399 -0.12544786204186664 0.050739253816323618 -0.079543391015477666 0.072848959992834347 0.056984235903929682 -0.063667247769421551 0.050011125144701768 0.050239015184980522 -0.014668140572480762 0.052656255993016259 0.050509037348375911 0.05005217933853201
leaf_weight=0.046253428794442608 0.44045431368431209 9.9014030823163974 0.74630839788733183 16.686533528656582 0.16524075779307157 0.020886645550490357 0.77516659349203054 190.69666467049683 704.29885720125458 17.629056975390995 0.57390077761374403 3.1350490642362265 2.720072584677836 1.1905887931643517 6.2192205160608864 0.27835797765874293 0.086876592031330691 0.43942135521501768 0.24729346879757941 0.21092804144427646 1.6932169308638547 1.0128654684958744 0.16634573612827797 0.16858498752117157 0.032439296104712412 5.2731736350688152 0.15922726620920002 1.5813069566502238 2.3681440188083798 0.50200196086370841
leaf_count=3 1615 21274 349 11861 367 6 7 36701 69887 2717 62 15925 875 46 918 59 115 567 8 120 198 42 3 1 167 11600 30 85 3685 2030
internal_value=0.000154072 -0.000100801 -0.000354892 0.000205748 0.0359779 -0.23773 -0.0257099 -6.95422e-05 -0.000654218 0.0151796 0.0387287 -0.0346509 -0.0252077 0.0221933 0.0432917 -0.0164779 0.0408566 -0.00538062 -0.079691 -0.0229847 -0.0593365 0.0539635 0.0476577 0.0205168 -0.045323 0.0496812 -0.0441957 0.0514279 0.0512203 0.0520288
internal_weight=969.466 963.433 957.169 936.463 7.15166 0.186127 20.7067 929.311 894.996 34.3156 6.26348 17.4497 12.6215 3.25698 6.96553 1.46895 6.03287 0.773591 0.33417 0.944056 4.82827 1.78803 5.25928 0.641479 0.201024 5.31943 0.733128 4.6178 4.45145 2.08331
internal_count=181323 173047 161232 122806 1640 373 38426 121166 106588 14578 11815 38272 22149 154 1267 105 8276 690 123 212 16123 49 7586 1783 168 11603 92 5803 5800 2115
is_linear=0
shrinkage=0.05


Tree=176
num_leaves=31
num_cat=0
split_feature=15 13 11 23 7 11 11 15 11 23 21 17 15 15 26 3 0 3 0 1 23 3 17 11 11 17 15 7 17 7
split_gain=3.8079 3.67146 17.2001 3.61205 4.48218 3.91958 7.50236 3.28939 4.11236 5.59075 5.59046 3.6493 6.70826 4.75466 3.06618 12.7697 11.0562 10.1404 8.88862 6.20261 2.93939 1.14527 2.73335 0.3264 1.76926 0.611854 0.164428 0.559371 0.316821 0.483792
threshold=0.97067421674728405 1.0000000180025095e-35 0.045983087271451957 0.41666667163372045 0.75716626644134533 0.71714287996292125 0.83666664361953746 0.26483158767223364 0.12060606107115747 0.071714289486408248 1.0000000180025095e-35 0.98496156930923473 0.94881153106689464 0.94146201014518749 1.0000000180025095e-35 0.81666666269302379 0.72264957427978527 0.96153846383094799 0.97182539105415355 0.90296462178230297 0.29649980366230017 0.86607143282890331 0.80972057580947887 0.8441295623779298 0.84807693958282482 0.99707603454589855 0.1183014363050461 0.55051019787788402 0.28215467929840093 0.73123827576637279
decision_type=2 2 2 2 2 2 2 2 2 2 2 2 2 2 2 2 2 2 2 2 2 2 2 2 2 2 2 2 2 2
left_child=1 2 26 14 5 -5 -7 8 10 -10 -4 13 -13 -9 15 18 19 -18 -3 -16 -17 22 -6 -2 25 -25 27 -1 29 -28
right_child=23 3 7 4 21 6 -8 11 9 -11 -12 12 -14 -15 16 20 17 -19 -20 -21 -22 -23 -24 24 -26 -27 28 -29 -30 -31
leaf_value=0.044358848976361998 0.0518309049729552 0.00083591744717744572 0.0037107248489507087 0.05095586238364215 -0.066209198637648084 -0.08759349230083624 0.051195247761252352 -0.0037015718918673849 -0.045705008174011436 0.02388082627962488 -0.058082499181948834 -0.012609564660600321 -0.09351074515894725 0.040884564722367955 -0.039336875799794245 0.043263122336987501 0.026021837633590061 -0.0010279082911053559 -0.48943812206622922 0.023577957871368568 0.0048790955144870449 0.048311527502555296 0.036328456952449691 -0.0011981142525642344 0.050277151808553369 -0.10035014363094159 -0.11091393232089899 -0.05079758429495234 -0.050108584531469304 -0.05684021884186178
leaf_weight=0.19423687579547078 3.0638923963706466 134.33824564170936 19.642609952075876 1.7054440672945954 0.79889169760280943 2.7650415022508241 1.5029874607134841 209.71108368996647 3.1344633695116491 36.484711012424668 4.4984470580020561 17.260692949188527 3.0090539134689598 6.1549254525161805 25.844477931525038 25.529432545634339 38.027277577290079 389.80641819241282 0.092511453243786401 4.6173934502148759 6.1986703788716104 9.5731897858640878 3.4857123318215599 0.3489565051859248 2.0747962120367447 0.28078722085047048 0.55231203563744502 0.75381033417943399 15.12698765654204 1.6475270943192297
leaf_count=130 544 29443 632 1397 811 987 2149 20933 770 1572 6872 1207 66 392 3933 4221 5595 6382 17 208 3716 21609 4897 30 7686 16 36 834 54118 120
internal_value=0.00015352 -8.92323e-05 -0.00448372 0.00208092 0.0230888 -0.0131166 -0.038719 -0.00161395 0.00846345 0.0183756 -0.00780383 -0.004335 -0.0246194 -0.0024303 0.00141376 0.0072325 -0.000695878 0.00137636 0.000498525 -0.0298003 0.0357641 0.0386953 0.0172097 0.0406565 0.0279973 -0.0454076 -0.0515775 -0.0313018 -0.0526869 -0.0704165
internal_weight=968.225 962.457 318.171 644.286 19.8313 5.97347 4.26803 299.896 63.7602 39.6192 24.1411 236.136 20.2697 215.866 624.454 166.159 458.296 427.834 134.431 30.4619 31.7281 13.8578 4.2846 5.76843 2.70454 0.629744 18.2749 0.948047 17.3268 2.19984
internal_count=181323 173047 87682 85365 31850 4533 3136 32444 9846 2342 7504 22598 1273 21325 53515 37397 16118 11977 29460 4141 7937 27317 5708 8276 7732 46 55238 964 54274 156
is_linear=0
shrinkage=0.05


Tree=177
num_leaves=31
num_cat=0
split_feature=2 2 0 2 24 17 18 24 0 0 24 23 26 11 0 24 11 17 24 21 17 11 1 1 23 0 11 11 12 0
split_gain=3.82542 4.86882 3.42993 3.70294 3.96473 3.80901 3.52821 9.20484 6.82748 6.00231 5.46434 11.454 10.5153 3.3428 2.94665 4.30635 2.35798 2.33547 1.61845 1.79044 4.70359 1.56835 1.40425 1.33689 0.922703 0.632609 0.545369 0.371988 0.321061 0.233536
threshold=1.0000000180025095e-35 0.19090909510850909 0.37377451360225683 0.34848485887050634 2.5000000000000004 0.20848321169614795 1.0000000180025095e-35 3.5000000000000004 0.72264957427978527 0.64760348200798046 3.5000000000000004 0.37573529779911047 1.0000000180025095e-35 0.44097222387790685 0.28165064752101904 1.5000000000000002 0.56696429848670971 0.97510331869125377 3.5000000000000004 1.0000000180025095e-35 0.83684560656547557 0.10762548446655275 0.82779976725578319 0.82136294245719921 0.13363095372915271 0.79361054301261913 0.54772728681564342 0.19292803853750232 0.23611111193895343 0.85599079728126537
decision_type=2 2 2 2 2 2 2 2 2 2 2 2 2 2 2 2 2 2 2 2 2 2 2 2 2 2 2 2 2 2
left_child=21 13 3 4 5 -3 7 9 -9 -4 11 -8 -12 18 15 -5 -6 -16 19 20 -2 25 28 -21 26 -1 -24 29 -15 -20
right_child=1 2 6 14 16 -7 10 8 -10 -11 12 -13 -14 22 17 -17 -18 -19 27 23 -22 -23 24 -25 -26 -27 -28 -29 -30 -31
leaf_value=0.052012123233350693 -0.021152201160288986 0.048600602773513135 -0.0086881522596323462 -0.24895033454934035 -0.039653181003963929 -0.0076944959461037509 -0.0040113880394512967 -0.024967906706560648 -0.0051577566976317765 0.012506947107129976 -0.0085814837186342398 0.033082478395583155 0.01714293701874316 0.028039714342020513 0.051063903438926465 0.0083422463888624832 0.057652063755328789 -0.027907176187441863 -0.050187149487652155 -0.050960136970300385 0.12076239975779675 0.049961141162378417 -0.017644481020926823 -0.0059242210505648417 -0.090719929451357872 -0.043604622127462411 0.052823691611201318 -0.077963346034475189 0.071291336447982009 0.052598333097655284
leaf_weight=0.22888190194498648 3.5354298573220193 5.3996290345094184 48.925208714630571 0.16805016719445376 6.2817170173220793 6.7747845460908138 297.38667835936212 57.098803891720308 182.53500030246505 105.28624570571992 57.056682587724936 22.376833351518144 130.78278811790369 0.76153474301099711 11.64863189897005 5.0402288745390251 0.69109360662696406 1.0180410320608633 2.860383944738714 5.6883503024146194 0.69936798833077762 5.2526812456417247 0.81065837063943014 2.3199006472423207 0.30690948425035447 0.70831717929104343 0.41518456593621522 1.6403400360650264 0.98278815756202675 0.056351054459810146
leaf_count=47 146 230 7354 20 6681 5736 29332 11938 15650 10143 9056 16236 14251 7 1745 931 66 311 15924 20412 63 13058 23 1528 38 92 61 198 45 1
internal_value=0.000149523 -0.000103488 0.000417726 0.0153334 5.48165e-05 0.0172737 -0.000194854 -0.00374606 -0.00987803 0.00578258 0.0025605 -0.00141558 0.00932908 -0.0244666 0.0316994 4.04521e-05 -0.030009 0.0447169 -0.0334774 -0.0240093 0.0022847 0.0393301 0.0217275 -0.0379137 -0.0131886 -0.0202532 0.0062226 -0.0589143 0.0524086 -0.0482013
internal_weight=964.737 958.548 938.47 37.0222 19.1472 12.1744 901.448 393.845 239.634 154.211 507.603 319.764 187.839 20.0772 17.875 5.20828 6.97281 12.6667 16.8001 12.243 4.2348 6.18988 3.27708 8.00825 1.53275 0.937199 1.22584 4.55708 1.74432 2.91673
internal_count=181323 168126 129680 15720 12713 5966 113960 45085 27588 17497 68875 45568 23307 38446 3007 951 6747 2056 38272 22149 209 13197 174 21940 122 139 84 16123 52 15925
is_linear=0
shrinkage=0.05


Tree=178
num_leaves=31
num_cat=0
split_feature=2 3 23 21 12 23 1 17 11 11 0 7 9 1 11 0 12 21 7 1 7 11 11 0 23 17 11 19 7 12
split_gain=3.63029 4.54469 3.26601 3.40366 4.36059 6.0075 3.50386 3.48234 8.04166 6.14402 2.47919 2.11629 2.06873 2.96958 1.49538 0.594734 0.190578 0.163702 0.108642 0.0987795 0.0810699 0.0599193 0.00445716 0.00368936 0.000808008 0.000566878 0.000161502 0.000135029 3.07439e-05 6.51452e-05
threshold=1.0000000180025095e-35 0.30952382087707525 0.68301436305046093 1.0000000180025095e-35 0.41428571939468389 0.12552521377801898 0.91381365060806286 0.7949768900871278 0.17752101272344592 0.57518798112869274 0.66927084326744091 0.81016731262207042 1.0000000180025095e-35 0.93847250938415538 0.10762548446655275 0.79361054301261913 0.88194444775581371 1.0000000180025095e-35 0.86996778845787059 0.85153260827064525 0.93582704663276683 0.19292803853750232 0.10762548446655275 0.93142634630203258 0.68884804844856273 0.30805176496505743 0.11651583760976793 1.0000000180025095e-35 0.85053193569183361 0.30952382087707525
decision_type=2 2 2 2 2 2 2 2 2 2 2 2 2 2 2 2 2 2 2 2 2 2 2 2 2 2 2 2 2 2
left_child=14 10 3 4 6 -6 -3 9 -9 -5 16 12 24 -14 15 27 17 21 22 -19 25 -2 -18 26 -4 -17 -16 -1 29 -13
right_child=1 2 11 7 5 -7 -8 8 -10 -11 -12 28 13 -15 23 20 18 19 -20 -21 -22 -23 -24 -25 -26 -27 -28 -29 -30 -31
leaf_value=0.053319781153936346 -0.050345625771672786 0.013892479746679044 0.054756118532940358 -0.00080064137102909899 0.0014108376214153643 0.042985027797477544 -0.00050817080292634386 -0.050153142648376559 -0.0055000089423018327 0.039167390814396512 0.062308174325984969 0.052241385526632191 0.052350192417878576 -0.16010943305028244 0.051981516149535424 -0.054591004289244197 -0.052966480977321706 -0.052053026535408525 -0.093570571784214365 -0.023127404664023809 -0.010484275429971841 -0.085612185275928843 -0.035792812939478072 0.040850030398845126 0.050330876931452655 -0.050991136231396818 0.050091114525129314 0.050813316043840595 0.050115651735278134 0.050179610282150948
leaf_weight=0.095886288210748627 0.16059288114774961 51.39934995395015 0.14024078792135586 439.32005120333633 18.665256939508254 16.257964402648213 237.03134392888751 10.75225280250015 161.9456464879986 9.8305562851746782 0.47306137344276056 0.0535799239296465 0.2650493709516013 0.43340485115186311 0.11572101278579783 0.15343256294727325 0.10044291256053828 3.0626246115316458 0.51435964206029894 0.32662656715547189 0.15055184811353683 0.48174723982810974 0.060560062403965276 0.1093594028498045 0.39005318300041836 0.38071489246794954 4.7741977496116306 0.122229173197411 4.9135889839963056 0.1344539194542449
leaf_count=2 111 3106 53 37453 1133 27487 11683 35395 20537 3309 22 2 174 30 9 2 57 15200 21 324 29 2 11 28 789 61 13021 45 10825 402
internal_value=0.000144254 -9.69179e-05 0.000157346 -8.2382e-05 0.00407849 0.0207651 0.00205808 -0.00224598 -0.00828013 7.41387e-05 -0.0468034 0.0359517 -0.0229551 -0.0794853 0.0392375 -0.0199864 -0.0577694 -0.0536516 -0.0823508 -0.0492654 -0.0428912 -0.0767951 -0.0465067 0.0499327 0.0515012 -0.0520252 0.0501359 0.0519152 0.0501397 0.0507671
internal_weight=962.615 956.713 951.533 945.202 323.354 34.9232 288.431 621.849 172.698 449.151 5.18002 6.33037 1.22875 0.698454 5.90209 0.902815 4.70695 4.03159 0.675363 3.38925 0.684699 0.64234 0.161003 4.99928 0.530294 0.534147 4.88992 0.218115 5.10162 0.188034
internal_count=181323 168126 152378 140103 43409 28620 14789 96694 55932 40762 15748 12275 1046 204 13197 139 15726 15637 89 15524 92 113 68 13058 842 63 13030 47 11229 404
is_linear=0
shrinkage=0.05


Tree=179
num_leaves=31
num_cat=0
split_feature=15 2 2 15 15 7 17 26 0 2 11 0 19 6 1 24 11 24 0 0 11 0 1 0 1 11 11 0 0 17
split_gain=3.56802 3.29586 4.30915 3.29387 30.8686 46.5164 6.74542 3.80242 16.1385 9.34559 2.95085 1.47882 1.55859 1.42863 1.37869 1.21217 0.937946 0.702218 1.07835 0.601509 0.491725 0.262798 0.203295 0.591254 0.0884892 0.062992 0.00129261 0.00086424 0.00154403 0.000573053
threshold=0.97067421674728405 1.0000000180025095e-35 0.19090909510850909 0.92113238573074352 0.92508503794670116 0.9569842815399171 0.98312205076217662 1.0000000180025095e-35 0.74239632487297069 0.63068181276321422 0.44097222387790685 0.6776927411556245 1.0000000180025095e-35 1.0000000180025095e-35 0.82779976725578319 3.5000000000000004 0.7379862666130067 4.5000000000000009 0.63211598992347728 0.62605932354927074 0.1695402339100838 0.44862772524356848 0.71816697716712963 0.62605932354927074 0.96536955237388622 0.045983087271451957 0.64852941036224376 0.66369047760963451 0.65545505285263073 0.30805176496505743
decision_type=2 2 2 2 2 2 2 2 2 2 2 2 2 2 2 2 2 2 2 2 2 2 2 2 2 2 2 2 2 2
left_child=1 13 10 7 5 -5 -6 9 -9 -4 11 15 -13 25 21 -3 -16 22 19 -19 24 -12 23 -2 -15 -1 -24 28 -28 -26
right_child=17 2 3 4 6 -7 -8 8 -10 -11 14 12 -14 20 16 -17 -18 18 -20 -21 -22 -23 26 -25 29 -27 27 -29 -30 -31
leaf_value=-0.012345817705047259 0.050469685250504416 -0.027541512065050636 -0.00044766437809465662 -0.12591961358607284 0.021647486037102016 -0.98852191196880568 -0.047834248710095742 -0.026439026227402754 0.0009509351668672188 0.018399198509055966 0.026645087836304416 -0.036240447056154396 0.091474850972726895 -0.0061939095165535266 0.0049179186305420867 -0.059293242190994015 -0.095424978001653629 0.050528396197417752 0.051042880177566446 -0.10697427629257328 0.050644601258027756 0.067006112495172562 0.055922093048848875 -0.060913414102826725 -0.054347266660397658 0.050207295068083024 0.051513406464521107 0.050404014890524443 0.056979446434694186 -0.050644469135457663
leaf_weight=0.040605071932076409 0.43940453877439622 10.963668199663518 230.48995024267788 0.83359326900972408 9.4121196656196826 0.19235076980112353 5.5544760386401313 59.825110966798093 532.21462162329408 92.042930054820317 0.66301464781281483 0.47571932115533933 0.47983283663052134 0.13504735473543394 1.1613524474087169 4.141246229137324 0.29130166667164292 0.078951963587314711 0.39530905212450307 0.26105340814683586 0.1831263821804896 1.0296277613379059 0.14856618677731592 0.1634700672730105 0.1465875655412674 4.5572177413196187 1.9479223470625591 1.9104147639154687 0.13837431307183568 0.36384390294551849
leaf_count=3 1784 22107 39314 210 3143 156 403 18360 42269 18951 23 38 18 5 71 16109 34 115 567 8 120 26 3 8 2 11600 1968 3787 36 85
internal_value=0.000138466 -9.24076e-05 -0.000314409 0.000169428 -0.0223263 -0.287646 -0.00413891 0.000562796 -0.0018168 0.00493077 -0.0237575 -0.0324307 0.0278921 0.0387638 0.0205295 -0.0362467 -0.0152039 0.0403558 -0.00511206 -0.0704009 -0.0216695 0.0511965 0.047397 0.020268 -0.0421854 0.0496549 0.0513426 0.0511724 0.0518759 -0.0517079
internal_weight=960.681 955.197 949.771 930.565 15.9925 1.02594 14.9666 914.573 592.04 322.533 19.2058 16.0605 0.955552 5.42643 3.1453 15.1049 1.45265 5.48347 0.735314 0.340005 0.828605 1.69264 4.74815 0.602875 0.645479 4.59782 4.14528 3.99671 2.0863 0.510431
internal_count=181323 173047 161232 122806 3912 366 3546 118894 60629 58265 38426 38272 56 11815 154 38216 105 8276 690 123 212 49 7586 1792 92 11603 5794 5791 2004 87
is_linear=0
shrinkage=0.05


Tree=180
num_leaves=31
num_cat=0
split_feature=11 11 1 25 21 1 7 7 24 1 0 13 17 11 11 17 7 24 0 12 15 15 15 0 1 7 0 12 24 2
split_gain=3.46391 3.32172 4.94952 3.92187 2.9152 3.8532 6.25628 4.78326 4.39101 3.61674 5.87923 4.71322 3.45619 5.4957 4.04752 5.48359 3.91461 3.8822 2.50586 2.18877 2.94921 9.22385 2.76252 2.63415 2.8896 2.10855 1.51269 1.03354 0.939518 0.868069
threshold=0.82085561752319347 0.81365740299224865 0.89569163322448742 1.0000000180025095e-35 1.0000000180025095e-35 0.91688472032547008 0.78647416830062877 0.57735043764114391 5.5000000000000009 0.94616025686264049 0.86240702867507946 1.0000000180025095e-35 0.85762548446655285 0.17752101272344592 0.43303571641445165 0.67379865050315868 0.9759001135826112 3.5000000000000004 0.61167800426483165 0.81666666269302379 0.47699365019798284 0.45852446556091314 0.90336728096008312 0.62605932354927074 0.9399515986442567 0.4014925360679627 0.39559109508991247 0.76388889551162731 4.5000000000000009 0.73030304908752453
decision_type=2 2 2 2 2 2 2 2 2 2 2 2 2 2 2 2 2 2 2 2 2 2 2 2 2 2 2 2 2 2
left_child=1 4 3 -3 5 6 7 -1 -8 11 -11 -7 14 -14 15 -6 -15 -16 29 20 21 -2 25 28 -25 26 -22 -27 -24 -5
right_child=19 2 -4 18 12 9 8 -9 -10 10 -12 -13 13 16 17 -17 -18 -19 -20 -21 22 -23 23 24 -26 27 -28 -29 -30 -31
leaf_value=0.022621915620925848 0.050499818918227517 0.05055313214472669 0.050921932329599254 -0.04958078135070855 0.00011911743617715454 -0.034299677472294822 0.034105707299893179 -0.01713538294990451 -0.071477305894563442 0.031868822365297887 0.00095637865443049571 0.0048010952528416868 -0.050187733411688445 -0.010425808419833213 0.028387360206589347 -0.019606934891405258 0.015098902148721833 -0.0027544768215945607 -0.24210026447330224 0.043139988891438191 0.050946714679280906 -0.32619341314432165 0.052591616061449055 -0.081690797013772021 0.050440909797554327 0.045146669400256578 -0.17244105800756016 -0.042358334687669787 -0.049525168017176033 -0.17555396637810394
leaf_weight=12.761304931220367 0.42867009044857951 0.27961117694212512 0.64123312570882252 0.4117635810689535 403.65138476528227 15.659599711274495 30.235240594418432 18.580682508458267 1.0178802717127826 16.571365605683241 214.18712608002534 15.176101813354762 7.7579463504662263 105.76268017878465 23.052021414041519 38.599982758012629 17.507896394483396 17.68535735932528 0.49942724668653682 7.1976246815902405 0.11992651472973914 0.26173053740058094 1.1896366475339166 1.8391587283695119 0.53388967928185582 5.9830355601734482 0.20588074624538422 0.35761201829882328 0.27785033191321407 0.20475623144011479
leaf_count=4217 165 263 472 57 23040 1283 7773 2546 178 5716 18447 5224 31064 7890 5983 33611 2930 3248 16 25513 142 14 208 80 174 1033 1 20 9 6
internal_value=0.000139838 -0.000280555 -0.0640639 -0.116898 -0.000142085 0.00369362 0.0148372 -0.000947673 0.030667 0.00102715 0.00317628 -0.0150558 -0.00216727 -0.00936945 -0.000213407 -0.00160259 -0.00680058 0.0148677 -0.158854 0.0216278 0.00779992 -0.0923044 0.0143776 -0.0194005 -0.0519637 0.0338372 -0.0902142 0.0402114 0.0332571 -0.0914185
internal_weight=958.638 940.243 2.03679 1.39556 938.207 324.189 62.5951 31.342 31.2531 261.594 230.758 30.8357 614.017 131.029 482.989 442.251 123.271 40.7374 1.11595 18.395 11.1974 0.690401 10.507 3.84054 2.37305 6.66645 0.325807 6.34065 1.46749 0.61652
internal_count=181323 153964 814 342 153150 45384 14714 6763 7951 30670 24163 6507 107766 41884 65882 56651 10820 9231 79 27359 1846 179 1667 471 254 1196 143 1053 217 63
is_linear=0
shrinkage=0.05


Tree=181
num_leaves=31
num_cat=0
split_feature=15 2 3 13 11 15 26 3 0 0 6 11 11 11 7 15 13 11 7 1 11 13 15 17 11 7 26 17 12 7
split_gain=3.38335 3.09747 3.95378 2.95985 14.5786 3.05178 2.78524 10.0707 7.63626 2.25703 1.34818 0.459863 0.308462 1.47083 0.443119 0.158515 0.145844 0.181321 0.101342 0.0599111 0.000949438 0.000726497 0.000811792 0.000428325 0.000299981 0.000263962 0.000510483 0.000105446 0.000102643 7.70667e-05
threshold=0.97067421674728405 1.0000000180025095e-35 0.30952382087707525 1.0000000180025095e-35 0.045983087271451957 0.26483158767223364 1.0000000180025095e-35 0.81666666269302379 0.72264957427978527 0.66927084326744091 1.0000000180025095e-35 0.1695402339100838 0.8441295623779298 0.84807693958282482 0.89323708415031444 0.1183014363050461 0.75000000000000011 0.19292803853750232 0.93969696760177623 0.96536955237388622 0.64852941036224376 0.75000000000000011 0.98473194241523754 0.30805176496505743 0.11651583760976793 0.83192089200019848 1.0000000180025095e-35 0.66563147306442272 0.46428571641445165 0.51668518781661998
decision_type=2 2 2 2 2 2 2 2 2 2 2 2 2 2 2 2 2 2 2 2 2 2 2 2 2 2 2 2 2 2
left_child=1 10 9 4 15 -6 7 -5 -8 16 19 18 20 14 -14 -4 17 -3 23 24 -2 25 29 -12 27 26 -22 -1 -15 -23
right_child=12 2 3 6 5 -7 8 -9 -10 -11 11 -13 13 28 -16 -17 -18 -19 -20 -21 21 22 -24 -25 -26 -27 -28 -29 -30 -31
leaf_value=0.050700392960915885 0.055667035097853292 -0.050156383402503404 -0.030877310845927937 0.00074676048112704225 0.0082780415338160503 -0.0042270534264278381 -0.024113053080515409 0.029760591305180592 0.0016051884216615481 0.060731820209729961 -0.054121396470785316 0.050613375050106359 0.00062761524886910023 0.05103206010513775 -0.084666191282609243 -0.052904172290047374 -0.022416311886999846 -0.071612646423892728 -0.00094023832411725466 -0.011586274904011771 0.051145077455843513 0.052856338273978724 0.056732632422663791 -0.050854281288559289 0.050087633885981198 0.05042689517639936 0.053509208169194501 0.052575943772642277 0.050078294137548975 0.050686446738886962
leaf_weight=0.13763089801068318 0.14324581727851127 2.2971165311282666 0.86576873400917875 130.88096822141961 61.79465361819166 231.80933697594446 30.926737075023993 38.766930470752413 432.48562455125648 0.45044563870760601 0.14012911915779103 0.17287109714379767 0.32216929380956583 0.35189466485462606 0.28875390348548535 14.434214095923378 0.28626745965448197 1.7233524653711354 0.12231799872824922 0.039592465487657935 1.3066080976277596 0.066724622360197716 0.13221480401989538 0.35311906860442832 3.9916775875681196 0.76456062009674486 0.27669189707376052 0.16452034097164869 1.4220136400472256 0.1058061787916813
leaf_count=52 3 15509 767 21063 8179 18854 5923 18680 28078 21 2 120 22 43 24 43941 30 187 22 15 145 15 22 68 11532 209 8 4 7643 142
internal_value=0.000137127 -8.22005e-05 -0.000291995 -6.23677e-05 -0.00407471 -0.00159511 0.00189547 0.00737683 -0.000111169 -0.0457602 0.038696 -0.0214437 0.040434 0.0272239 -0.0396866 -0.0516578 -0.0568983 -0.0593535 -0.0416797 0.0496381 0.051702 0.0514879 0.0537847 -0.0517825 0.0502026 0.0511898 0.0515582 0.0517216 0.0502675 0.0515256
internal_weight=957.024 951.843 946.721 941.964 308.904 293.604 633.06 169.648 463.412 4.75718 5.12186 0.788437 5.18068 2.38483 0.610923 15.3 4.30674 4.02047 0.615566 4.33342 2.79585 2.65261 0.304746 0.493248 4.29383 2.34786 1.5833 0.302151 1.77391 0.172531
internal_count=181323 173047 161232 145485 71741 27033 73744 39743 34001 15747 11815 212 8276 7732 46 44708 15726 15696 92 11603 544 541 179 70 11588 362 153 56 7686 157
is_linear=0
shrinkage=0.05


Tree=182
num_leaves=31
num_cat=0
split_feature=11 11 1 25 21 11 1 1 0 24 2 1 7 11 23 8 23 23 1 27 7 24 23 7 7 2 0 11 24 23
split_gain=3.14294 2.90163 4.09984 3.00417 2.58802 3.76945 2.50302 3.33367 30.4301 2.45171 2.70646 2.4213 5.71288 2.93322 2.39223 2.17329 1.66182 4.72866 3.6229 2.98047 1.68884 1.36028 1.25947 1.23895 7.99191 1.07995 0.948942 0.741175 0.0169039 0.0121862
threshold=0.82085561752319347 0.81365740299224865 0.89569163322448742 1.0000000180025095e-35 1.0000000180025095e-35 0.56696429848670971 0.68560534715652477 0.68789184093475353 0.26975052058696752 1.5000000000000002 0.2264957278966904 0.99238026142120372 0.9759001135826112 0.31009615957736975 0.68301436305046093 0.75000000000000011 0.33503402769565588 0.37089948356151586 0.91688472032547008 1.0000000180025095e-35 0.4014925360679627 7.5000000000000009 0.77032968401908886 0.94804319739341747 0.94665718078613292 0.63068181276321422 0.61602565646171581 0.22401433438062671 3.5000000000000004 0.24653372913599017
decision_type=2 2 2 2 2 2 2 2 2 2 2 2 2 2 2 2 2 2 2 2 2 2 2 2 2 2 2 2 2 2
left_child=1 4 3 -3 5 11 9 8 -8 27 -11 12 -1 -13 -9 -5 28 18 -18 -20 25 22 -7 24 -22 -19 -17 -6 -2 -30
right_child=16 2 -4 15 6 21 7 14 -10 10 -12 13 -14 -15 -16 26 17 20 19 -21 23 -23 -24 -25 -26 -27 -28 -29 29 -31
leaf_value=0.0034600071623198505 0.050780410454065034 0.050515772703642964 0.050875079654841587 -0.075998394056059751 -0.02277611759829018 0.032415889505156802 1.4347425348476914 -0.0017491461874650602 0.01534678862149442 -0.048678397076026371 -0.0098046571522072776 -0.0035788717787733483 0.035507195816805261 0.038550355783480067 0.050472860648769859 -0.13684115058935872 0.051944169216226112 0.050071733779554373 0.051273915385248295 -0.20662393201978554 0.019943828081568929 -0.07445980413898913 -0.054491928384372203 0.050383745101805794 -0.41282982488878883 -0.15349367300273964 -0.26829315699204548 0.061359395192704093 0.064545519219742123 0.052066487274965711
leaf_weight=145.43091894751706 2.539424891860111 0.2614755350732586 0.60465515649411816 0.67791791142371949 0.33750413726375228 14.518108225121972 0.040851494006345912 588.40968633301964 0.49903913248999743 6.9926990634812709 12.447736756781522 142.50818979126052 15.376767620378812 4.2549521337932665 2.2011897965276139 0.24866701710561756 0.30648610494972561 0.09247499323100683 0.14043980413407553 0.55376828945009038 9.643957226624476 0.31878403137670908 0.42920505384972862 3.3545940870171753 0.10786976941744875 0.22051827789982781 0.30653194978367537 1.1663476978646938 0.45074768764607132 0.34566071661538444
leaf_count=16929 6327 263 472 34 233 17652 42 56526 527 35549 10807 4318 3268 2685 1874 37 112 205 127 15 11438 30 502 8703 186 12 8 2208 46 188
internal_value=0.000130718 -0.000264175 -0.0589823 -0.103426 -0.000132333 0.00348994 -0.00204283 -0.00144099 0.122747 -0.0190295 -0.0237875 0.00228627 0.00652443 -0.00235746 -0.00155452 -0.136069 0.0209703 0.0136132 -0.0912374 -0.154451 0.021432 0.0277407 0.0299204 0.0241731 0.0151567 -0.0933495 -0.209417 0.0424772 0.0527737 0.0591293
internal_weight=954.787 937.031 2.09925 1.49459 934.932 322.837 612.095 591.151 0.539891 20.9443 19.4404 307.571 160.808 146.763 590.611 1.23312 17.7559 14.4201 1.00069 0.694208 13.4194 15.2661 14.9473 13.1064 9.75183 0.312993 0.555199 1.50385 3.33583 0.796408
internal_count=181323 153964 814 342 153150 45384 107766 58969 569 48797 46356 27200 20197 7003 58400 79 27359 20798 254 142 20544 18184 18154 20327 11624 217 45 2441 6561 234
is_linear=0
shrinkage=0.05


Tree=183
num_leaves=31
num_cat=0
split_feature=15 8 1 1 7 0 0 23 24 18 26 7 17 15 15 17 5 11 0 15 0 15 6 24 0 0 8 17 24 15
split_gain=3.11349 2.91339 4.53454 4.86644 2.98088 14.6557 7.29101 7.09748 5.52398 8.63992 11.7556 6.97759 5.23037 9.4563 5.02859 9.15313 4.14382 2.06313 2.03422 2.3177 3.35374 1.49639 0.798646 0.64238 0.891418 0.460885 0.205159 0.444508 0.189985 0.189162
threshold=0.97067421674728405 0.29166667163372045 0.84715291857719432 0.8494696617126466 0.9759001135826112 0.97646731138229381 0.93142634630203258 0.083683479577302947 3.5000000000000004 1.0000000180025095e-35 1.0000000180025095e-35 0.81322672963142406 0.99707603454589855 0.66522988677024852 0.59763106703758251 0.45813862979412084 1.0000000180025095e-35 0.21583850681781772 0.16823899745941165 0.85764944553375255 0.45199692249298101 0.86124861240386974 1.0000000180025095e-35 4.5000000000000009 0.63211598992347728 0.62605932354927074 0.29166667163372045 0.98657658696174633 1.5000000000000002 1.0000000180025095e-35
decision_type=2 2 2 2 2 2 2 2 2 2 2 2 2 2 2 2 2 2 2 2 2 2 2 2 2 2 2 2 2 2
left_child=1 2 18 -4 8 6 7 -6 12 11 -11 -10 16 -14 15 -7 -3 -16 28 20 -20 -21 -8 26 25 -25 27 -2 -1 -5
right_child=23 4 3 29 5 14 22 -9 9 10 -12 -13 13 -15 17 -17 -18 -19 19 21 -22 -23 -24 24 -26 -27 -28 -29 -30 -31
leaf_value=0.049881433596307645 -0.049488441361435341 0.015354021019422168 0.34886443281961771 0.078033476753681372 -0.0075314029318727972 0.0013776799793575811 0.022420436051417414 0.035632398814674011 -0.038383350018936807 -0.013736269819703851 0.018376927216193523 -0.010619084124505317 0.024295102745147904 -0.067119889832898821 0.096559894664787191 -0.023778779373631927 0.00037746282509427552 0.026186420565815577 -0.032500523774650771 -0.25255056159386752 0.05764782280315553 0.050147652541242108 0.055788633016302096 0.050498289591914429 0.050974089279947725 -0.093109870976220754 0.051237083790751814 0.050516105946245476 -0.048087749618817788 0.051744154265763093
leaf_weight=1.8058148555719507 0.1668679409995083 56.503837047763227 0.15017788980912916 0.9160403597634289 19.084285351309518 240.97534564098169 2.0102502465160823 19.010594859530102 27.610570731139887 56.179527956184756 57.837436025271018 125.43449896804668 4.6949301390559395 7.117874034702254 1.2025994192808847 42.54199451013119 252.95087109848828 7.7732397043801029 3.624616309596604 0.15903626999352116 1.4422092649874683 0.054931019243667834 16.608063775893243 0.070699968127882928 0.34959186643391149 0.2663403406040743 3.7132528698348324 0.33258216723334044 0.050880187576694769 2.7042014738690341
leaf_count=5633 117 33075 35 18 3732 1946 384 7029 6965 18393 7362 17846 2501 1078 18 11459 37765 7342 4785 3 725 107 3611 115 567 8 5803 1666 275 960
internal_value=0.000124649 -8.07182e-05 0.0256106 0.0699657 -0.000379628 0.00327984 0.0265419 0.0140088 -0.00255172 -0.00786562 0.00255381 -0.015628 0.00186559 -0.0307875 -0.00123057 -0.00239707 0.00311206 0.0356152 0.00217978 -0.0136479 -0.00684091 -0.17484 0.0521858 0.039881 -0.00496417 -0.0629856 0.0471904 0.0171043 0.0471967 0.0583962
internal_weight=953.343 948.444 10.9079 3.77042 937.536 349.206 56.7132 38.0949 588.33 267.062 114.017 153.045 321.268 11.8128 292.493 283.517 309.455 8.97584 7.13749 5.28079 5.06683 0.213967 18.6183 4.89934 0.686632 0.33704 4.2127 0.49945 1.8567 3.62024
internal_count=181323 173047 12541 1013 160506 35521 14756 10761 124985 50566 25755 24811 74419 3579 20765 13405 70840 7360 11528 5620 5510 110 3995 8276 690 123 7586 1783 5908 978
is_linear=0
shrinkage=0.05


Tree=184
num_leaves=31
num_cat=0
split_feature=15 2 2 8 0 0 15 11 9 11 3 21 11 0 17 17 0 12 11 11 17 0 15 0 11 13 15 17 9 0
split_gain=2.94766 2.78438 3.57683 3.27574 2.81481 3.63778 3.26686 2.68497 2.57065 1.75483 1.35573 1.51042 1.28621 1.24936 1.14718 0.76968 0.493879 0.411167 0.309345 1.35033 0.343118 0.23964 0.0907478 0.00375262 0.00070472 0.000543153 0.000597887 0.000235807 0.000180437 0.000578667
threshold=0.97067421674728405 1.0000000180025095e-35 0.19090909510850909 0.29166667163372045 0.37377451360225683 0.35781671106815344 0.92113238573074352 0.44097222387790685 1.0000000180025095e-35 0.78759399056434642 0.30952382087707525 1.0000000180025095e-35 0.10762548446655275 0.44151847064495092 0.81857365369796764 0.79922482371330272 0.79361054301261913 0.23611111193895343 0.8441295623779298 0.84807693958282482 0.99707603454589855 0.8019607961177827 0.13303834944963458 0.93142634630203258 0.64852941036224376 0.75000000000000011 0.98473194241523754 0.32972878217697149 1.0000000180025095e-35 0.63714733719825756
decision_type=2 2 2 2 2 2 2 2 2 2 2 2 2 2 2 2 2 2 2 2 2 2 2 2 2 2 2 2 2 2
left_child=1 12 7 8 5 -5 -6 10 13 -10 21 -12 16 -4 15 -9 -1 -16 24 20 -20 -3 -18 -14 -2 28 -27 -24 -26 -30
right_child=18 2 3 4 6 -7 -8 14 9 -11 11 -13 23 -15 17 -17 22 -19 19 -21 -22 -23 27 -25 25 26 -28 -29 29 -31
leaf_value=0.051606957145774818 0.055114269078642392 -0.058941207335318879 0.016110678448324516 0.0063569115985132778 -0.00021709792547566493 0.04911689869166723 -0.023262015414878174 0.023238654823935508 -0.18691877298098053 0.050393404151748193 0.0012760187411856056 -0.036351857021652403 0.050127703347076849 0.060925455672016786 0.022069180322553353 -0.059761609267523788 -0.0033814007758612113 0.068182987274377091 -0.0012888190513195728 0.050237633116398908 -0.077205310358039736 0.052190220173336334 -0.053545989769894713 0.04004549295939986 0.050887070091069332 0.051387324611476527 0.056061521389347703 -0.050732152082662407 0.055167035430082889 0.050684033872709457
leaf_weight=0.18568804208189149 0.13157956756185685 3.5992920425342194 2.6863862174614033 27.087778711975261 868.4605473743577 6.0927207989298031 15.655940359189115 0.53792515025997933 0.21253785700537253 0.12297090658103116 4.231058119170485 7.2145321834650504 3.8446810895184176 3.6933611543281586 1.0300875329412518 0.58098484898800962 0.12424269079929218 0.91079610137967382 0.30562025720428221 1.5589876238664147 0.2901316766947275 0.049172057915711664 0.091784678399562836 0.09456171974306915 1.7942445858061553 0.15622479774174269 0.12171595656400314 0.39436229213606566 0.10757322239805933 0.21757369133410975
leaf_count=47 3 15730 713 13108 102838 1470 3750 36 136 237 212 22328 11648 554 16 10 5 92 30 7686 16 2 2 28 293 157 22 85 3 66
internal_value=0.000122226 -7.34889e-05 -0.000265707 0.000166112 -8.86077e-05 0.0142087 -0.000625177 -0.0222448 0.0349605 -0.0999389 -0.0309024 -0.0224421 0.0381712 0.0420548 0.0204635 -0.0198586 -0.0197956 0.043709 0.0396903 0.0257694 -0.0382602 -0.0574434 -0.0415172 0.0498857 0.0515516 0.051356 0.0534343 -0.0512634 0.0510835 0.0521672
internal_weight=951.585 946.901 942.166 924.012 917.297 33.1805 884.116 18.1538 6.71526 0.335509 15.0941 11.4456 4.73532 6.37975 3.05979 1.11891 0.796078 1.94088 4.68365 2.15474 0.595752 3.64846 0.61039 3.93924 2.52891 2.39733 0.277941 0.486147 2.11939 0.325147
internal_count=181323 173047 161232 122806 121166 14578 106588 38426 1640 373 38272 22540 11815 1267 154 46 139 108 8276 7732 46 15732 92 11676 544 541 179 87 362 69
is_linear=0
shrinkage=0.05


Tree=185
num_leaves=31
num_cat=0
split_feature=11 11 1 22 11 17 11 11 17 23 18 13 0 11 5 12 7 23 2 1 12 1 2 24 2 0 1 7 2 24
split_gain=2.8402 2.48553 3.4269 2.35447 3.4863 2.96755 5.19955 3.65897 4.64999 4.11506 3.55765 2.40207 6.82091 5.66066 2.30636 1.98971 2.43424 2.6139 4.52112 2.32747 1.69623 1.53788 1.77022 1.30091 2.18644 1.86109 0.852749 6.06578 9.92451 0.0136274
threshold=0.82085561752319347 0.81365740299224865 0.89569163322448742 1.0000000180025095e-35 0.56696429848670971 0.85762548446655285 0.21240601688623431 0.43303571641445165 0.67379865050315868 0.28165064752101904 1.0000000180025095e-35 1.0000000180025095e-35 0.86240702867507946 0.045983087271451957 1.0000000180025095e-35 0.81666666269302379 0.89528506994247448 0.33503402769565588 0.41428571939468389 0.9399515986442567 0.15476191043853763 0.83228069543838512 0.2264957278966904 4.5000000000000009 0.76388889551162731 0.63714733719825756 0.98896396160125744 0.94804319739341747 0.58571431040763866 3.5000000000000004
decision_type=2 2 2 2 2 2 2 2 2 2 2 2 2 2 2 2 2 2 2 2 2 2 2 2 2 2 2 2 2 2
left_child=1 3 14 5 11 7 20 8 -1 -9 -8 13 -13 -5 -3 16 17 29 -19 -20 -7 -16 -23 25 -25 -6 -17 28 -28 -2
right_child=15 2 -4 4 23 6 10 9 -10 -11 -12 12 -14 -15 21 26 -18 18 19 -21 -22 22 -24 24 -26 -27 27 -29 -30 -31
leaf_value=0.00013009238864030324 0.051808462167613215 0.050480970898511848 0.050871942384011659 -0.05292498872445589 0.011890688816436698 -0.049558446236206685 -0.019745272288507643 0.038770741463655257 -0.018169551399969813 0.0038214791742053919 -0.00056202522847853499 0.026499916707772481 0.001376050795813406 -0.001191943010849993 -0.20429081865470158 0.050048478826316523 0.050728918255048487 -0.13429191996662615 -0.021479382051907636 0.051418749758886099 0.040355689923731647 -0.16343529848006288 -0.02686511766727849 0.050559925908825389 -0.051568685521385917 0.050473957915057412 0.051216431045714161 0.050157783172041906 -0.80157652643946864 0.061803718196901392
leaf_weight=402.03992408024351 0.8580052381730654 0.24144225291092802 0.5733844631249666 5.5860325473913681 5.6668929148072475 8.9305872503355168 33.345906465452572 12.047645465267122 37.994874394811632 27.990764261470758 87.822512179445766 32.14337322688516 169.33432106247346 99.024741114058997 0.36903734696534229 5.4353198760290971 2.4656699565093723 0.75261936834431242 4.6765149670245592 1.4296796382986938 0.55725762438669413 0.41010917333187535 0.56302479335863609 0.90061277078348156 1.2534195703119619 6.969012798195763 0.081676403337041736 0.84145919285947457 0.058588977160979994 0.56593872106168419
leaf_count=23040 407 255 472 3010 4992 30729 2734 2708 33611 6523 7849 10162 8118 5910 13 21790 903 17 269 240 572 11 63 897 940 11355 7 3653 63 10
internal_value=0.00011681 -0.000253682 -0.0538645 -0.000129554 0.00333825 -0.00195154 -0.00863242 -0.000133282 -0.00144999 0.0143378 -0.00584131 0.00219262 0.00538427 -0.0039544 -0.0917868 0.0202708 0.00711758 -0.00586495 -0.0186631 -0.00441131 -0.0442774 -0.117379 -0.0844201 0.0270478 -0.00886815 0.0331703 0.0423022 -0.000585345 -0.304996 0.055781
internal_weight=950.93 933.765 2.157 931.608 320.878 610.729 130.656 480.073 440.035 40.0384 121.168 306.088 201.478 104.611 1.58361 17.1655 10.7484 8.28276 6.85881 6.10619 9.48784 1.34217 0.973134 14.7899 2.15403 12.6359 6.41704 0.981725 0.140265 1.42394
internal_count=181323 153964 814 153150 45384 107766 41884 65882 56651 9231 10583 27200 18280 8920 342 27359 1846 943 526 509 31301 87 74 18184 1837 16347 25513 3723 70 417
is_linear=0
shrinkage=0.05


Tree=186
num_leaves=31
num_cat=0
split_feature=15 2 2 8 1 5 7 1 11 0 0 1 1 1 1 2 23 11 11 11 7 12 1 5 1 13 17 17 11 11
split_gain=2.77253 2.611 3.27599 3.0275 2.84329 2.70241 8.59689 4.56828 2.51204 1.98056 1.30039 1.47924 1.19404 1.18041 1.1101 0.833396 0.757542 0.466892 0.307513 1.21562 0.347369 0.266992 0.0754648 0.166028 0.000650972 0.000464963 0.000438343 0.000343323 0.000128957 0.000108497
threshold=0.97067421674728405 1.0000000180025095e-35 0.19090909510850909 0.29166667163372045 0.71253514289855968 1.0000000180025095e-35 0.76043477654457103 0.94181358814239513 0.44097222387790685 0.61167800426483165 0.6776927411556245 0.90477490425109874 0.96536955237388622 0.82779976725578319 0.88275891542434703 0.27922078967094427 0.13363095372915271 0.1695402339100838 0.8441295623779298 0.84807693958282482 0.89323708415031444 0.23611111193895343 0.94616025686264049 1.0000000180025095e-35 0.90002673864364635 0.75000000000000011 0.98705488443374645 0.30805176496505743 0.11651583760976793 0.15894736349582675
decision_type=2 2 2 2 2 2 2 2 2 2 2 2 2 2 2 2 2 2 2 2 2 2 2 2 2 2 2 2 2 2
left_child=1 12 8 4 9 6 -5 -7 10 -4 14 -12 22 21 -3 -6 -15 27 24 20 -20 -10 28 -24 25 26 -2 -14 -1 -25
right_child=18 2 3 5 15 7 -8 -9 13 -11 11 -13 17 16 -16 -17 -18 -19 19 -21 -22 -23 23 29 -26 -27 -28 -29 -30 -31
leaf_value=0.051227226026510808 0.051013521384969465 -0.036458686965129709 -0.0071754669234760362 -0.017090690535838882 0.014690087398327896 -0.0067245675560290838 0.014651099947874514 0.001427954616235321 0.026388561631749186 -0.18016435981757509 0.086400140629625477 -0.039878909755747462 -0.053629851568687853 0.0046977060421614404 0.050547025282907582 0.060437397858359915 -0.088090314665946384 0.050589654836492484 0.0017572273158334866 0.050231859279182806 -0.074183487956188066 0.0678113755166279 -0.045829395226165359 0.052941446177560893 0.050656387116890189 0.054642539398635774 0.053053137038213849 -0.050570434059908909 0.050080767563062636 0.050034195994040923
leaf_weight=0.2645384560455567 0.6050648172895301 13.306467013859217 0.93166348950035061 28.084603544179117 1.3179595041074206 250.13239914123551 88.710574223296135 548.9417044686561 0.68991939909756117 0.20118997612735257 0.49310236054589118 0.43781424424378201 0.12591134011745442 1.1543165321927515 0.37699717930809207 4.0695522744208574 0.27175654083839607 0.14806232904084027 0.31659216884872887 1.4315320743553457 0.28718064381973818 0.89190468916058308 0.066592931056220439 0.062968119978904724 1.1683068667407495 0.18081959389382962 0.46654324870178243 0.33748182619456202 3.3697478307876736 0.065446884174889419
leaf_count=57 95 38155 693 12613 281 29896 24129 54528 7 4 39 17 2 83 61 662 22 81 22 7686 24 42 16 1 356 51 42 87 11391 180
internal_value=0.000114395 -7.12484e-05 -0.000251943 0.000156046 0.0341057 -8.56521e-05 0.00701846 -0.00112401 -0.021607 -0.0378976 -0.0301714 0.0270105 0.0381779 0.0200043 -0.0340616 0.0492461 -0.0129842 -0.0267048 0.0394614 0.0251367 -0.0343635 0.0497446 0.0485383 0.0182367 0.0515053 0.0522972 0.0519015 -0.0514017 0.0501642 0.0514598
internal_weight=948.909 944.453 940.012 922.39 6.52037 915.869 116.795 799.074 17.6223 1.13285 14.6144 0.930917 4.44075 3.0079 13.6835 5.38751 1.42607 0.611455 4.45604 2.0353 0.603773 1.58182 3.82929 0.195008 2.42073 1.25243 1.07161 0.463393 3.63429 0.128415
internal_count=181323 173047 161232 122806 1640 121166 36742 84424 38426 697 38272 56 11815 154 38216 943 105 170 8276 7732 46 49 11645 197 544 188 137 89 11448 181
is_linear=0
shrinkage=0.05


Tree=187
num_leaves=31
num_cat=0
split_feature=23 2 2 8 5 7 18 23 1 7 21 9 1 1 21 15 1 1 27 2 15 1 1 17 1 7 15 23 7 1
split_gain=2.72014 2.61804 2.97669 2.74066 2.55944 7.58315 3.78122 2.40869 2.31479 1.93737 1.76332 1.57598 2.09728 1.4066 1.39829 2.17821 1.47405 1.14246 0.727682 0.642709 0.299961 0.0720778 0.15833 0.0247362 0.0060158 0.000758871 0.000593104 0.000534295 0.000510339 8.90182e-05
threshold=0.68301436305046093 1.0000000180025095e-35 0.19090909510850909 0.29166667163372045 1.0000000180025095e-35 0.76043477654457103 1.0000000180025095e-35 0.071714289486408248 0.71253514289855968 0.81016731262207042 1.0000000180025095e-35 1.0000000180025095e-35 0.93847250938415538 0.85620927810668956 1.0000000180025095e-35 0.3031544983386994 0.82136294245719921 0.96536955237388622 1.0000000180025095e-35 0.27922078967094427 0.39408509433269506 0.94616025686264049 0.94667077064514171 0.85201290249824535 0.77117356657981884 0.92232277989387523 0.13811445236206057 0.68884804844856273 0.80178570747375499 0.9478311836719514
decision_type=2 2 2 2 2 2 2 2 2 2 2 2 2 2 2 2 2 2 2 2 2 2 2 2 2 2 2 2 2 2
left_child=1 17 7 8 5 -5 -6 14 10 11 -4 27 28 24 15 -3 -16 21 -15 -10 23 -1 -23 26 -9 -22 -19 -2 -13 -24
right_child=9 2 3 4 6 -7 -8 13 19 -11 -12 12 -14 18 16 -17 -18 20 -20 -21 25 22 29 -25 -26 -27 -28 -29 -30 -31
leaf_value=0.050150846337583682 0.054196893403747032 -0.031136065955340488 0.049562387268350355 -0.015721023580091486 -0.0053088683088645516 0.01400640998953491 0.0017047444555539791 0.060614782748647171 0.016215042337252076 0.050131779094772823 -0.07571897936962485 0.05042341036174422 -0.12766811123117416 -0.057463092967190293 -0.052104536743613122 0.036049234600682829 -0.0091118410271465566 -0.053440369688218914 0.022104671649628559 0.055496990903894733 0.041817762788831883 -0.045546150789003439 0.052714942826677318 -0.024393716404464021 0.068229152758327957 0.050832612757521649 -0.049112619858520466 0.050336764548954666 0.055067225028260169 0.05003272485449977
leaf_weight=3.5949562615605823 0.12342347230150952 3.4404133608040874 0.43930900897248648 28.328519324742956 323.08297870325623 88.379655934688344 474.26670654003829 0.39339596496574747 1.3915640042978337 4.4062229851988377 0.77874353852530365 0.14067359849286731 0.48461086703173351 0.50411407406500053 6.8275448198583035 1.8578771047032203 2.8160208921544836 0.1201844960451125 0.66825733776204288 4.1366870202473365 0.033813390473369509 0.063905394046741892 0.061724517327093054 0.12110902256972622 0.76154294699517777 0.075403697577712592 0.23196884624485392 0.32753089583275141 0.1021050337003544 0.062010566623939667
leaf_count=12814 53 282 756 13105 25700 23453 52441 24 435 11229 438 169 30 76 35175 57 2772 2 26 1077 26 16 13 39 34 41 64 789 5 182
internal_value=0.000109657 -9.65122e-05 -0.000276279 0.00010944 -0.000124908 0.00679068 -0.00113714 -0.0208431 0.0318612 0.0349023 -0.0305344 -0.0220457 -0.0675752 0.0264721 -0.0282128 -0.00757714 -0.0395502 0.0385361 -0.0121091 0.045609 -0.0266492 0.048574 0.0183634 -0.043886 0.0656355 0.0480416 -0.0505896 0.0513933 0.0523765 0.0513707
internal_weight=948.023 942.438 938.073 920.804 914.058 116.708 797.35 17.2692 6.7463 5.58457 1.21805 1.17834 0.727389 2.32731 14.9419 5.29829 9.64357 4.36508 1.17237 5.52825 0.582479 3.7826 0.18764 0.473262 1.15494 0.109217 0.352153 0.450954 0.242779 0.123735
internal_count=181323 169048 155851 117405 114699 36558 78141 38446 2706 12275 1194 1046 204 160 38286 339 37947 13197 102 1512 172 13025 211 105 58 67 66 842 174 195
is_linear=0
shrinkage=0.05


Tree=188
num_leaves=31
num_cat=0
split_feature=23 8 12 23 15 24 17 11 18 2 7 15 8 9 15 15 15 23 17 2 7 26 7 2 11 15 24 25 17 17
split_gain=2.59388 5.62579 3.29496 3.5319 3.55487 3.55432 3.15339 11.5112 8.31477 8.5215 6.73767 6.6491 5.82316 9.18692 7.83588 3.64857 4.37406 3.47141 11.1632 4.20375 7.47519 3.91833 3.6414 6.24731 3.54798 3.16604 2.90833 2.8412 2.75477 2.00006
threshold=0.45773810148239141 0.75000000000000011 0.76388889551162731 0.46915762126445776 0.95480081439018261 4.5000000000000009 0.59110671281814586 0.075498577207326903 1.0000000180025095e-35 0.78888890147209179 0.96039214730262767 0.28018692135810858 0.41666667163372045 1.0000000180025095e-35 0.72760695219039928 0.32566948235034948 0.33231084048748022 0.030457639135420326 0.20848321169614795 0.78888890147209179 0.76764950156211864 1.0000000180025095e-35 0.81322672963142406 0.58571431040763866 0.15075758099555972 0.35859310626983648 5.5000000000000009 1.0000000180025095e-35 0.92695629596710216 0.90254694223403942
decision_type=2 2 2 2 2 2 2 2 2 2 2 2 2 2 2 2 2 2 2 2 2 2 2 2 2 2 2 2 2 2
left_child=6 2 3 -2 5 -5 17 15 9 10 -9 -11 13 -10 -14 -8 28 18 22 24 -21 -22 23 -1 25 -19 -24 -26 -17 -3
right_child=1 29 -4 4 -6 -7 7 8 12 11 -12 -13 14 -15 -16 16 -18 19 -20 20 21 -23 26 -25 27 -27 -28 -29 -30 -31
leaf_value=0.0040008242458272015 0.054894926280545868 0.050635830000533226 0.050087201804071446 -0.0068064353391276162 0.052489301464436977 -0.051926773760986172 -0.050286071979840953 -0.014280512799666342 0.032543960055616758 0.025791444357943272 0.034455827113991457 -0.066738489522853855 0.0071547745202505579 -0.22018136955131795 -0.01576797060281292 -0.050109966285030283 -0.001421026358212866 0.045146803537110536 -0.044124776083966553 -0.15770750999190442 0.093056935030998766 0.0013177812039292774 -0.0005756912120968334 0.040494406200137084 0.03503927663237618 0.17548248749111731 0.037981351901645803 -0.0033828657105149477 0.37795369024024983 0.018149508863983397
leaf_weight=51.07822765588935 2.0444638383050977 8.4086434633427434 2.6807401318292241 15.798313792562118 1.8739200922718726 6.0308365010569096 16.242942077751653 58.371687754879531 20.623188893820046 2.3299332735477938 8.0722954322627611 11.645808317814952 124.47671379371968 0.3659753340180022 53.221929890125466 0.051670049360835746 0.96691744636336807 8.9160994646226754 13.803364733124907 0.72544002631911908 1.2046915735554637 34.411513161758194 452.37597055202059 15.222357366932554 9.0095986265660031 0.49163199416943903 4.9442160319886161 10.325954353029374 0.13787131491699256 10.852912670197837
leaf_count=1911 205 11705 10149 1478 129 153 60861 15675 6900 259 2456 573 22081 253 9726 157 2099 425 11023 29 240 1783 4426 778 803 24 87 2152 14 12769
internal_value=0.000104951 0.0114684 -0.00266741 -0.00816003 -0.0135987 -0.019272 -0.00049784 -0.00471908 -0.00225931 -0.0158241 -0.00835952 -0.0513126 0.0032311 0.0281373 0.000289259 -0.0441767 0.0416321 0.00157952 0.00025876 0.0124854 0.00118444 0.00442079 0.00142877 0.0123796 0.0267737 0.0519579 -0.00015884 0.0145203 0.261261 0.0323314
internal_weight=946.706 47.6898 28.4283 25.7475 23.7031 21.8292 899.016 296.507 279.108 80.4197 66.444 13.9757 198.688 20.9892 177.699 17.3994 1.15646 602.509 537.424 65.0849 36.3416 35.6162 523.621 66.3006 28.7433 9.40773 457.32 19.3356 0.189541 19.2616
internal_count=181323 36588 12114 1965 1760 1631 144735 121054 57923 18963 18131 832 38960 7153 31807 63131 2270 23681 18225 5456 2052 2023 7202 2689 3404 449 4513 2955 171 24474
is_linear=0
shrinkage=0.05


Tree=189
num_leaves=31
num_cat=0
split_feature=2 3 23 21 12 23 1 17 11 11 0 7 1 6 11 1 24 11 11 0 11 0 0 17 12 11 17 24 7 1
split_gain=2.51765 3.1242 2.43078 2.29798 3.71308 5.54097 2.63646 2.48962 4.48331 2.8697 1.94894 1.88488 1.31332 1.77296 1.04477 0.425789 0.159503 0.308291 0.103815 0.0735067 0.0404137 0.00391329 0.000492096 0.000217175 0.000112723 5.98753e-05 4.08628e-05 3.39897e-05 4.20971e-05 8.54336e-06
threshold=1.0000000180025095e-35 0.30952382087707525 0.68301436305046093 1.0000000180025095e-35 0.41428571939468389 0.12552521377801898 0.91381365060806286 0.85762548446655285 0.17752101272344592 0.43303571641445165 0.66927084326744091 0.81016731262207042 0.93847250938415538 1.0000000180025095e-35 0.10762548446655275 0.96536955237388622 4.5000000000000009 0.44097222387790685 0.19292803853750232 0.79361054301261913 0.36602871119976049 0.93142634630203258 0.8019607961177827 0.30805176496505743 0.88194444775581371 0.11651583760976793 0.44484996795654302 5.5000000000000009 0.8532998561859132 0.98129165172576915
decision_type=2 2 2 2 2 2 2 2 2 2 2 2 2 2 2 2 2 2 2 2 2 2 2 2 2 2 2 2 2 2
left_child=14 10 3 4 6 -6 -3 9 -9 -5 16 12 22 -14 15 19 18 -18 24 26 -20 25 -4 -17 -2 -16 -1 -13 -29 -25
right_child=1 2 11 7 5 -7 -8 8 -10 -11 -12 27 13 -15 21 23 17 -19 20 -21 -22 -23 -24 29 -26 -27 -28 28 -30 -31
leaf_value=0.050688525744510986 -0.050044373133466727 0.012059501002875173 0.050396540464674289 -0.0013126506134226628 0.00095593576195584216 0.042143577472011529 -0.00067158390607357133 -0.05018515658111472 -0.0058482823405451361 0.012697978752385604 0.058652865619834585 0.050089165999110279 0.052120339019124579 -0.11372322628626275 0.051423527811798042 -0.053120658307566265 -0.05013521741519629 0.054538421484994382 -0.072891327569234651 -0.0014836306092660915 -0.055407436946937609 0.03920237610068722 0.054546529633994478 -0.050851133015183729 -0.051755047140892962 0.050073117697427318 0.05230351347414175 0.052026172531618578 0.050364189785749941 -0.050293121519835782
leaf_weight=0.09527797781629388 1.431712759156653 49.211202458536718 0.299004762637195 436.07091461468008 18.392627651192015 14.685500151776067 234.18901342444587 5.9581819760496719 132.48540506951394 39.891143124674272 0.41424505881150242 3.8383504487283062 0.23515627523738658 0.51210129281389527 0.084159174468369069 0.11032889410853386 0.30370230417611299 0.091548427939414978 1.2216371980030087 0.11098407302051783 0.45310397729917884 0.084315520303789415 0.093854430451756343 0.11274753476027399 0.10324267833857437 3.3282340287842089 0.066509061492979527 0.048437393968924769 0.1785503487844835 0.17515341407852247
leaf_count=43 13387 3106 523 46340 1133 27487 11683 24929 16899 8526 22 10897 466 50 9 2 2106 1 144 5 16 28 7 14 72 13021 4 13 319 71
internal_value=0.000101556 -7.03446e-05 0.000118525 -7.20064e-05 0.00338938 0.0192418 0.00153911 -0.00185496 -0.0077564 -0.000138397 -0.0440589 0.0341909 -0.0226233 -0.0615335 0.0388771 -0.0182706 -0.0558615 -0.0258906 -0.0595522 0.0298547 -0.068161 0.0498435 0.051388 -0.0512345 -0.0501594 0.0501064 0.0513524 0.0501243 0.0507188 -0.0505116
internal_weight=944.276 940.109 936.089 930.884 316.478 33.0781 283.4 614.406 138.444 475.962 4.01919 5.20545 1.14012 0.747258 4.16771 0.671001 3.60495 0.395251 3.2097 0.272771 1.67474 3.49671 0.392859 0.39823 1.53496 3.41239 0.161787 4.06534 0.226988 0.287901
internal_count=181323 168126 152378 140103 43409 28620 14789 96694 41828 54866 15748 12275 1046 516 13197 139 15726 2107 13619 52 160 13058 530 87 13459 13030 47 11229 332 85
is_linear=0
shrinkage=0.05


Tree=190
num_leaves=31
num_cat=0
split_feature=15 13 11 23 23 17 23 11 23 15 11 21 11 12 12 2 26 11 15 17 11 11 7 15 7 17 7 7 15 11
split_gain=2.5055 2.32444 13.4828 2.63781 5.60305 7.31611 7.75647 4.47548 2.83067 2.51726 3.73255 6.22334 3.81414 3.62275 5.21141 3.03942 2.42005 2.18419 1.04255 3.14173 0.321657 1.15099 0.313856 0.1764 0.536087 0.22924 0.312584 0.002201 0.000965196 0.000561823
threshold=0.97067421674728405 1.0000000180025095e-35 0.045983087271451957 0.60075190663337719 0.57207792997360241 0.97510331869125377 0.58257576823234569 0.79057019948959362 0.41666667163372045 0.26483158767223364 0.056349206715822227 1.0000000180025095e-35 0.13714733719825747 0.18333333730697635 0.13392857462167743 0.89444443583488475 1.0000000180025095e-35 0.71714287996292125 0.9063624143600465 0.90779352188110363 0.8441295623779298 0.84807693958282482 0.89323708415031444 0.1183014363050461 0.55051019787788402 0.28215467929840093 0.79008570313453685 0.58658170700073253 0.90336728096008312 0.64852941036224376
decision_type=2 2 2 2 2 2 2 2 2 2 2 2 2 2 2 2 2 2 2 2 2 2 2 2 2 2 2 2 2 2
left_child=1 2 23 4 8 6 -6 -7 16 13 11 -11 -12 14 -4 -15 -3 -10 27 -20 29 22 -22 24 -1 26 -25 28 -5 -2
right_child=20 3 9 18 5 7 -8 -9 17 10 12 -13 -14 15 -16 -17 -18 -19 19 -21 21 -23 -24 25 -26 -27 -28 -29 -30 -31
leaf_value=0.046716695585450899 0.054719214034847412 0.0064340456526373775 0.0041760010716383675 0.051750509155046559 -0.40079528136278225 -0.12464009073502261 0.050380098961541366 -0.43565172979798872 0.047504526208953304 0.23984618730154625 -0.030997330370134198 -0.050070091188354961 -0.0025516550649346686 0.055601739231475759 -0.11460106380043307 0.0025716475304183853 -0.0007249924735013959 0.0044979721302588543 -0.18415287966181526 0.050099586221892256 0.00078750039854614661 0.050226200946657307 -0.071302350470953776 -0.093397294321225385 -0.050732333758600513 -0.050098065953370664 -0.052272636018668307 0.050251934008986546 0.057815651505573634 0.051244091553594773
leaf_weight=0.18228486561201762 0.12294800509698633 159.5924761889255 49.254175796697382 0.12278051413886659 0.11044414706702699 0.26598185809416464 0.69292270315054338 0.20468665039516054 5.8639962608140177 0.40674633902381174 12.453078610094961 0.33969687772696389 219.42958028970679 6.4820140956689993 0.94113050859232217 4.6334452916926239 453.46532286468209 5.9457930826829397 0.19882256424898503 0.51101707121415529 0.31915573985315848 1.2912611628307784 0.28652570651320275 0.77138553047552605 0.62510383127664682 11.353862340845806 1.1522976952692259 3.4738580274570268 0.14083804289111868 2.1526406190314447
leaf_count=130 3 37397 8292 123 97 43 1160 269 9733 54 7391 1006 14147 1127 96 331 16118 6684 24 2235 22 7686 24 41 834 54118 115 11480 2 541
internal_value=9.75467e-05 -7.43102e-05 -0.00363444 0.00166471 0.00139217 -0.103357 -0.011646 -0.259894 0.00160574 -0.00134454 -0.00371997 0.107909 -0.00407931 0.00766844 0.00194901 0.0334963 0.00113866 0.0258523 0.040036 -0.0155134 0.0387569 0.0235519 -0.0333156 -0.0514225 -0.0287312 -0.0528023 -0.0687634 0.0505862 0.0549908 0.0514318
internal_weight=942.786 938.614 308.025 630.589 626.142 1.27404 0.803367 0.470669 624.868 293.94 232.629 0.746443 231.883 61.3108 50.1953 11.1155 613.058 11.8098 4.44732 0.70984 4.17253 1.89694 0.605681 14.0849 0.807389 13.2775 1.92368 3.73748 0.263619 2.27559
internal_count=181323 173047 87682 85365 71501 1569 1257 312 69932 32444 22598 1060 21538 9846 8388 1458 53515 16417 13864 2259 8276 7732 46 55238 964 54274 156 11605 125 544
is_linear=0
shrinkage=0.05


Tree=191
num_leaves=31
num_cat=0
split_feature=2 3 15 17 23 15 0 7 15 7 0 6 24 0 0 8 17 15 17 24 23 23 1 23 18 27 1 15 12 1
split_gain=2.40054 2.92093 2.24835 2.38346 4.38444 4.30009 10.281 5.04918 3.32104 2.38957 1.83905 0.968244 0.572445 0.684706 0.309074 0.280328 0.402725 0.244719 0.179365 0.148187 0.29051 0.086267 0.0414196 0.0334118 0.0163377 0.0280254 0.000663538 0.00022961 9.87112e-05 5.45814e-05
threshold=1.0000000180025095e-35 0.30952382087707525 0.97067421674728405 0.97379860281944286 0.53197279572486889 0.91499397158622753 0.57259953022003185 0.73024946451187145 0.9631328582763673 0.4014925360679627 0.66927084326744091 1.0000000180025095e-35 4.5000000000000009 0.63211598992347728 0.62605932354927074 0.29166667163372045 0.98657658696174633 0.49374902248382574 0.20848321169614795 4.5000000000000009 0.05298245698213578 0.023904763162136081 0.96536955237388622 0.047809526324272163 1.0000000180025095e-35 0.60000000149011623 0.90002673864364635 0.15165043622255328 0.88194444775581371 0.94667077064514171
decision_type=2 2 2 2 2 2 2 2 2 2 2 2 2 2 2 2 2 2 2 2 2 2 2 2 2 2 2 2 2 2
left_child=11 10 3 4 8 7 -7 -5 -3 -6 19 22 15 14 -14 16 -4 18 -13 21 -21 28 29 -23 27 -26 -17 -20 -2 -1
right_child=1 2 12 5 9 6 -8 -9 -10 -11 -12 17 13 -15 -16 26 -18 -19 24 20 -22 23 -24 -25 25 -27 -28 -29 -30 -31
leaf_value=0.050119706551925304 -0.050043324563248094 -0.00023586616765871411 -0.058293312857469318 -0.039786682218636737 -0.13584017818255309 0.059908874951817237 -0.078825757385384498 0.0068501407574862935 0.053163112319556921 0.02505749772275799 0.058057983874043845 0.051453589008288385 0.050421832771163126 0.050769480692271107 -0.080791295762909998 0.05187959900473698 0.050561650943696301 0.050576763130156591 -0.052808584065083201 -0.050131327567459617 0.054269967319798974 -0.071260107302086664 -0.008264063384975864 -0.054946149754940166 -0.0044380351944264505 -0.047248442730708495 0.050380697201034545 -0.049845984413141343 -0.051680325732489846 0.051254032562698351
leaf_weight=3.1935729364668082 1.3266631271944791 866.45583320569494 0.14946101866371453 7.59132370449879 0.23339490144280972 1.7443070094959683 5.6962572168777115 24.645586102626112 2.921530288323992 20.441347292638966 0.39790097367949773 0.055612859083339461 0.054319127222697605 0.26948090638325084 0.25825517537305132 1.4878884398567609 0.19690778981384938 0.10511978525755694 0.10046993568539619 0.28476460992897035 0.086987502872943878 1.2027983741681962 0.030620263372838852 0.42465630840160873 0.061496160356909968 0.10104072044487111 1.4656614972336681 0.18736983250710182 0.09895819979647047 0.10969203432614438
leaf_count=12772 13368 114099 8 2910 7 96 442 7087 260 20584 22 3 115 567 8 1672 968 99 2 2106 1 165 16 14 31 38 3555 49 72 187
internal_value=9.39879e-05 -6.9805e-05 0.000108788 -4.97624e-05 0.000484752 -0.0120401 -0.0463019 -0.00413215 -5.64197e-05 0.0232411 -0.0436869 0.0390155 0.0380814 -0.00763586 -0.0579891 0.0461452 0.00358983 -0.0188414 -0.0332631 -0.0555077 -0.0257021 -0.0591369 0.0496208 -0.0670033 -0.043724 -0.031051 0.0511358 -0.0508801 -0.050157 0.0501574
internal_weight=941.379 937.434 933.612 929.73 890.052 39.6775 7.44056 32.2369 869.377 20.6747 3.82273 3.94499 3.88197 0.582055 0.312574 3.29992 0.346369 0.611109 0.50599 3.42483 0.371752 3.05308 3.33389 1.62745 0.450377 0.162537 2.95355 0.28784 1.42562 3.30326
internal_count=181323 168126 152378 145485 134950 10535 538 9997 114359 20591 15748 13197 6893 690 123 6203 976 222 123 15726 2107 13619 12975 179 120 69 5227 51 13440 12959
is_linear=0
shrinkage=0.05


Tree=192
num_leaves=31
num_cat=0
split_feature=11 11 0 24 7 0 0 0 24 18 26 0 9 0 2 17 15 12 17 23 23 17 7 7 7 0 0 17 6 24
split_gain=2.30323 2.28153 2.44518 2.46626 2.0681 12.4001 7.33114 6.56663 5.28989 8.61535 9.44834 7.05506 4.71797 9.76336 6.25536 4.18837 9.05461 1.94248 1.80564 1.88297 3.24329 2.71857 2.33625 2.12951 2.76487 1.01929 1.38955 1.00052 0.860157 0.0136147
threshold=0.82085561752319347 0.81365740299224865 0.69309264421463024 2.5000000000000004 0.9759001135826112 0.97646731138229381 0.93142634630203258 0.73727351427078258 3.5000000000000004 1.0000000180025095e-35 1.0000000180025095e-35 0.72264957427978527 1.0000000180025095e-35 0.74239632487297069 0.41428571939468389 0.25087413191795355 0.45027472078800207 0.21111111342906955 0.88929739594459545 0.33503402769565588 0.37089948356151586 0.90779352188110363 0.85839599370956432 0.79516318440437328 0.88603895902633678 0.68819445371627819 0.62192192673683178 0.94756481051445018 1.0000000180025095e-35 3.5000000000000004
decision_type=2 2 2 2 2 2 2 2 2 2 2 2 2 2 2 2 2 2 2 2 2 2 2 2 2 2 2 2 2 2
left_child=1 4 3 -3 8 6 7 -6 12 11 -11 -10 14 -14 -1 17 -17 -7 -2 29 23 22 -22 -21 -25 26 -5 -23 -8 -20
right_child=18 2 -4 25 5 15 28 -9 9 10 -12 -13 13 -15 -16 16 -18 -19 19 20 21 27 -24 24 -26 -27 -28 -29 -30 -31
leaf_value=-0.003375115222850274 0.050659600842041796 0.052562376159173391 0.050891006295093549 -0.11161066825350328 0.0294147296811023 0.00086100418250620162 0.019342132873707577 -0.01424176590443578 -0.029826658780368637 -0.011318806819827443 0.017560558032850178 -0.0070442159354326475 -0.048638963605203783 0.00075026404390863373 0.012178349994852141 -0.023645988932290932 0.021056130336745853 0.020738705338547096 0.050885613897930004 0.052511133865221132 -0.06460463995740226 0.050882655381362663 0.05088179390460458 -0.17239984500048566 0.051319601133826102 -0.22031031095008832 0.050761246348426804 0.011744169404806874 0.055697051994209414 0.059746738912219981
leaf_weight=116.97016322705531 3.4985621812957097 0.29038374307128778 0.45443162193259912 1.0561781842261551 21.950154709284107 215.63420287612826 1.8182343664593652 14.176836810365783 52.650933049499145 56.392811287545555 56.896498993355635 95.832212048611837 13.054303379121846 42.856592731004639 144.51268277658528 46.346430207515368 14.99246266830596 13.033158595731946 1.4559752664790715 0.22420877974945941 1.7692040191614054 2.5772597588584176 0.58197770709375607 0.61353646854695398 0.17822104648803361 0.17552067474753119 0.15054373079328787 4.4563418949619518 15.470699063327629 0.61725088080129342
leaf_count=51093 6507 202 439 132 6716 1056 318 2364 15309 18033 6709 6350 3364 3016 18629 10415 6814 120 4952 34 614 3964 1163 25 89 3 38 9853 2844 158
internal_value=9.10579e-05 -0.000234103 -0.0519583 -0.0799011 -0.000114851 0.0029594 0.0250973 0.0122832 -0.00193776 -0.00719949 0.00318507 -0.0151227 0.00240189 -0.0107813 0.00522076 -0.00111815 -0.0127199 0.00199396 0.018916 0.0100129 0.00133964 0.0105263 -0.0360188 -0.0835204 -0.122042 -0.107729 -0.0913541 0.0260853 0.0518737 0.0535238
internal_weight=940.688 924.715 2.12706 1.67263 922.588 343.422 53.4159 36.127 579.166 261.772 113.289 148.483 317.394 55.9109 261.483 290.006 61.3389 228.667 15.9725 12.474 10.4007 9.38478 2.35118 1.01597 0.791758 1.38224 1.20672 7.0336 17.2889 2.07323
internal_count=181323 153964 814 375 153150 30647 12242 9080 122503 46401 24742 21659 76102 6380 69722 18405 17229 1176 27359 20852 15742 15594 1777 148 114 173 170 13817 3162 5110
is_linear=0
shrinkage=0.05


Tree=193
num_leaves=31
num_cat=0
split_feature=5 1 11 8 0 25 1 7 1 18 1 26 2 1 15 8 15 17 7 0 17 25 3 3 25 0 7 0 21 1
split_gain=2.33062 7.38201 6.48625 10.5539 9.9303 5.86674 4.22395 3.98816 3.78189 11.8222 11.505 9.91558 9.79839 8.52135 7.7203 7.13057 6.87739 8.9301 5.96787 5.64207 5.19746 8.79823 5.80218 5.06098 6.42745 6.22655 5.96963 5.68386 4.58474 4.04912
threshold=1.0000000180025095e-35 0.78909084200859081 0.065591398626565947 0.75000000000000011 0.43364779651165014 1.0000000180025095e-35 0.85620927810668956 0.91945946216583263 0.94181358814239513 1.0000000180025095e-35 0.77524530887603771 1.0000000180025095e-35 0.2264957278966904 0.97503110766410839 0.72760695219039928 0.75000000000000011 0.59763106703758251 0.60078126192092907 0.90976935625076305 0.81934732198715221 0.88164967298507702 1.0000000180025095e-35 0.36666667461395269 0.61250001192092907 1.0000000180025095e-35 0.48412297666072851 0.61167800426483165 0.82891985774040233 1.0000000180025095e-35 0.83421629667282116
decision_type=2 2 2 2 2 2 2 2 2 2 2 2 2 2 2 2 2 2 2 2 2 2 2 2 2 2 2 2 2 2
left_child=1 5 3 7 -5 -1 -6 -3 9 10 12 19 -2 14 -10 -13 17 18 -15 -12 21 -16 -22 24 29 -25 -27 -26 -19 -11
right_child=8 2 -4 4 6 -7 -8 -9 13 23 11 15 -14 16 20 -17 -18 28 -20 -21 22 -23 -24 25 27 26 -28 -29 -30 -31
leaf_value=-0.0042195509915321332 0.033515669459350403 0.041507373295183086 0.042218198295481929 0.19057440892659064 -0.09213334193088446 0.069340658071087899 -0.013266026883803942 -0.083719018762977035 0.019503002751342022 0.29616056468225727 -0.010749010860279413 -0.079596618429444516 0.41282213515742311 -0.0469174092807286 -0.56090053591456146 -0.028161583419454534 0.027673405828185733 -0.0096849977235817439 0.00058488100412588387 0.093014609176655924 -0.3284111871650745 -0.038726228870615137 0.0059981151538705544 0.035248302490365965 -0.011389665579270248 -0.027981507960630009 0.0092061000048527086 -0.12680281148269082 -0.038926681349562613 0.054321335492372252
leaf_weight=83.653879951167255 0.43503526725544261 10.02264153361466 22.162391065314296 0.42447070019988942 3.9866339281506953 2.8012767151521976 2.9569271062500775 0.67886472152167776 97.795689595244767 0.19146678906326897 74.519488156092848 8.8700725829694402 0.27974500940035796 6.7428644172759951 0.081480031920364904 28.036168124031974 18.757232906842546 31.752114764247381 340.59596865218191 1.3334947251423717 0.13060414259962527 8.0995364751652232 18.95133354185964 19.132014793198323 43.831641574703099 12.670432869083013 72.781693127559265 1.093385353204211 23.197597600956215 1.8023396410571875
leaf_count=73872 279 333 5890 25 430 198 171 69 12946 103 11395 699 58 270 64 2242 14545 5885 4723 222 95 3523 6589 3039 10130 2127 9578 211 9325 2287
internal_value=9.03338e-05 0.00639735 0.0240903 0.0018564 -0.0441957 -0.00183609 -0.0585476 0.0335635 -0.000894792 -0.00579626 -0.0179996 -0.0192671 0.181966 0.00148346 0.0129437 -0.0405235 -0.00192045 -0.0033003 -0.000337278 -0.00892485 -0.0105853 -0.0439269 0.00370929 0.00334388 -0.0103 0.00946481 0.0036921 -0.0141986 -0.0220297 0.0775453
internal_weight=937.768 126.687 40.2319 18.0695 7.36803 86.4552 6.94356 10.7015 811.081 264.977 113.474 112.759 0.71478 546.104 125.059 36.9062 421.046 402.289 347.339 75.853 27.263 8.18102 19.0819 151.503 46.9188 104.584 85.4521 44.925 54.9497 1.99381
internal_count=181323 80988 6918 1028 626 74070 601 402 100335 42370 14895 14558 337 57965 23217 2941 34748 20203 4993 11617 10271 3587 6684 27475 12731 14744 11705 10341 15210 2390
is_linear=0
shrinkage=0.05


Tree=194
num_leaves=31
num_cat=0
split_feature=2 3 15 17 15 7 7 0 23 0 6 24 0 11 0 8 17 13 7 11 11 11 2 1 17 11 27 7 17 15
split_gain=2.24285 2.66626 2.09178 2.19807 3.97053 3.8198 6.16239 5.33777 3.42085 1.769 0.90824 0.552448 0.632539 0.328603 0.280883 0.272387 0.380232 0.158276 0.102089 0.0795114 0.0438131 0.0331489 0.0109395 0.00058711 0.000122105 0.000115102 8.62087e-05 3.64547e-05 3.11033e-05 1.29176e-05
threshold=1.0000000180025095e-35 0.30952382087707525 0.97067421674728405 0.97379860281944286 0.9631328582763673 0.63373982906341564 0.52326840162277233 0.60172414779663097 0.53197279572486889 0.66927084326744091 1.0000000180025095e-35 4.5000000000000009 0.63211598992347728 0.1695402339100838 0.62605932354927074 0.29166667163372045 0.98657658696174633 0.75000000000000011 0.93969696760177623 0.19292803853750232 0.045983087271451957 0.36602871119976049 0.16025641560554507 0.90002673864364635 0.30805176496505743 0.11651583760976793 1.0000000180025095e-35 0.83192089200019848 0.66563147306442272 0.34391801059246069
decision_type=2 2 2 2 2 2 2 2 2 2 2 2 2 2 2 2 2 2 2 2 2 2 2 2 2 2 2 2 2 2
left_child=10 9 3 4 8 6 -5 -7 -3 17 20 15 14 18 -13 16 -4 19 24 26 -1 -21 -6 -17 -12 28 -2 -14 -22 -26
right_child=1 2 11 5 22 7 -8 -9 -10 -11 13 12 27 -15 -16 23 -18 -19 -20 21 25 -23 -24 -25 29 -27 -28 -29 -30 -31
leaf_value=-0.012222316666064881 -0.051825602134031701 -0.00020801152421159484 -0.057663975351757102 0.013754560985395167 0.064198005600651115 0.029758269115684521 -0.092953777227369652 -0.016437886587889049 0.021144917052405537 0.057762292241836759 -0.052721216035907063 0.050414938745611204 0.051407867838706836 0.050472253098071546 -0.077510635055661831 0.051816651840542252 0.050555021739157713 -0.015074396664159268 0.0056309913152306004 -0.07126902898428851 0.050590435420450344 -0.054790281858561912 0.052347951551001262 0.050363456479516566 -0.050417594805215162 0.050064008862136633 -0.050046107378916294 0.050199710482484151 0.051808030817423835 -0.051209914599782982
leaf_weight=0.02841647621244181 0.071389468452253246 861.77488350552812 0.14473752619232971 2.2729325314321605 0.20669764280319158 8.2487701564241416 3.3428374549730506 25.844436674276949 19.174134090091684 0.3895092349994228 0.097445569932460674 0.051547054899856337 0.11359247897053137 0.134659979477874 0.25606325938133523 1.4097404601488963 0.18480355563224293 0.23013267700298445 0.10181069088866934 1.0357941539841702 0.094054315384710541 0.43266194406896819 3.3716320172170526 1.3709690042887812 0.18318698677467182 2.886621173543972 1.4597274616025968 0.13864646204456221 0.1185701135545969 0.071529400302097201
leaf_count=3 77 114099 8 981 1 2765 959 5830 20261 22 2 115 142 130 8 1672 968 30 22 172 51 15 589 3555 63 12917 15432 425 4 5
internal_value=9.07946e-05 -6.38612e-05 0.000103201 -4.63961e-05 0.000470244 -0.0115547 -0.0497645 -0.00526084 0.000256742 -0.0428959 0.0388568 0.0377761 -0.00794736 -0.0181207 -0.0560738 0.0460064 0.00302423 -0.0550354 -0.0384671 -0.0581013 0.0495801 -0.0664138 0.0530325 0.0511002 -0.051216 0.0501467 -0.0501291 0.0507438 0.0512694 -0.0506401
internal_weight=935.242 931.526 927.906 924.236 884.527 39.709 5.61577 34.0932 880.949 3.61921 3.71629 3.6701 0.559849 0.588633 0.30761 3.11025 0.329541 3.22971 0.453973 2.99957 3.12766 1.46846 3.57833 2.78071 0.352162 3.09925 1.53112 0.252239 0.212624 0.254716
internal_count=181323 168126 152378 145485 134950 10535 1940 8595 134360 15748 13197 6893 690 222 123 6203 976 15726 92 15696 12975 187 590 5227 70 12972 15509 567 55 68
is_linear=0
shrinkage=0.05


Tree=195
num_leaves=31
num_cat=0
split_feature=2 3 7 0 0 0 7 24 15 15 15 17 26 0 2 24 0 1 23 11 13 11 1 1 11 17 11 12 11 7
split_gain=2.12911 2.50856 2.04997 12.3778 6.74879 6.3363 4.82182 4.10964 6.68282 4.10108 3.83693 6.89633 3.30029 16.0261 10.0089 2.07775 1.66424 0.869248 0.436547 0.371535 0.15938 0.0669213 0.0612951 0.133089 0.0285741 0.000126175 7.75407e-05 7.48286e-05 5.15749e-05 1.4487e-05
threshold=1.0000000180025095e-35 0.30952382087707525 0.9759001135826112 0.97646731138229381 0.93142634630203258 0.73727351427078258 0.97100839018821727 4.5000000000000009 0.69261056184768688 0.24789856374263766 0.59763106703758251 0.45813862979412084 1.0000000180025095e-35 0.73727351427078258 0.63068181276321422 4.5000000000000009 0.66927084326744091 0.96536955237388622 0.1638494357466698 0.1695402339100838 0.75000000000000011 0.19292803853750232 0.94616025686264049 0.94667077064514171 0.36602871119976049 0.30805176496505743 0.11651583760976793 0.88194444775581371 0.15894736349582675 0.74527630209922802
decision_type=2 2 2 2 2 2 2 2 2 2 2 2 2 2 2 2 2 2 2 2 2 2 2 2 2 2 2 2 2 2
left_child=17 16 6 4 5 -4 12 9 -9 -8 11 -5 14 -14 -3 -12 20 22 -6 25 21 27 26 -24 -23 -19 29 -2 -25 -1
right_child=1 2 3 10 18 -7 7 8 -10 -11 15 -13 13 -15 -16 -17 -18 19 -20 -21 -22 24 23 28 -26 -27 -28 -29 -30 -31
leaf_value=0.050573060629654533 -0.050043862114825102 -0.0030522244736976125 0.030394360183058106 0.0013614286237442726 0.056146713594150743 -0.012340842319992489 -0.060224847496987824 0.029923253122691892 -0.080958524930484776 0.028127416375125128 0.043454540871302412 -0.020819662962870758 -0.030428705287272501 0.0011119645687494443 0.016804095472749022 -0.028125869723113636 0.057123180158967557 -0.052581532038326412 0.037769841859167014 0.050477762387654647 -0.014357257942085866 -0.069944401812602766 -0.043853921380188482 0.052218291942906836 -0.05434373343472703 -0.050428497316016896 0.050061291724088713 -0.051747803335134325 0.05003002430869613 0.051391710543361391
leaf_weight=0.095283496732008977 1.3890527543953797 225.88050344433577 21.507928741215437 240.3740098476701 12.585915178293364 14.535580618165111 8.9807248003053264 5.3530653238194637 1.8211797047188154 1.5384060775286332 6.9335660649594484 41.022614337904088 50.23859789927883 203.0513035917611 88.262759537417878 1.1873942995589457 0.37455356656573702 0.092933114618062862 4.348152957387355 0.12185700912232278 0.22956146475189587 1.0034607230445542 0.055984323502343503 0.048811841756105423 0.41485759615898121 0.2541140157263726 2.6882433796708938 0.067565608340373617 0.060054634803236695 0.124850929598324
leaf_count=50 15436 57193 7356 1946 690 3050 303 512 427 658 7155 11459 19953 18354 18685 1046 22 2 3591 83 30 172 16 1 15 87 12757 73 194 7
internal_value=8.77291e-05 -5.94617e-05 9.94766e-05 0.00317172 0.0253924 0.0131602 -0.00169882 -0.0274029 0.00177595 -0.0473035 -0.000894338 -0.00187218 -0.000897325 -0.00514395 0.00252667 0.0329885 -0.0424373 0.038779 0.0514281 -0.0246321 -0.0544491 -0.0576504 0.048454 0.0187944 -0.0653812 -0.051005 0.0501352 -0.0501229 0.0510112 0.0510374
internal_weight=934.643 931.101 927.622 342.495 52.9776 36.0435 585.127 17.6934 7.17425 10.5191 289.518 281.397 567.433 253.29 314.143 8.12096 3.47905 3.54213 16.9341 0.468904 3.1045 2.87494 3.07323 0.164851 1.41832 0.347047 2.90838 1.45662 0.108866 0.220134
internal_count=181323 168126 152378 36293 14687 10406 116085 1900 939 961 21606 13405 114185 38307 75878 8201 15748 13197 4281 172 15726 15696 13025 211 187 89 12814 15509 195 57
is_linear=0
shrinkage=0.05


Tree=196
num_leaves=31
num_cat=0
split_feature=5 1 11 8 0 25 1 7 7 7 0 18 0 6 7 1 7 6 2 1 3 18 1 6 18 2 7 6 1 0
split_gain=2.24962 6.76362 5.99606 9.75291 9.74231 5.48636 4.01648 3.70036 5.06873 5.7044 5.37763 3.92051 7.96721 6.65767 3.63353 3.38474 11.3251 8.99824 19.2747 15.8421 12.3744 8.76195 9.68398 8.60164 7.59178 7.09987 5.19917 5.14938 6.62202 5.18416
threshold=1.0000000180025095e-35 0.78909084200859081 0.065591398626565947 0.75000000000000011 0.43364779651165014 1.0000000180025095e-35 0.85620927810668956 0.78404876589775097 0.62605932354927074 0.6195238232612611 0.64365079998970043 1.0000000180025095e-35 0.71547618508338939 1.0000000180025095e-35 0.91945946216583263 0.94997555017471325 0.86285266280174266 1.0000000180025095e-35 0.86607143282890331 0.95557281374931347 0.81666666269302379 1.0000000180025095e-35 0.77524530887603771 1.0000000180025095e-35 1.0000000180025095e-35 0.2264957278966904 0.91458967328071605 1.0000000180025095e-35 0.89350745081901561 0.81934732198715221
decision_type=2 2 2 2 2 2 2 2 2 2 2 2 2 2 2 2 2 2 2 2 2 2 2 2 2 2 2 2 2 2
left_child=1 5 3 14 -5 7 -6 8 9 -1 -10 13 -13 -9 -3 21 23 19 -19 20 -18 22 25 -17 -21 -2 -20 29 -29 -24
right_child=15 2 -4 4 6 -7 -8 11 10 -11 -12 12 -14 -15 -16 16 17 18 26 24 -22 -23 27 -25 -26 -27 -28 28 -30 -31
leaf_value=-0.0012735618057910878 0.032018829724248972 0.040376409722047389 0.041337418714248619 0.20520518667810173 -0.090150179893085075 0.069001245727927499 -0.01274300171176262 0.032488106955555769 -0.04805422565830688 0.13557513129496915 0.01132494048466535 -0.0028124251361088316 -0.11389568822941143 -0.013560497526464876 -0.08012269755529372 0.034738221828358819 -0.22864083897848686 0.046304746468430011 -0.045222265799495627 0.031824745743500908 0.050528639857605001 0.0022790053716700695 -0.010329470867618554 -0.054555262577444544 -0.028552922861130783 0.34221984106661063 -0.00033395905284604887 -0.063779913676752939 -0.018931177281090266 0.090473997475136958
leaf_weight=12.860515019547162 0.43616649188334022 9.8440643086432829 21.437549545364163 0.37522045280638749 3.8533642625698121 2.6713503884166121 2.965463410524535 20.404266145549627 14.759764611644643 0.80942567597594539 5.1410811190580707 14.558785059081858 1.8154536584843288 12.756554000105096 0.66806198087579183 35.001920035974763 1.5709796880764764 22.663400336714403 6.5530874480173216 6.5079608802661815 0.53115199880630815 167.88359212979412 78.06589107264881 2.9221660448238245 26.030712037802004 0.3196415660349885 412.90576821007198 10.908420106185075 33.527900431188755 1.2966473600899906
leaf_count=24460 279 333 5890 25 430 198 171 5815 17035 779 961 16966 176 7680 69 8749 316 6044 507 1608 325 30508 12330 212 4359 58 31068 963 2780 229
internal_value=8.62457e-05 0.00633019 0.0235527 0.00202008 -0.0428372 -0.00152917 -0.0564863 -0.0037963 -0.0166123 0.00682953 -0.0327145 0.00488932 -0.0151285 0.0147738 0.0327185 -0.000880146 0.00156052 -0.000531305 0.00139143 -0.0250713 -0.158102 -0.00517568 -0.0152236 0.0278579 -0.016477 0.163207 -0.00103524 -0.016313 -0.0299408 -0.00868252
internal_weight=932.046 124.921 39.1437 17.7062 7.19405 85.7772 6.81883 83.1058 33.5708 13.6699 19.9008 49.5351 16.3742 33.1608 10.5121 807.125 514.687 476.763 442.122 34.6408 2.10213 292.438 124.555 37.9241 32.5387 0.755808 419.459 123.799 44.4363 79.3625
internal_count=181323 80988 6918 1028 626 74070 601 73872 43235 25239 17996 30637 17142 13495 402 100335 53188 44227 37619 6608 641 47147 16639 8961 5967 337 31575 16302 3743 12559
is_linear=0
shrinkage=0.05


Tree=197
num_leaves=31
num_cat=0
split_feature=8 1 1 15 7 0 0 2 24 2 1 19 0 17 15 17 24 7 2 15 15 17 24 0 12 23 15 23 2 17
split_gain=2.09857 3.97883 2.77899 2.18353 2.21435 10.6301 6.70647 6.18006 4.11659 6.99149 13.1131 7.37134 4.16572 4.19587 3.47622 6.26634 1.973 1.71027 1.80361 2.55739 1.32695 0.786379 0.648555 0.5916 0.455963 0.433197 0.136726 0.101877 0.199652 0.083265
threshold=0.29166667163372045 0.84715291857719432 0.8494696617126466 0.97067421674728405 0.9759001135826112 0.97646731138229381 0.93142634630203258 0.27922078967094427 3.5000000000000004 0.58571431040763866 0.99183332920074474 1.0000000180025095e-35 0.96824595332145702 0.99707603454589855 0.59763106703758251 0.25087413191795355 4.5000000000000009 0.22653958946466449 0.31666667759418493 0.85764944553375255 0.57985505461692821 0.89964026212692272 4.5000000000000009 0.63211598992347728 0.23611111193895343 0.1638494357466698 1.0000000180025095e-35 0.031873017549514777 0.080128207802772536 1.0000000180025095e-35
decision_type=2 2 2 2 2 2 2 2 2 2 2 2 2 2 2 2 2 2 2 2 2 2 2 2 2 2 2 2 2 2
left_child=1 17 -3 4 8 6 7 -6 12 10 -10 -11 13 -2 15 -7 -16 -1 20 29 24 -21 -5 -24 -19 -8 -4 28 -28 -20
right_child=3 2 26 22 5 14 25 -9 9 11 -12 -13 -14 -15 16 -17 -18 18 19 21 -22 -23 23 -25 -26 -27 27 -29 -30 -31
leaf_value=0.045143557516210048 0.0030626137865828536 0.25180827531438871 0.074331791340288653 0.051052860206611789 -0.044886303568118138 0.0018259286523400358 0.055703009870206759 0.019370901795166373 -0.020553677045042906 0.0086918466012268821 -0.7408058482473584 -0.010725820412671659 -0.14295460530620696 -0.026856965646970134 0.04276697118820743 -0.01728360808511142 -0.026825687355186201 -0.055379580095874605 0.070503869032818425 -0.14293461096631532 0.053022175668079576 -0.011555472214967714 -0.056085800430975254 0.050682610810370558 0.025382435492316904 0.036711753902324964 0.050066650236753787 0.054027915833372964 -0.050141028017182079 0.045428869026785779
leaf_weight=1.6155037779390093 301.28915924223475 0.19433809207112096 0.81302869622595642 2.6747264720579547 4.2395272188041409 228.38588737873943 11.791520950893753 31.877282884797751 63.35704570056987 87.119387423372245 0.06325694541737803 111.33893440834436 0.49711781321820936 12.192109872976287 6.6104609388785311 52.821569524297956 1.2039397282569551 2.5019271441342434 0.77538012620061614 0.22751345171127457 0.35569810250308354 0.22808234715921571 0.29796842679934332 0.22980555622052634 0.18788974045310158 4.0286468896374563 0.16065581568909726 1.9940705063636412 0.071975271683186293 0.57776283982093446
leaf_count=6163 70810 45 18 5803 2450 1176 689 8311 30122 10015 9 10420 32 3577 6403 12229 957 4641 6 2 753 871 83 508 372 3306 568 377 104 503
internal_value=8.75081e-05 0.0232179 0.0685019 -0.000156458 -0.000300422 0.00289301 0.0237195 0.0118281 -0.00219122 -0.00682016 -0.0212721 -0.00220184 0.00166962 0.00189896 -0.000849479 -0.00176358 0.0320451 0.0005815 -0.0142488 0.025299 -0.0377364 -0.077163 0.0410579 -0.00959625 -0.0497382 0.0508668 0.0567826 0.050375 0.0190627 0.0597974
internal_weight=929.722 9.70383 3.23407 920.018 916.816 340.959 51.937 36.1168 575.857 261.879 63.4203 198.458 313.978 313.481 289.022 281.207 7.8144 6.46976 4.85425 1.80874 3.04551 0.455596 3.2025 0.527774 2.68982 15.8202 3.03973 2.2267 0.232631 1.35314
internal_count=181323 14423 1112 166900 160506 35521 14756 10761 124985 50566 30131 20435 74419 74387 20765 13405 7360 13311 7148 1382 5766 873 6394 591 5013 3995 1067 1049 672 509
is_linear=0
shrinkage=0.05


Tree=198
num_leaves=31
num_cat=0
split_feature=5 1 11 7 0 0 2 7 7 0 2 19 0 17 23 24 7 1 7 9 0 3 2 2 6 2 1 24 1 6
split_gain=2.1404 6.18215 5.5824 7.15827 7.34381 4.15588 5.38676 3.493 15.2258 3.9641 3.11269 3.79279 7.53883 15.2387 6.71352 4.14907 8.58967 3.06393 9.76992 8.8199 16.4263 18.0504 17.4732 8.62241 8.48413 18.1859 12.0069 10.7947 7.95322 7.56287
threshold=1.0000000180025095e-35 0.78909084200859081 0.065591398626565947 0.91458967328071605 0.46247655153274542 0.78647416830062877 0.27922078967094427 0.72046512365341198 0.71307507157325756 0.69309264421463024 0.89444443583488475 1.0000000180025095e-35 0.71081870794296276 0.91120073199272167 0.05298245698213578 3.5000000000000004 0.79516318440437328 0.94851896166801464 0.86285266280174266 1.0000000180025095e-35 0.63714733719825756 0.83974358439445507 0.84523808956146251 0.78888890147209179 1.0000000180025095e-35 0.86607143282890331 0.95557281374931347 2.5000000000000004 0.90296462178230297 1.0000000180025095e-35
decision_type=2 2 2 2 2 2 2 2 2 2 2 2 2 2 2 2 2 2 2 2 2 2 2 2 2 2 2 2 2 2
left_child=1 10 3 5 -5 6 -3 8 9 -4 11 12 14 -14 -1 -13 -17 19 29 -2 23 -22 -23 28 26 -26 27 -20 -21 -19
right_child=17 2 7 4 -6 -7 -8 -9 -10 -11 -12 15 13 -15 -16 16 -18 18 24 20 21 22 -24 -25 25 -27 -28 -29 -30 -31
leaf_value=-0.041079364320214362 -0.00052120700324492406 0.12429092675818115 0.050872458819398461 0.21801865970595391 -0.060137125163929162 0.051084745899757367 -0.024818860241144242 0.04492399139323891 -0.86000731917484008 -0.20558202965404393 0.054624038866776387 0.019080993817861179 -0.025826357029426247 -0.29962202921219755 0.012330125063096047 -0.049291050079453079 0.0093668856259493151 0.032718754365911693 0.052193527989659483 -0.096936397410315109 0.024531819266930124 -0.14581958216925603 -0.02319828595772417 0.053152766888868087 0.045800455571905575 -0.00089167053328605909 -0.015514562221735341 -0.17943249592643484 -0.32869382225874827 -0.049997771616820584
leaf_weight=10.020369240768565 230.3446577777504 0.68612347688758912 0.70951338825034582 0.24916453276091388 4.9804598359914962 6.3410667355637997 5.1672024969084305 19.831836696332175 0.055070973154215608 0.19131293212558376 2.4186138661243595 26.043387893940235 1.8865131509955966 0.69557768801314512 14.252493725060047 8.9228307461908134 20.766077738442618 34.394453329878161 0.66118715522315996 6.270610756102541 20.458615537700098 3.235059936312612 28.495668939736788 0.91392550813543483 21.945119142310432 419.37009562516687 32.899504984718078 2.1025882503236062 0.39340672410617106 3.0048095136953625
leaf_count=36197 41045 140 373 24 398 138 328 5473 32 12 1078 19593 126 122 2746 4889 9319 8801 189 736 2879 128 1858 144 6200 31611 5967 526 30 221
internal_value=8.66308e-05 0.00622334 0.0229277 0.00205341 -0.0468844 0.0230406 -0.0073403 0.0404242 -0.0529317 -0.00359205 -0.00128558 -0.00292292 -0.0183589 -0.0995829 -0.00971848 0.004515 -0.00826242 -0.000853283 0.00146406 -0.00496201 -0.022077 -0.0120886 -0.0357 -0.0908668 -0.000465488 0.00143017 -0.0239233 -0.12402 -0.110618 0.026073
internal_weight=927.707 123.218 38.2118 17.424 5.22962 12.1944 5.85333 20.7877 0.955897 0.900826 85.0059 82.5873 26.855 2.58209 24.2729 55.7323 29.6889 804.49 514.378 290.112 59.7673 52.1893 31.7307 7.57794 476.978 441.315 35.6633 2.76378 6.66402 37.3993
internal_count=181323 80988 6918 1028 422 606 468 5890 417 385 74070 72992 39191 248 38943 33801 14208 100335 53515 46820 5775 4865 1986 910 44493 37811 6682 715 766 9022
is_linear=0
shrinkage=0.05


Tree=199
num_leaves=31
num_cat=0
split_feature=23 21 11 15 1 7 0 0 7 17 17 11 15 15 24 7 24 2 8 13 11 7 2 24 0 1 1 9 9 24
split_gain=2.02487 2.11081 3.42834 3.30774 5.30463 5.99847 3.95436 5.85953 5.03093 2.54049 2.46101 4.36572 3.46045 3.31083 3.20095 6.78077 3.37194 1.76763 2.34695 1.75548 5.53226 1.62151 1.51846 1.18759 1.50799 4.65905 1.13196 1.38386 0.626956 0.537267
threshold=0.68301436305046093 1.0000000180025095e-35 0.56696429848670971 0.73183304071426403 0.95148211717605602 0.62605932354927074 0.86240702867507946 0.86576578021049511 0.76986128091812145 0.83390802145004284 0.85762548446655285 0.21240601688623431 0.81275406479835521 0.55942294001579296 2.5000000000000004 0.9759001135826112 1.5000000000000002 0.19090909510850909 0.29166667163372045 0.75000000000000011 0.7379862666130067 0.81016731262207042 0.069047622382640853 7.5000000000000009 0.63714733719825756 0.91842263936996471 0.93847250938415538 1.0000000180025095e-35 1.0000000180025095e-35 4.5000000000000009
decision_type=2 2 2 2 2 2 2 2 2 2 2 2 2 2 2 2 2 2 2 2 2 2 2 2 2 2 2 2 2 2
left_child=1 2 3 6 5 -5 8 -8 -1 -6 12 13 17 -12 16 -16 -13 22 -19 28 -21 26 -3 24 25 -4 -2 -28 -14 -26
right_child=21 10 23 4 9 -7 7 -9 -10 -11 11 14 19 -15 15 -17 -18 18 -20 20 -22 -23 -24 -25 29 -27 27 -29 -30 -31
leaf_value=-0.00019678415430632101 0.051419990140380893 0.041177054548489946 0.024578857072207982 0.051442604590954781 -0.049596025515620874 -0.055613580109536209 -0.19579803959836939 0.00045028207059741434 0.027526932773257635 0.039485227086355323 -0.053595453021114126 -0.042671765484700031 0.053549549448419886 0.061467041681453054 -0.015442604116559228 0.025064696812583977 0.01211573942781787 0.046995859460062135 -0.00041773793249099284 -0.32976276245020691 0.051249444276187689 0.050129839229209439 -0.031297628194235226 -0.06842294828265004 0.050494817038825628 -0.12561855856807866 0.051861544586022636 -0.10001708621412307 -0.00089675835650818766 0.013629099743244534
leaf_weight=31.702844615705544 0.37149375297303666 0.80424918808057455 6.1740257416422502 1.5275778568029625 0.99679704431036853 9.121387091225186 0.381021403343765 217.97160688677832 33.821020797277015 4.0613248904337524 7.2558364695159971 3.076320046089676 4.5810807522138921 0.68413374271040073 81.731937655938964 11.826107031982245 32.24446009669191 2.6250732286607663 453.96327204081899 0.13099433122260951 0.34936349937925115 3.4607705182716018 7.129190053050479 0.31885444785439254 6.2621662533820199 0.56343000230117457 0.21146562683497905 0.51584066161012743 0.59772581022116344 1.1734914942135217
leaf_count=4915 530 2668 8373 281 388 1266 57 12151 7069 1073 31284 3064 452 17 8988 3177 5881 485 39307 157 701 11229 23303 25 11790 532 486 30 85 1559
internal_value=9.06263e-05 -7.39106e-05 0.00325364 0.00210469 -0.0202307 -0.0402565 0.00334052 0.000107832 0.0141132 0.0219301 -0.00179566 -0.00769756 -7.82546e-05 -0.0436813 -0.00548067 -0.0103223 0.00734393 -0.000551708 -0.000145142 0.0387842 -0.0526532 0.0333286 -0.0239505 0.0270051 0.0291519 0.0120184 -0.0195884 -0.0558581 0.0472655 0.0446767
internal_weight=925.635 921.075 314.076 299.584 15.7071 10.649 283.876 218.353 65.5239 5.05812 607 136.819 470.181 7.93997 128.879 93.558 35.3208 464.522 456.588 5.65916 0.480358 4.55957 7.93344 14.492 14.1731 6.73746 1.0988 0.727306 5.17881 7.43566
internal_count=181323 169048 49479 27200 3008 1547 24192 12208 11984 1461 119569 52411 67158 31301 21110 12165 8945 65763 39792 1395 858 12275 25971 22279 22254 8905 1046 516 537 13349
is_linear=0
shrinkage=0.05


Tree=200
num_leaves=31
num_cat=0
split_feature=11 17 15 15 17 1 11 19 11 0 11 27 8 17 11 23 23 11 17 17 15 17 23 23 17 1 7 1 17 23
split_gain=1.96659 2.30296 6.06849 10.0272 10.2582 11.1079 5.88929 4.96382 5.54478 9.43314 5.88798 4.98808 4.60891 3.42902 4.95923 3.75751 2.91262 2.23068 2.05447 3.14825 2.02312 1.71168 1.76816 2.79075 2.2765 2.13845 1.90966 1.01055 0.980782 0.276484
threshold=0.82085561752319347 0.73205080628395092 0.49374902248382574 0.48584780097007757 0.6801639497280122 0.92000496387481701 0.053342817351222045 1.0000000180025095e-35 0.35857143998146063 0.66927084326744091 0.35504202544689184 0.60000000149011623 0.41666667163372045 0.58547571301460277 0.15075758099555972 0.030457639135420326 0.28708791732788091 0.14495798945426944 0.70139563083648693 0.69582608342170726 0.59763106703758251 0.88929739594459545 0.33503402769565588 0.37089948356151586 0.90779352188110363 0.91688472032547008 0.85839599370956432 0.92000496387481701 0.94756481051445018 0.071714289486408248
decision_type=2 2 2 2 2 2 2 2 2 2 2 2 2 2 2 2 2 2 2 2 2 2 2 2 2 2 2 2 2 2
left_child=1 2 3 13 5 -5 20 11 10 -10 -9 16 -13 15 -15 -1 -8 -4 19 -19 -3 -2 -23 25 26 -24 -25 -27 -26 -20
right_child=21 6 17 4 -6 -7 7 8 9 -11 -12 12 -14 14 -16 -17 -18 18 29 -21 -22 22 23 24 28 27 -28 -29 -30 -31
leaf_value=0.00032445584660905128 0.050606999084495875 -0.050048598214836808 0.12523412290080224 -0.036111907962342683 0.055916474781034835 -0.43155138083044497 0.0092295092042407947 -0.036418996867541915 -0.025679848584344845 0.013386794364349098 -0.40342991769655695 0.024381000786850023 -0.0049872378290580751 -0.041871575960870051 0.0014086483237911234 0.013456035310885706 0.041074889297366218 0.022469558409119541 -0.017096065309257454 -0.074595871759293039 0.084417349482939136 0.053508552677090621 0.052081395128229437 -0.056847416411857768 0.050852356171307261 -0.22306973438762118 0.050886047287417115 -0.086696914215412146 0.010557515836321465 0.053978569624496153
leaf_weight=530.14258767331012 3.1790099824793279 8.0658799054290249 0.59419200796401384 0.31254811658436554 0.39529164994746679 0.41126847088889917 22.841723237797851 16.602457950157262 31.268595992351038 30.547741063543072 0.11000597701786219 14.802008339936945 137.0598150814767 11.26764948133132 16.041995037161541 60.715118670283118 10.471830276575927 11.156571407937008 0.14043748047697491 0.9029852830317403 0.2897779047489174 1.8984940399786854 0.24620857383706496 1.8124169854272607 2.3534642417907889 0.17397604160942137 0.53209629691627913 0.61978807750710985 4.2142475579385064 5.3265462932104128
leaf_count=17540 6507 46330 11 75 43 70 9825 4872 5190 6745 11 2197 11078 17573 2223 4980 19420 3638 235 246 1 5110 60 614 3964 3 1163 85 9853 1661
internal_value=8.97219e-05 -0.000206731 0.00143705 0.000602514 -0.148928 -0.260798 -0.00405793 -0.00274844 -0.0132825 -0.00637431 -0.0388348 0.00171883 -0.00212471 0.00087322 -0.0164483 0.00167383 0.0192398 0.0299577 0.0267276 0.0152016 -0.0453853 0.0180285 0.0092891 0.000853744 0.00989834 -0.0766555 -0.0323969 -0.116587 0.0249967 0.0521528
internal_weight=924.497 909.467 637.407 619.286 1.11911 0.723817 272.06 263.704 78.5288 61.8163 16.7125 185.175 151.862 618.167 27.3096 590.858 33.3136 18.1207 17.5265 12.0596 8.35566 15.0297 11.8507 9.9522 8.91223 1.03997 2.34451 0.793764 6.56771 5.46698
internal_count=181323 153964 48295 42504 188 145 105669 59338 16818 11935 4883 42520 13275 42316 19796 22520 29245 5791 5780 3884 46331 27359 20852 15742 15594 148 1777 88 13817 1896
is_linear=0
shrinkage=0.05


Tree=201
num_leaves=31
num_cat=0
split_feature=5 3 25 15 11 7 26 2 7 15 2 24 4 15 7 24 11 14 8 2 7 7 8 11 15 2 11 6 25 3
split_gain=2.03557 5.48841 9.87315 5.9632 5.30926 7.10677 7.86861 5.99877 6.5401 4.59873 3.74794 3.51843 3.21915 3.0114 2.60663 4.81933 2.51348 2.45983 2.44654 3.19351 6.78837 5.14753 5.74843 4.81045 3.61078 3.31094 4.86511 4.12899 3.04694 3.78509
threshold=1.0000000180025095e-35 0.83974358439445507 1.0000000180025095e-35 0.91827458143234264 0.36602871119976049 0.73727351427078258 1.0000000180025095e-35 0.63068181276321422 0.94935896992683422 0.1183014363050461 0.20714285969734195 2.5000000000000004 1.0000000180025095e-35 0.53671374917030346 0.80673459172248851 3.5000000000000004 0.75499999523162853 1.0000000180025095e-35 0.29166667163372045 0.44949495792388922 0.25962962210178381 0.5039682686328889 0.41666667163372045 0.32575757801532751 1.0000000180025095e-35 0.76388889551162731 0.39565217494964605 1.0000000180025095e-35 1.0000000180025095e-35 0.61250001192092907
decision_type=2 2 2 2 2 2 2 2 2 2 2 2 2 2 2 2 2 2 2 2 2 2 2 2 2 2 2 2 2 2
left_child=1 2 4 12 5 13 -7 9 -9 -6 -4 16 14 -1 15 -3 -5 -13 -2 21 -21 22 23 -20 -24 26 -22 -27 29 -23
right_child=18 3 10 11 7 6 -8 8 -10 -11 -12 17 -14 -15 -16 -17 -18 -19 19 20 25 28 24 -25 -26 27 -28 -29 -30 -31
leaf_value=-0.038827803594807392 0.032852106799729254 0.033799153997782168 0.255869868799878 -0.19773033443507895 -0.11136298849013866 0.016600482684111552 -0.023587608767896669 0.012356781655882776 -0.16813232786574347 0.025340270982993702 0.066167764676376292 -0.15494531062200162 -0.16109435384961249 -0.14657583697268145 0.047051656388497357 -0.03680036754749396 0.050338124267538156 0.034155628456987046 -0.036493489870577253 -0.38569133545984774 0.014048583714433426 0.060173351346123886 0.13731894033543818 0.070478223820336847 0.0084699368034837248 0.018336172311165494 -0.0019485760221648692 -0.0028930937881019581 -0.012548555070560583 -0.071346534163588743
leaf_weight=11.976782471170733 5.3571380015382593 9.566111235108119 0.28225636472052373 0.5640422357027991 0.6310171805889756 25.460899979254464 23.349943728779181 1.1369316295094898 0.89859713361511229 24.552082788355619 3.3575509095280722 0.2190906568430363 0.21682836209220013 0.68559097947581982 14.239160350422024 3.234608967366511 0.12468280340544879 0.79962447013895133 3.0688137228680707 0.11389263751334411 93.862896711270878 2.832128526501037 1.6421080732252451 1.5983400595214332 0.8128798276229644 24.103035002477554 96.278601479407371 460.47135880502537 110.64854496591579 0.67802665541239537
leaf_count=27383 2372 1285 5 10 39 21329 12147 135 154 12282 340 2 15 105 3259 452 390 1656 944 10 7354 3140 19 199 483 5132 28193 34586 17877 26
internal_value=8.94306e-05 0.00612596 0.000168991 0.0251156 -0.00314323 -0.0112834 -0.00262454 0.0152414 -0.0673213 0.0219149 0.0808786 -0.0655293 0.0307938 -0.0446617 0.0323325 0.0159594 -0.152821 -0.00651349 -0.000824151 -0.00105076 0.000291744 -0.00852073 0.0327197 0.000140652 0.0946553 0.000356899 0.00594838 -0.00183714 -0.0110936 0.0347688
internal_weight=922.764 121.296 92.3317 28.9641 88.6918 61.4732 48.8108 27.2186 2.03553 25.1831 3.63981 1.70744 27.2567 12.6624 27.0399 12.8007 0.688725 1.01872 801.468 796.111 674.83 121.281 7.12214 4.66715 2.45499 674.716 190.141 484.574 114.159 3.51016
internal_count=181323 80988 73919 7069 73574 60964 33476 12610 289 12321 345 2058 5011 27488 4996 1737 400 1658 100335 97963 75275 22688 1645 1143 502 75265 35547 39718 21043 3166
is_linear=0
shrinkage=0.05


Tree=202
num_leaves=31
num_cat=0
split_feature=15 13 11 15 17 15 15 11 21 11 21 0 11 0 0 0 11 1 1 9 0 1 25 7 11 11 7 15 7 17
split_gain=1.90121 2.05691 11.8122 2.44158 3.39186 4.3522 3.89443 3.32667 4.06176 3.3008 1.98325 5.92835 6.08647 7.40511 2.74158 4.21515 3.84631 2.07108 9.80605 9.03286 6.38026 4.04054 3.34908 2.76398 0.307545 0.957855 0.224001 0.174291 0.503294 0.213488
threshold=0.97067421674728405 1.0000000180025095e-35 0.045983087271451957 0.26483158767223364 0.94881153106689464 0.093933824449777617 0.24789856374263766 0.056349206715822227 1.0000000180025095e-35 0.13714733719825747 1.0000000180025095e-35 0.86240702867507946 0.21583850681781772 0.88303694128990184 0.43364779651165014 0.41742423176765447 0.15894736349582675 0.94286730885505687 0.98129165172576915 1.0000000180025095e-35 0.96490147709846508 0.93847250938415538 1.0000000180025095e-35 0.96824595332145702 0.8441295623779298 0.84807693958282482 0.89323708415031444 0.1183014363050461 0.55051019787788402 0.28215467929840093
decision_type=2 2 2 2 2 2 2 2 2 2 2 2 2 2 2 2 2 2 2 2 2 2 2 2 2 2 2 2 2 2
left_child=1 2 27 4 6 -6 -4 8 -5 -9 11 14 13 -13 15 -3 -16 20 22 -20 21 -12 -19 -22 -2 26 -26 28 -1 -29
right_child=24 10 3 7 5 -7 -8 9 -10 -11 17 12 -14 -15 16 -17 -18 18 19 -21 23 -23 -24 -25 25 -27 -28 29 -30 -31
leaf_value=0.046766777214826631 0.051306376580134122 0.014379998422236889 -0.0034970010771615892 0.18610598509421261 -0.075519293033356361 0.044727579736891961 0.035934083821056111 -0.030136007273885962 -0.050062347615055881 -0.002721226763619048 -0.0013318403382704448 -0.11169986879454402 0.050841059806632671 0.000976983375667652 0.051498493055312504 -0.086006601979954356 0.012694242548657225 -0.08358173625870241 -0.013341008855774964 0.0079832159942322522 -0.094910282583554328 -0.043332814185137125 0.024828135685773599 -0.02418940145284738 -0.00083269191168629491 0.050193510568352299 -0.064961591618776501 -0.068711876675603717 -0.050706767082565718 -0.050101729337531556
leaf_weight=0.17246228644944395 1.8407940862307435 7.4815821630563715 42.39020480351428 0.49440293895895593 0.82179447220550983 8.9230293223845347 7.3472408502748285 11.573467936605082 0.28817632497884815 214.00944523415455 158.86780115700822 1.4714430517342396 6.0973074748544596 161.39193579455605 13.284573049459143 1.215587913742638 12.297338709642643 0.7235988945394628 95.837273811623163 103.07136441271723 2.6021728438936398 5.9402244165175935 46.055310479539912 2.9454403329800698 0.2778046148814608 0.99571789381298004 0.26708675515692448 1.8332353886944464 0.57052834351088677 9.6684026790608169
leaf_count=130 544 4637 6142 54 60 1683 1961 7391 1006 14147 28023 125 13485 2290 1229 332 16981 288 4255 4001 48 864 8648 159 22 7686 24 156 834 54118
internal_value=8.85198e-05 -4.94194e-05 -0.00346192 -0.00140193 0.00761272 0.034587 0.00232778 -0.00377072 0.0991396 -0.00412773 0.00159319 0.00564155 0.00179516 -4.10329e-05 0.0246004 0.000349143 0.0328451 -0.000384459 0.00255309 -0.00229113 -0.00462101 -0.00284569 0.0231512 -0.0573619 0.0375115 0.0210286 -0.0322664 -0.0515518 -0.0280813 -0.053068
internal_weight=920.757 917.375 298.092 285.848 59.4823 9.74482 49.7374 226.365 0.782579 225.583 619.283 203.24 168.961 162.863 34.2791 8.69717 25.5819 416.043 245.688 198.909 170.356 164.808 46.7789 5.54761 3.3814 1.54061 0.544891 12.2446 0.742991 11.5016
internal_count=181323 173047 87682 32444 9846 1743 8103 22598 1060 21538 85365 39079 15900 2415 23179 4969 18210 46286 17192 8256 29094 28887 8936 207 8276 7732 46 55238 964 54274
is_linear=0
shrinkage=0.05


Tree=203
num_leaves=31
num_cat=0
split_feature=5 1 11 8 0 1 7 7 7 19 0 17 17 23 15 24 7 26 0 7 2 1 26 0 0 7 0 0 15 11
split_gain=1.90799 5.35578 5.17864 8.3692 9.14559 3.69207 3.09871 3.07634 11.9035 2.76063 5.96363 8.77619 11.8612 6.97246 3.60832 3.42767 7.83622 6.25091 5.83352 3.18891 3.02884 2.72864 10.5924 6.91137 6.45335 6.70791 6.34393 9.64514 7.53618 6.10712
threshold=1.0000000180025095e-35 0.78909084200859081 0.065591398626565947 0.75000000000000011 0.43364779651165014 0.86316564679145824 0.91945946216583263 0.72046512365341198 0.71902412176132213 1.0000000180025095e-35 0.71081870794296276 0.91120073199272167 0.93250834941864025 0.05298245698213578 0.1183014363050461 3.5000000000000004 0.79516318440437328 1.0000000180025095e-35 0.66369047760963451 0.82182541489601146 0.58571431040763866 0.88022258877754223 1.0000000180025095e-35 0.61602565646171581 0.58876052498817455 0.59491634368896495 0.64760348200798046 0.63211598992347728 0.63676589727401745 0.35857143998146063
decision_type=2 2 2 2 2 2 2 2 2 2 2 2 2 2 2 2 2 2 2 2 2 2 2 2 2 2 2 2 2 2
left_child=1 9 3 6 -5 -6 -3 8 -4 10 13 19 -13 20 -15 -11 18 -18 -17 -12 -1 22 26 -24 -23 29 27 -2 -29 -26
right_child=21 2 7 4 5 -7 -8 -9 -10 15 11 12 -14 14 -16 16 17 -19 -20 -21 -22 24 23 -25 25 -27 -28 28 -30 -31
leaf_value=-0.04693967699000115 -0.0026163372607577837 0.038335272648803709 0.00022717166399539173 0.21758982976658944 -0.086912821111439068 -0.01171439201542576 -0.071183225739974612 0.043869219396674278 -0.68627054728842951 0.018720606826142284 0.053534489310158632 -0.62085559190714468 -0.13121249033932122 -0.1004159810533619 0.019813317564870283 -0.067148350205924259 0.033574137081109394 -0.021893595787719735 0.03164201131832528 -0.077046514451051443 0.080075880355570561 0.021399419599765976 -0.089690181882224565 -0.015547143550531432 -0.25699916553386387 -0.00054211473287834862 0.053156835406106863 -0.062585220897993926 -0.29195689296466504 -0.035464948016320857
leaf_weight=8.8356910421371175 82.60761647030813 9.3553616309218341 0.95138008349931869 0.32673059332591847 3.6632105845019396 2.9441358116018819 0.69376838864263923 18.739525166201929 0.067633876577019691 25.69869795559498 0.802599991235183 0.14799886730907008 0.75277268969148281 0.65191339438751938 14.604628345256058 6.9036843579269789 12.187655061781697 8.7086927922173345 1.9071114859034421 1.1199592416887751 0.49568676490162111 34.528764570441126 6.0814426534234354 6.5053893733638688 0.47063124514534027 660.86544540193427 4.8608384632607331 2.1167583169153654 0.43102521627952217 0.9177381173503818
leaf_count=36170 18260 333 412 25 446 155 69 5473 5 19744 36 19 135 58 3387 4581 2933 6548 309 118 32 5902 994 441 23 73775 643 88 96 113
internal_value=8.60972e-05 0.00597726 0.0218653 0.00161808 -0.0406363 -0.0534055 0.0307744 0.0392686 -0.045337 -0.00107146 -0.0140501 -0.0828742 -0.211662 -0.00614726 0.0146759 0.00534952 -0.00621739 0.0104576 -0.045765 -0.0225336 -0.0401926 -0.000795005 -0.00840761 -0.05137 0.000325971 -0.000772762 -0.00240025 -0.00557155 -0.10139 -0.110561
internal_weight=918.944 119.559 36.7417 16.9832 6.93408 6.60735 10.0491 19.7585 1.01901 82.8171 27.4113 2.82333 0.900772 24.5879 15.2565 55.4058 29.7071 20.8963 8.8108 1.92256 9.33138 799.386 102.603 12.5868 696.783 662.254 90.0162 85.1554 2.54778 1.38837
internal_count=181323 80988 6918 1028 626 601 402 5890 417 74070 39955 308 154 39647 3445 34115 14371 9481 4890 154 36202 100335 20522 1435 79813 73911 19087 18444 184 136
is_linear=0
shrinkage=0.05


Tree=204
num_leaves=31
num_cat=0
split_feature=23 17 11 11 17 18 11 7 13 23 8 17 24 24 7 0 23 0 23 11 8 7 7 7 7 1 26 24 0 17
split_gain=1.82217 1.89916 5.70407 3.89381 6.53156 3.466 6.20941 7.39515 4.34087 4.30518 4.29892 3.16428 2.24645 2.80351 2.09063 2.03694 4.04635 6.29827 3.60415 2.60085 2.29499 1.67526 1.53814 1.11978 8.63899 1.03819 1.03841 0.525171 0.200194 0.294381
threshold=0.68301436305046093 0.72104203701019298 0.053342817351222045 0.12060606107115747 0.55705243349075328 1.0000000180025095e-35 0.35857143998146063 0.96039214730262767 1.0000000180025095e-35 0.30079366266727453 0.41666667163372045 0.72354421019554149 5.5000000000000009 6.5000000000000009 0.81322672963142406 0.51389962434768688 0.071714289486408248 0.48683299124240881 0.12552521377801898 0.43303571641445165 0.75000000000000011 0.7731560766696931 0.81016731262207042 0.97100839018821727 0.97182539105415355 0.93847250938415538 1.0000000180025095e-35 1.5000000000000002 0.99107143282890331 0.82870012521743786
decision_type=2 2 2 2 2 2 2 2 2 2 2 2 2 2 2 2 2 2 2 2 2 2 2 2 2 2 2 2 2 2
left_child=1 3 28 4 12 6 9 -8 10 -4 -7 -10 14 -14 -1 16 17 -5 21 -20 -18 -17 25 27 -25 -2 -27 -6 -3 -30
right_child=22 2 5 15 23 8 7 -9 11 -11 -12 -13 13 -15 -16 18 20 -19 19 -21 -22 -23 -24 24 -26 26 -28 -29 29 -31
leaf_value=0.0086258401378188406 0.051356514860544822 -0.050044993884288264 -0.031057798716974217 -0.022897604377986047 0.0024897101548714716 0.023676607444186291 -0.0093642581602747972 0.043576638548534406 -0.16622012547046319 -0.13759830020030259 -0.004775847612947047 0.018746310679183208 0.053129405944556556 -0.038731230426341814 -0.00067547911508077996 0.068552246335136069 -0.0092647667063182892 -0.22004411104969304 0.0042915535283285363 0.037882995005136158 0.038609103179824085 0.028771811736558201 0.050124061464631248 0.3629254785902245 -0.032245105989688307 0.051792455144095632 -0.088725508215590776 -0.054708617344960436 -0.012377820194721311 -0.050069494653146467
leaf_weight=69.24363306707528 0.34705700189078814 5.8409677471809109 16.349105100991441 4.6042668815134666 0.42837399011477639 14.685055152722269 63.570617369505271 7.3600740318506714 0.23277739767945504 1.0065836841531552 138.33565892250408 34.604855841569588 3.9954775348560352 1.0485587747971292 473.69436835136185 3.6463646676711496 5.0101786702944064 0.44420403225376492 35.079378767710296 6.8949175603993345 5.0032587314126431 9.6524146615593036 3.1849544407377834 0.14387672380326 3.5705194039819617 0.17433108204568271 0.53482787396205822 6.3507230286795675 0.99679265725717447 1.0785711597563929
leaf_count=6094 530 43259 5055 2872 114 2277 16919 4039 133 21 11122 36206 81 32 8371 409 426 68 3570 3928 903 1091 11229 44 2478 459 57 15025 1587 2924
internal_value=8.64667e-05 -6.5445e-05 -0.00345857 0.00146738 7.10707e-05 -0.00225893 -0.0104301 -0.00387088 0.00158121 -0.0372369 -0.00204533 0.0175104 0.000819332 0.0340333 0.000510765 0.0125544 -0.00374574 -0.0402441 0.0169961 0.00980946 0.0146556 0.0396791 0.032784 -0.039004 -0.0169382 -0.0195038 -0.0541823 -0.0510942 -0.0453054 -0.0319663
internal_weight=917.113 912.872 284.061 628.811 558.476 276.145 88.2864 70.9307 187.858 17.3557 153.021 34.8376 547.982 5.04404 542.938 70.335 15.0619 5.04847 55.2731 41.9743 10.0134 13.2988 4.24117 10.4935 3.7144 1.05622 0.709159 6.7791 7.91633 2.07536
internal_count=181323 169048 123542 45506 32239 75772 26034 20958 49738 5076 13399 36339 14578 113 14465 13267 4269 2940 8998 7498 1329 1500 12275 17661 2522 1046 516 15139 47770 4511
is_linear=0
shrinkage=0.05


Tree=205
num_leaves=31
num_cat=0
split_feature=2 3 23 17 11 11 7 0 23 0 7 1 9 1 11 0 13 6 1 11 11 0 17 11 12 24 7 17 1 21
split_gain=1.79372 2.03561 1.72165 1.79363 5.00729 3.57029 5.63016 3.54376 2.08041 1.56271 1.46849 0.957084 1.07546 0.914775 0.319908 0.202778 0.166995 0.0725571 0.123917 0.0479036 0.023631 0.000342852 0.000138363 5.87751e-05 3.9435e-05 3.36684e-05 4.78411e-05 1.5143e-05 6.33536e-06 4.9812e-06
threshold=1.0000000180025095e-35 0.30952382087707525 0.68301436305046093 0.72104203701019298 0.053342817351222045 0.43303571641445165 0.4246212244033814 0.51668518781661998 0.30079366266727453 0.66927084326744091 0.81016731262207042 0.93847250938415538 1.0000000180025095e-35 0.96536955237388622 0.1695402339100838 0.99107143282890331 0.75000000000000011 1.0000000180025095e-35 0.94616025686264049 0.19292803853750232 0.36602871119976049 0.8019607961177827 0.30805176496505743 0.11651583760976793 0.88194444775581371 5.5000000000000009 0.8532998561859132 0.66563147306442272 0.83228069543838512 1.0000000180025095e-35
decision_type=2 2 2 2 2 2 2 2 2 2 2 2 2 2 2 2 2 2 2 2 2 2 2 2 2 2 2 2 2 2
left_child=13 9 3 5 15 8 -7 -6 -3 16 11 21 -13 17 22 -5 19 23 -19 24 -21 -4 -15 27 -2 -12 -27 28 -1 -24
right_child=1 2 10 4 7 6 -8 -9 -10 -11 25 12 -14 14 -16 -17 -18 18 -20 20 -22 -23 29 -25 -26 26 -28 -29 -30 -31
leaf_value=0.050204618975935145 -0.050042727042385084 0.00074369481687976461 0.050350723196309455 -0.050041027491324844 0.010225767814793778 -0.26454444813109762 0.037604624096652189 -0.0048990609532990675 0.038117908940806106 0.05693597504379895 0.050075856783267307 0.051562792135183361 -0.088805497859318516 -0.052661200469811764 0.050395591845672022 -0.031313890506302677 -0.011468561054952049 0.051487700656329551 -0.048493140188755467 -0.068273569702681114 -0.05349740857676083 0.054043342527597585 -0.05061425672014 0.050060109576431755 -0.051407018592799551 0.052111887526070183 0.0502870276170602 0.051417820184050736 0.051054508141248449 -0.050164884026148694
leaf_weight=0.058521287210169581 1.1003806345488558 612.79336263888035 0.2460984238241497 5.1153363743560467 46.750059102254454 0.15686447445477725 8.9974903611873724 225.69066891531475 3.7462010375165837 0.36067421978805203 2.8465948894772741 0.18521062170111691 0.51838446187321097 0.095545098185539135 0.099869843896158272 2.0148670568523812 0.21358908755428263 0.078025005816016235 0.051411526710580802 0.9443040858786842 0.37925362936221063 0.084425102788372897 0.15077420178567991 2.4262503710888268 0.055645839696808141 0.049019011225027387 0.13435625399870332 0.095581678207963705 0.035066447453573346 0.1043471108423546
leaf_count=48 15436 32525 523 34285 14355 45 4550 48924 908 22 10897 486 30 2 83 4511 30 55 11 172 15 7 26 12903 73 13 319 4 4 61
internal_value=8.32001e-05 -4.77704e-05 8.90943e-05 -5.66783e-05 -0.00338621 0.00143102 0.0324271 -0.00230368 0.000970787 -0.0408013 0.0325596 -0.0188872 -0.0518557 0.0374793 -0.0285535 -0.0447491 -0.0538904 0.0483178 0.0117758 -0.0575446 -0.0640396 0.0512939 -0.0510383 0.0501263 -0.0501084 0.0501182 0.0507748 0.0509752 0.0505231 -0.0504305
internal_weight=915.578 912.383 909.329 905.265 279.571 625.694 9.15435 272.441 616.54 3.05385 4.06409 1.03412 0.703595 3.19539 0.450536 7.1302 2.69317 2.74486 0.129437 2.47958 1.32356 0.330524 0.350666 2.61542 1.15603 3.02997 0.183375 0.189169 0.0935877 0.255121
internal_count=181323 168126 152378 140103 102075 38028 4595 63279 33433 15748 12275 1046 516 13197 172 38796 15726 13025 66 15696 187 530 89 12959 15509 11229 332 56 52 87
is_linear=0
shrinkage=0.05


Tree=206
num_leaves=31
num_cat=0
split_feature=15 8 1 17 11 11 18 15 17 23 23 15 24 1 0 3 15 11 13 24 0 8 17 0 24 15 11 15 15 27
split_gain=1.77883 1.76887 3.50576 1.79555 4.47832 3.4329 3.28297 5.03716 3.69049 2.44811 4.3538 1.93323 1.70482 1.54667 1.42803 1.4008 1.63889 1.1631 0.757494 0.499878 0.504977 0.231581 0.334989 0.2292 0.113966 0.109527 0.265866 0.0209226 0.000710984 0.000654559
threshold=0.97067421674728405 0.29166667163372045 0.84715291857719432 0.78059476613998424 0.57518798112869274 0.053342817351222045 1.0000000180025095e-35 0.72760695219039928 0.78598690032958995 0.40000002086162573 0.37089948356151586 0.59763106703758251 6.5000000000000009 0.8494696617126466 0.16823899745941165 0.73214286565780651 0.85764944553375255 0.39565217494964605 0.75000000000000011 4.5000000000000009 0.63211598992347728 0.29166667163372045 0.98657658696174633 0.62605932354927074 1.5000000000000002 1.0000000180025095e-35 0.13100686669349673 1.0000000180025095e-35 0.74657276272773754 1.0000000180025095e-35
decision_type=2 2 2 2 2 2 2 2 2 2 2 2 2 2 2 2 2 2 2 2 2 2 2 2 2 2 2 2 2 2
left_child=1 2 14 4 9 11 7 -7 -8 10 -3 -5 18 -4 24 17 -17 -16 -6 21 23 22 -2 -21 27 -15 -27 -1 -11 -26
right_child=19 3 13 5 12 6 8 -9 -10 28 -12 -13 -14 25 15 16 -18 -19 -20 20 -22 -23 -24 -25 29 26 -28 -29 -30 -31
leaf_value=0.060491014280803335 -0.05114026005252912 0.00074393645283960116 0.18934100337307883 -0.050048509443844175 0.053026491600693129 -0.023955116664701209 -0.059753139152555569 0.0013439723740984798 0.0019225766248568727 0.050447882141242052 -0.064584042363320812 0.083125168497368965 -0.072252466043585248 0.072530758898973147 -0.05538159073935997 0.031022869111077545 -0.10070025238877685 0.053201066637057565 0.0098620330387041433 0.050413234529567003 0.050592186894946045 0.05107564123050589 0.050406396533910706 -0.070594062950140257 -0.021731679800331548 -0.050150134271527272 0.053381859670200052 0.045272070926019613 0.052684437997257916 -0.05005099356156463
leaf_weight=0.29833227768540183 0.14323856454939221 641.13620521747725 0.23748690285538065 5.1827121780515872 5.7127750116160305 39.650986044920501 2.462123331068141 39.053815965813556 162.92223893623668 1.9893853156281687 2.5605956248764405 0.28763669729232777 0.32248490104393557 0.74340758472681079 1.9493115682416831 1.9083298905243284 0.26948336274654128 0.28234683796836169 1.2363776724996567 0.046573270014050538 0.20891543116522371 2.3870979766325036 0.18756214790300874 0.24491615616716444 0.0021957934040982554 0.064129477723326889 1.8750862957167553 0.92928612030300428 0.43260796801769164 0.028839341506682103
leaf_count=6 117 50354 35 37066 1425 10041 685 11430 42760 1904 736 1 26 18 4476 696 24 424 3938 115 567 5803 1666 8 12 104 856 5627 140 263
internal_value=7.98486e-05 -5.11634e-05 0.0225333 -0.000265971 0.00111199 -0.00387372 -0.00299581 -0.0114016 0.00100439 0.000672853 0.000484065 -0.0430461 0.0401314 0.0670404 -0.000395902 -0.0138044 0.0147234 -0.0416438 0.0453468 0.0371871 -0.00873738 0.0456425 0.00643612 -0.0512599 0.0465783 0.0562134 0.0499581 0.0489705 0.0508474 -0.0480473
internal_weight=914.756 911.538 8.58824 902.95 653.39 249.56 244.089 78.7048 165.384 646.119 643.697 5.47035 7.27164 2.92011 5.66813 4.40947 2.17781 2.23166 6.94915 3.2183 0.500405 2.7179 0.330801 0.291489 1.25865 2.68262 1.93922 1.22762 2.42199 0.0310351
internal_count=181323 173047 12541 160506 58523 101983 64916 21471 43445 53134 51090 37067 5389 1013 11528 5620 720 4900 5363 8276 690 7586 1783 123 5908 978 960 5633 2044 275
is_linear=0
shrinkage=0.05


Tree=207
num_leaves=31
num_cat=0
split_feature=5 3 25 15 23 7 26 23 18 2 24 0 7 24 0 0 0 2 0 0 7 0 7 8 7 0 25 13 11 24
split_gain=1.77216 4.73263 9.08608 5.21797 4.68049 4.62856 6.00473 8.18683 5.28162 3.97994 3.36967 2.78119 2.56987 4.1583 2.72285 2.48607 2.40834 2.21428 7.68186 6.82131 5.85409 5.01737 5.16536 5.10229 3.88872 3.89342 3.32144 2.54172 4.88243 3.77002
threshold=1.0000000180025095e-35 0.83974358439445507 1.0000000180025095e-35 0.91827458143234264 0.45773810148239141 0.76043477654457103 1.0000000180025095e-35 0.036549167707562454 1.0000000180025095e-35 0.20714285969734195 2.5000000000000004 0.99107143282890331 0.80673459172248851 3.5000000000000004 0.91366460919380199 0.43364779651165014 0.65261757373809826 0.43650794029235845 0.96824595332145702 0.45889639854431158 0.25962962210178381 0.92637759447097789 0.5039682686328889 0.41666667163372045 0.4246212244033814 0.41967740654945379 1.0000000180025095e-35 1.0000000180025095e-35 0.045983087271451957 1.5000000000000002
decision_type=2 2 2 2 2 2 2 2 2 2 2 2 2 2 2 2 2 2 2 2 2 2 2 2 2 2 2 2 2 2
left_child=1 2 5 11 -5 10 8 -8 -7 -4 15 12 13 -3 -14 -1 -12 18 21 20 -19 22 23 -2 25 -22 -24 28 -21 -30
right_child=17 3 9 4 -6 6 7 -9 -10 -11 16 -13 14 -15 -16 -17 -18 19 -20 27 24 -23 26 -25 -26 -27 -28 -29 29 -31
leaf_value=-0.017329021088519723 0.0050379694529336582 0.031845328685107185 0.27422229339074961 -0.1207999045167934 0.052068432024300886 0.031024129567436387 -0.038083224652853041 0.015688445979261261 -0.0087687251765758058 0.065679166995835286 -0.043912095208982233 -0.14397035213203851 0.057505392083954457 -0.03361231085260518 0.001643741816367133 0.048386940127740627 0.017140230631585426 -0.28220949554367392 -0.25244775488045218 -0.051753405416338882 -0.0021340383651227762 0.041064117495911302 0.038914634785266841 0.088759615147228799 0.046649995221532625 -0.2528646843218102 -0.012939223965212413 0.0015809380399699879 -0.057657821390405588 -0.0029563486076824622
leaf_weight=3.7481864662913749 6.8223171998706658 9.1983713398585767 0.24704698155983296 1.1218242905742943 0.60151522716841999 23.729431403400667 15.521214482310826 13.013639764827529 12.856548961259248 3.0947073868810548 12.95296027275799 0.22939099231734772 10.676629655601571 3.2955018984794142 2.7415394210074728 2.3361719083368371 1.8454346067737777 0.14690959083964372 0.31768283284327381 5.4829466576593395 2.9865677411507963 5.3585067056046674 3.1805182956395575 2.4818465837961412 13.305490054448454 0.16329615247377649 106.38407941274636 461.99154355924111 3.2044019761960945 184.90237454094313
leaf_count=14451 2253 1285 5 442 1616 6698 10475 2438 15923 340 21606 15 3069 452 190 1823 160 10 3 9192 384 1395 3610 502 2518 27 17132 51370 145 11794
internal_value=7.70234e-05 0.00581733 0.00020646 0.023808 -0.0604619 -0.00293659 0.00363195 -0.0135601 0.0170407 0.0810962 -0.0234199 0.0293634 0.0308978 0.0145796 0.046092 0.00790351 -0.0362986 -0.000767458 -0.00689114 0.000367163 0.0320183 -0.00626318 -0.00839666 0.0273704 0.0348237 -0.0151325 -0.011434 -0.000434387 -0.00524385 -0.00388819
internal_weight=913.939 117.21 89.3453 27.8648 1.72334 86.0036 65.1208 28.5349 36.586 3.34175 20.8828 26.1414 25.912 12.4939 13.4182 6.08436 14.7984 796.728 124.545 672.184 16.6023 124.227 118.869 9.30416 16.4554 3.14986 109.565 655.581 193.59 188.107
internal_count=181323 80988 73919 7069 2058 73574 35534 12913 22621 345 38040 5011 4996 1737 3259 16274 21766 100335 24895 75440 2939 24892 23497 2755 2929 411 20742 72501 21131 11939
is_linear=0
shrinkage=0.05


Tree=208
num_leaves=31
num_cat=0
split_feature=11 11 1 17 23 23 17 1 21 12 23 17 11 2 26 1 0 1 8 2 0 12 7 0 11 17 13 1 0 24
split_gain=1.68056 1.83227 2.3216 1.64952 1.63917 2.28061 1.99569 1.68756 1.62427 2.70478 4.7436 2.08203 3.5593 2.66902 2.52453 12.0453 5.77575 1.98156 4.67897 4.25896 1.8735 1.66163 1.59719 1.50324 1.09452 0.976415 0.74121 0.709447 1.72025 0.00804441
threshold=0.82085561752319347 0.81365740299224865 0.89569163322448742 0.88929739594459545 0.33503402769565588 0.37089948356151586 0.90779352188110363 0.91688472032547008 1.0000000180025095e-35 0.41428571939468389 0.12552521377801898 0.85762548446655285 0.21240601688623431 0.63068181276321422 1.0000000180025095e-35 0.99506098031997692 0.75219297409057628 0.91381365060806286 0.75000000000000011 0.34848485887050634 0.94804319739341747 0.15476191043853763 0.85839599370956432 0.46470099687576299 0.79057019948959362 0.94756481051445018 1.0000000180025095e-35 0.89350745081901561 0.62192192673683178 3.5000000000000004
decision_type=2 2 2 2 2 2 2 2 2 2 2 2 2 2 2 2 2 2 2 2 2 2 2 2 2 2 2 2 2 2
left_child=1 8 23 -2 29 7 22 -6 9 17 20 14 21 -14 15 -10 -16 19 -19 -1 -11 -13 -7 -3 -12 -8 -9 28 -25 -5
right_child=3 2 -4 4 5 6 25 26 11 10 24 12 13 -15 16 -17 -18 18 -20 -21 -22 -23 -24 27 -26 -27 -28 -29 -30 -31
leaf_value=-0.0067492488622045935 0.050580410701523248 0.053102755402545644 0.050980110661983651 0.05087887281228376 0.052049962170436295 -0.051582086096443561 0.050801787485752238 -0.14325998348883526 0.0054000095586485778 0.019788482499155227 0.044088242981287461 -0.049580017931153117 -0.012101828716287379 0.0030238188524782036 -0.020768657211349878 -0.64052527139256688 -0.00010534810466456766 -0.019193588021955057 0.0021100774402100851 0.023621768552497889 -0.012384057280668688 0.044939884496988075 0.050780453640860312 -0.10497797137108118 -0.02967216777608303 0.0092060226815195764 -0.049343568695040953 -0.17949263085825018 0.050895384589195208 0.058233491411536942
leaf_weight=20.173935553924821 2.9263064719598324 0.20239970201146151 0.47407953052970686 1.1966441585282144 0.22970059189537895 1.8444717004094839 2.1833030803791189 0.46395453932927921 155.72337297341437 7.731659731569386 11.794722123227981 6.2805366003985901 65.195470436587129 52.773002128309599 38.711063299679154 0.072209674865006401 267.55066721623007 29.562531387709896 201.11940573189349 26.981492464619805 10.910602668147474 0.50214862871325738 0.48031260429706879 1.0350248482354798 0.52534475185530105 3.9875796373271442 0.38394242883077823 0.20120140890503524 0.21352179159293871 0.53939760676439608
leaf_count=1750 6507 201 472 4952 60 614 3964 9 43260 4560 23875 30729 4987 5596 12167 2 10453 2944 9004 2376 154 572 1163 77 721 9853 79 4 60 158
internal_value=7.61683e-05 -0.000194116 -0.0465543 0.017121 0.00846328 0.000357134 0.00904864 -0.0681658 -8.40539e-05 0.00285123 0.0168689 -0.00162871 -0.0073605 -0.0053354 -8.11743e-05 0.00510063 -0.00271716 0.00128909 -0.000620046 0.0106285 0.000959126 -0.0425823 -0.0304334 -0.0745416 0.040943 0.0239229 -0.100733 -0.0923621 -0.0783211 0.053164
internal_weight=911.97 897.734 2.12623 14.2356 11.3093 9.57326 8.49567 1.0776 895.608 308.8 30.9623 586.808 124.751 117.968 462.057 155.796 306.262 277.837 230.682 47.1554 18.6423 6.78269 2.32478 1.65215 12.3201 6.17088 0.847897 1.44975 1.24855 1.73604
internal_count=181323 153964 814 27359 20852 15742 15594 148 153150 45384 29310 107766 41884 10583 65882 43262 22620 16074 11948 4126 4714 31301 1777 342 24596 13817 88 141 137 5110
is_linear=0
shrinkage=0.05


Tree=209
num_leaves=31
num_cat=0
split_feature=15 8 0 9 0 7 0 6 0 23 7 23 15 24 2 24 26 2 0 6 11 11 24 0 8 0 15 24 15 15
split_gain=1.6954 1.6924 2.9517 2.17029 1.77136 1.77062 8.45887 7.32779 6.57413 5.43761 4.0521 3.68745 8.68724 2.90614 2.48092 6.4273 3.69403 1.43933 1.02157 0.852106 0.712967 0.610817 0.491641 0.47547 0.191943 0.291737 0.14347 0.103995 0.0332641 0.0198532
threshold=0.97067421674728405 0.29166667163372045 0.44151847064495092 1.0000000180025095e-35 0.16823899745941165 0.9759001135826112 0.97646731138229381 1.0000000180025095e-35 0.93142634630203258 0.083683479577302947 0.97100839018821727 0.39897958934307104 0.69261056184768688 5.5000000000000009 0.58571431040763866 3.5000000000000004 1.0000000180025095e-35 0.31666667759418493 0.44543650746345526 1.0000000180025095e-35 0.37797619402408605 0.78759399056434642 4.5000000000000009 0.63211598992347728 0.29166667163372045 0.62605932354927074 1.0000000180025095e-35 1.5000000000000002 0.093933824449777617 1.0000000180025095e-35
decision_type=2 2 2 2 2 2 2 2 2 2 2 2 2 2 2 2 2 2 2 2 2 2 2 2 2 2 2 2 2 2
left_child=1 2 4 18 27 10 8 -8 9 -7 14 12 -12 -9 15 -3 -16 20 -4 -10 -6 -5 24 -24 25 -2 -20 29 -19 -1
right_child=22 5 3 21 17 6 7 13 19 -11 11 -13 -14 -15 16 -17 -18 28 26 -21 -22 -23 23 -25 -26 -27 -28 -29 -30 -31
leaf_value=0.059847272977517463 0.050395711341274768 -0.00020665228224205957 0.15401173284859299 -0.10515480330019067 -0.047450722528842949 -0.0086666985564541783 -0.23930310047450698 -0.00093846481488889417 0.017582145253750858 0.031361223556112684 -0.022538568273102161 0.051504146026647935 -0.1691440881668583 0.044788109577487356 0.0088686951491979363 -0.01919224876370073 -0.0024060552319858123 0.060110648306430627 0.071956096941989386 0.054774024237277487 0.051245172546236041 0.050202862252457486 -0.050448836125952183 0.050566486725218567 0.051029004308767327 -0.047929382561973648 0.049901652796859777 -0.04785397952897958 0.034938979517018742 0.04467220750166525
leaf_weight=0.28398221079259911 0.17940176850424894 172.09858034547142 0.30000024086257404 0.25515982097203949 2.4648080658125773 18.227524126637945 0.32127245897572621 283.20500026812806 1.7534552300057811 15.872763668212427 15.148322257631667 1.4274375940949529 1.0826846424752137 3.5178711020562323 114.12247647325785 60.161204064635967 199.90346549448805 0.31172462718677696 1.1312607901636513 12.654502741122997 0.19765680473938108 0.084128315720590763 0.28439740340763808 0.19730761991377221 2.2601501997269224 0.13018348346668063 2.1180485153490736 0.028789461453015863 0.22669472580309957 0.89416182779677911
leaf_count=6 1615 54434 35 30 4426 3732 18 20352 384 7029 985 883 78 395 22068 29721 16816 7 26 3611 412 209 123 567 5803 168 1317 275 171 5627
internal_value=7.51442e-05 -4.99229e-05 0.0224294 0.0541817 -0.00558269 -0.000257259 0.00261862 -0.000644851 0.02193 0.00996522 -0.00196843 -0.025542 -0.0323178 -0.000377435 -0.00120643 -0.00512441 0.00169138 -0.0250461 0.0657308 0.0502478 -0.0401237 -0.066633 0.0372822 -0.0090727 0.0459715 0.00904909 0.05758 0.0460357 0.0495124 0.04833
internal_weight=910.844 907.793 8.29642 3.8886 4.40782 899.497 335.552 287.044 48.5082 34.1003 563.944 17.6584 16.231 286.723 546.286 232.26 314.026 3.20088 3.54931 14.408 2.66246 0.339288 3.05144 0.481705 2.56974 0.309585 3.24931 1.20693 0.538419 1.17814
internal_count=181323 173047 12541 1617 10924 160506 35521 20765 14756 10761 124985 1946 1063 20747 123039 84155 38884 5016 1378 3995 4838 239 8276 690 7586 1783 1343 5908 178 5633
is_linear=0
shrinkage=0.05


Tree=210
num_leaves=31
num_cat=0
split_feature=5 3 15 23 24 0 26 23 7 15 23 15 7 8 0 0 0 7 0 0 0 0 9 18 8 7 21 15 26 3
split_gain=1.73515 4.25258 4.83195 4.02966 3.63909 3.75295 4.95025 7.23574 6.57525 2.10502 8.22235 4.35964 3.90941 7.59706 3.81749 9.11796 4.97949 3.5037 4.98213 12.1192 10.5926 4.22407 3.69263 3.47863 5.49743 5.2126 5.19511 6.89019 6.60831 3.15659
threshold=1.0000000180025095e-35 0.83974358439445507 0.91827458143234264 0.45773810148239141 6.5000000000000009 0.82650500535964977 1.0000000180025095e-35 0.040000000968575485 0.76043477654457103 0.12546296417713168 0.016597797162830833 0.42438536882400518 0.73401361703872692 0.41666667163372045 0.36055555939674383 0.31643131375312811 0.52679425477981578 0.91240409016609203 0.70521390438079845 0.84698995947837841 0.68819445371627819 0.45889639854431158 1.0000000180025095e-35 1.0000000180025095e-35 0.41666667163372045 0.61167800426483165 1.0000000180025095e-35 0.67516234517097484 1.0000000180025095e-35 0.73214286565780651
decision_type=2 2 2 2 2 2 2 2 2 2 2 2 2 2 2 2 2 2 2 2 2 2 2 2 2 2 2 2 2 2
left_child=1 4 -3 -4 5 6 8 -8 -1 12 11 -11 13 29 15 -15 -16 18 20 -20 -14 -19 -23 26 -25 -26 28 -28 -12 -2
right_child=9 2 3 -5 -6 -7 7 -9 -10 10 23 -13 17 14 16 -17 -18 21 19 -21 -22 22 -24 24 25 -27 27 -29 -30 -31
leaf_value=-0.0179667089445791 -0.038505293168814396 0.028600404159857724 -0.11164584858979508 0.051957412249597892 -0.19984080276811333 0.04153588303244396 -0.041639803912636865 0.01016280148464975 0.019004115878645863 -0.047653672692571002 0.024805524960631736 0.057138616154524403 -0.02182064069212333 0.0058251322006655868 -0.0039824120810075152 0.20811749170512606 0.047634187276428465 0.049031325302969039 0.032540470642945116 -0.035802373633695747 -0.18396959366721688 -0.0041463880690069668 0.0056460045363403086 0.030901357009888903 -0.036143061011909915 0.0017833471615364129 -0.036501537136860183 -0.0029141871267587601 -0.010166394698962517 0.017411460595549173
leaf_weight=17.798035873126537 6.4696074884868704 25.407631428479366 1.1522003947102337 0.55897146647112084 0.22614716182579186 5.3582211770226413 15.428960019962689 11.971117955567022 37.085519734710033 13.845738519374207 20.491783024870529 1.0691420228413324 22.457862659532115 1.2427564843092143 7.5909365932348036 1.0095183533267116 12.153089609892048 4.6597683078034597 14.791859940363794 11.553271057935488 1.054487678920849 178.30039105986725 209.25912633918779 15.31964737648377 9.609579616939298 158.30855228566725 29.204764268430154 32.000198585195903 39.635307061205822 4.1383546236538677
leaf_count=32097 218 5011 442 1616 43 1009 16277 1842 22651 22466 6040 3007 497 27 215 44 465 166 788 364 23 1826 1539 2866 1500 39828 4996 7146 6128 186
internal_value=7.44433e-05 0.00581497 0.0231232 -0.0582032 0.000473115 0.000989996 -0.00165031 -0.0190072 0.00701495 -0.000756724 -0.00389448 -0.0401419 0.00135514 0.0180636 0.0348245 0.0964969 0.0277893 0.000122854 -0.012362 0.00256972 -0.0290927 0.00170989 0.00114092 -0.00211943 0.00222878 -0.000387096 -0.00868618 -0.0189408 0.00175231 -0.0166912
internal_weight=909.153 114.987 27.1188 1.71117 87.868 87.6419 82.2836 27.4001 54.8836 794.166 319.485 14.9149 474.681 32.6043 21.9963 2.25227 19.744 442.077 49.8575 26.3451 23.5124 392.219 387.56 304.57 183.238 167.918 121.332 61.205 60.1271 10.608
internal_count=181323 80988 7069 2058 73919 73876 72867 18119 54748 100335 93977 25473 6358 1155 751 71 680 5203 1672 1152 520 3531 3365 68504 44194 41328 24310 12142 12168 404
is_linear=0
shrinkage=0.05


Tree=211
num_leaves=31
num_cat=0
split_feature=15 17 15 15 0 1 1 12 24 7 1 1 15 17 23 23 24 17 26 15 11 24 0 23 0 8 17 23 24 1
split_gain=1.62487 1.64946 3.61194 3.14786 8.02978 14.7672 11.2181 7.04473 3.8292 3.9833 20.0784 4.40167 3.81431 2.78581 2.36344 3.19463 2.27985 1.84117 1.71357 2.06359 0.822015 0.482094 0.439034 0.210642 0.209669 0.156932 0.263153 0.0194556 0.00712444 0.00645906
threshold=0.97067421674728405 0.97379860281944286 0.9631328582763673 0.91499397158622753 0.57259953022003185 0.91842263936996471 0.91381365060806286 0.30952382087707525 5.5000000000000009 0.73024946451187145 0.94497668743133556 0.98129165172576915 0.6580072045326234 0.97152990102767955 0.53197279572486889 0.52440476417541515 3.5000000000000004 0.98418948054313671 1.0000000180025095e-35 0.88583961129188549 0.5419580638408662 4.5000000000000009 0.63211598992347728 0.050000002607703216 0.62605932354927074 0.29166667163372045 0.98657658696174633 0.26598639786243444 2.5000000000000004 0.72668826580047619
decision_type=2 2 2 2 2 2 2 2 2 2 2 2 2 2 2 2 2 2 2 2 2 2 2 2 2 2 2 2 2 2
left_child=1 2 13 8 27 6 -6 -7 9 10 -3 -11 20 14 15 -1 -16 -14 23 -20 -10 25 24 -15 -23 26 -2 28 -5 -4
right_child=21 3 29 4 5 7 -8 -9 12 11 -12 -13 17 18 16 -17 -18 -19 19 -21 -22 22 -24 -25 -26 -27 -28 -29 -30 -31
leaf_value=-0.00028971821473916287 -0.046576718079263252 -0.023319462806924155 0.061144722530654311 0.057282096031848355 -0.10879766933188413 0.036506886573834281 -0.38376411176545078 -0.13382093089546915 0.047792448646959973 0.024863798001521761 -1.0976046592361812 -0.027331120178990864 -0.2037889806519797 -0.020977950584150189 0.038821011943902965 -0.099826588660333324 0.0020739422889177084 -0.060647490641671221 0.018875092392608348 -0.13697571645065015 -0.04066264781901139 0.05042189914085863 0.050530458518432769 0.05704162785778169 -0.067167315847010051 0.050983523039244395 0.050363581908206868 0.055405169270384892 0.069584206174499494 0.052081540579855951
leaf_weight=837.80948556238855 0.11594905274250766 7.7283804339376792 0.2099630495977175 0.15537510771900886 2.0046294808707903 2.7960094537120317 0.45515826308110252 0.77541880476201175 0.42306070536778795 16.729572388381715 0.043740262415667419 5.3249268084728092 0.54162413532321796 0.088654241623771113 7.5927563906261666 0.80688309628749166 9.5044409231704758 0.38386243239801843 1.174816366541563 0.25926944470847946 0.69268930063844891 0.045118893121980252 0.18618885211981251 3.5803676139112213 0.23721922578988597 2.1475322373407835 0.17668212048010901 0.98461619446243276 0.48519725566438865 3.085021956354467
leaf_count=137372 117 4170 67 79 92 84 18 280 67 5903 13 1867 17 755 10032 320 9990 62 653 33 70 115 567 394 8 5803 1666 88 6 615
internal_value=7.25934e-05 -4.7505e-05 0.000409363 -0.0100359 -0.0388238 -0.0654041 -0.159677 -0.000474227 -0.00311949 0.00141462 -0.0293654 0.0122616 -0.0693721 0.000209365 -1.02919e-05 -0.000385489 0.0183931 -0.144418 0.0370424 -0.00930129 -0.00712299 0.0373833 -0.00907139 0.0551564 -0.048376 0.0463029 0.011953 0.0598177 0.0666002 0.0526591
internal_weight=906.545 903.636 864.112 39.5243 7.6564 6.03122 2.45979 3.57143 31.8679 29.8266 7.77212 22.0545 2.04124 860.817 855.714 838.616 17.0972 0.925487 5.10311 1.43409 1.11575 2.90869 0.468527 3.66902 0.282338 2.44016 0.292631 1.62519 0.640572 3.29499
internal_count=181323 173047 160231 12816 647 474 110 364 12169 11953 4183 7770 216 159549 157714 137692 20022 79 1835 686 137 8276 690 1149 123 7586 1783 173 85 682
is_linear=0
shrinkage=0.05


Tree=212
num_leaves=31
num_cat=0
split_feature=2 3 23 24 7 7 9 5 7 1 0 7 1 9 1 11 13 6 1 11 11 0 15 11 12 24 7 15 1 21
split_gain=1.57767 1.81454 1.53414 1.58967 2.40056 5.43404 2.04467 1.66643 4.82467 2.48092 1.49092 1.37311 0.890909 0.920236 0.878102 0.28726 0.162533 0.0642065 0.111922 0.0383532 0.0200316 0.000343517 0.000122728 5.09807e-05 2.82131e-05 2.63545e-05 3.63603e-05 1.06583e-05 5.37035e-06 4.59309e-06
threshold=1.0000000180025095e-35 0.30952382087707525 0.68301436305046093 6.5000000000000009 0.96190130710601818 0.94935896992683422 1.0000000180025095e-35 1.0000000180025095e-35 0.73123827576637279 0.94851896166801464 0.66927084326744091 0.81016731262207042 0.93847250938415538 1.0000000180025095e-35 0.96536955237388622 0.1695402339100838 0.75000000000000011 1.0000000180025095e-35 0.94616025686264049 0.19292803853750232 0.36602871119976049 0.8019607961177827 0.13811445236206057 0.11651583760976793 0.88194444775581371 5.5000000000000009 0.8532998561859132 0.33231084048748022 0.83228069543838512 1.0000000180025095e-35
decision_type=2 2 2 2 2 2 2 2 2 2 2 2 2 2 2 2 2 2 2 2 2 2 2 2 2 2 2 2 2 2
left_child=14 10 3 7 5 -5 -6 8 -3 -9 16 12 21 -14 17 22 19 23 -19 24 -21 -4 -16 27 -2 -13 -27 28 -1 -24
right_child=1 2 11 4 6 -7 -8 9 -10 -11 -12 25 13 -15 15 -17 -18 18 -20 20 -22 -23 29 -25 -26 26 -28 -29 -30 -31
leaf_value=0.050205886237742803 -0.05004037212116276 -0.01297236067111205 0.050350542572817805 -0.018117958848660267 0.034874044961199877 -0.16097724524135051 -0.10077875440719242 -0.0044692635947356073 0.011708144374259197 0.0014143711174437225 0.056515207267155212 0.050071589651221285 0.051417681540760318 -0.083665066524981693 -0.052558266805752978 0.050340989710515587 -0.011286838795710494 0.051381258809901444 -0.048172744620219657 -0.067058396173812637 -0.053065272381086818 0.054077375315135429 -0.050603372785602063 0.050055061978283001 -0.051254353321003199 0.051932407035947918 0.050273035142830449 0.051307090334537078 0.051019108157149988 -0.050157570470233052
leaf_weight=0.050785444153007453 0.98615645385598349 25.910082373355181 0.22857018743889002 3.093675000731309 1.955656688569434 0.84813912940808212 0.32377226172684448 278.68565268913881 83.990801840936911 501.73825917327122 0.35208899754798029 2.5931919592931085 0.16707140422658995 0.51384105351462495 0.093514031585072988 0.088453946913432446 0.21021356382334477 0.072105577542970312 0.046398475868045352 0.90134880911318738 0.35707669565454125 0.084759945471887477 0.14244610315654427 2.1759299607492721 0.05030049695778871 0.045069596304529003 0.12340330910592456 0.092704274342395365 0.033821324643213302 0.097205183003097773
leaf_count=46 15436 24641 523 173 201 20 48 38603 32368 44049 22 10897 486 30 4 83 30 55 11 172 15 7 26 12903 73 13 319 6 4 59
internal_value=7.45412e-05 -4.35511e-05 8.27032e-05 -5.08885e-05 -0.0252377 -0.0488562 0.0156058 0.000125107 0.0058895 -0.000686647 -0.0398264 0.0319714 -0.0184139 -0.0505206 0.0369369 -0.0297565 -0.0533671 0.0483131 0.0124024 -0.0572217 -0.0630879 0.0513587 -0.051022 0.0501215 -0.0500993 0.050111 0.0507169 0.0509368 0.050531 -0.0504226
internal_weight=906.052 903.159 900.302 896.546 6.22124 3.94181 2.27943 890.325 109.901 780.424 2.85719 3.75591 0.994243 0.680912 2.89336 0.421619 2.5051 2.47175 0.118504 2.29488 1.25843 0.31333 0.333165 2.35324 1.03646 2.76166 0.168473 0.177311 0.0846068 0.239651
internal_count=181323 168126 152378 140103 442 193 249 139661 57009 82652 15748 12275 1046 516 13197 172 15726 13025 66 15696 187 530 89 12959 15509 11229 332 56 50 85
is_linear=0
shrinkage=0.05


Tree=213
num_leaves=31
num_cat=0
split_feature=8 1 15 17 11 18 11 13 15 15 17 7 11 17 24 7 21 7 2 15 11 1 24 11 0 12 15 11 17 0
split_gain=1.58391 3.05038 1.60592 1.62621 7.30167 3.87867 5.96091 3.8917 3.33912 2.56434 3.98969 4.12759 4.02644 3.06409 8.13426 2.90152 2.07506 1.2315 1.62997 1.8613 1.25424 0.797569 0.545318 0.511269 0.411298 0.240782 0.0963293 0.237755 0.0789992 0.0672916
threshold=0.29166667163372045 0.84715291857719432 0.97067421674728405 0.59110671281814586 0.075498577207326903 1.0000000180025095e-35 0.35857143998146063 1.0000000180025095e-35 0.32566948235034948 0.24152298271656039 0.28215467929840093 0.80673459172248851 0.087595909833908095 0.25087413191795355 4.5000000000000009 0.81322672963142406 1.0000000180025095e-35 0.22653958946466449 0.31666667759418493 0.85764944553375255 0.37797619402408605 0.8494696617126466 4.5000000000000009 0.85357144474983226 0.63211598992347728 0.23611111193895343 1.0000000180025095e-35 0.13100686669349673 1.0000000180025095e-35 0.16823899745941165
decision_type=2 2 2 2 2 2 2 2 2 2 2 2 2 2 2 2 2 2 2 2 2 2 2 2 2 2 2 2 2 2
left_child=1 17 3 9 8 6 -6 -7 -5 13 12 -12 -11 15 -15 -2 -10 29 20 28 25 -3 -4 -21 -24 -19 -23 -28 -20 -1
right_child=2 21 22 4 5 7 -8 -9 16 10 11 -13 -14 14 -16 -17 -18 18 19 23 -22 26 24 -25 -26 -27 27 -29 -30 -31
leaf_value=0.04737807782273977 0.011451141652076176 0.14516240328958105 0.050944590549244717 -0.05031590112444323 -0.032092496273304398 -0.0010932634800058052 -0.00294229050180606 0.016485597721369649 0.098963067002546604 0.33260043475386636 -0.019006556735547693 0.020101310684835273 0.064234105162300978 -0.025000531927371818 0.0913492878578714 -0.00011650907690060366 -0.050058253517451794 -0.055002861709875756 0.070675221381721637 -0.087925510013257546 0.052599375522701164 0.071738100762327534 -0.048651699170743995 0.050014059585629433 0.050520432093260237 0.017870773241867893 -0.050129353937931109 0.053103975248429629 0.044351004718676666 0.0167683472839655
leaf_weight=1.110500326312829 61.46003449219279 0.27880279975761402 2.0397907015121741 10.607849258378335 23.059298975280399 165.69961873648026 73.2388228303098 38.870335856445308 0.64306506549473852 0.15327751636505027 8.9885002787777903 27.055032737040165 1.5856779935638767 22.152656925880368 1.6114727474450763 459.51440859691502 0.36687007320870069 2.1160350856962404 0.67432130477391161 0.35207986057503138 0.33532358572847432 0.69237880280707065 0.27081405785429513 0.083014421401458094 0.17028853065312433 0.11976595440319204 0.057654862270282936 1.7093961000373381 0.49364598505781032 0.21417715388452041
leaf_count=5970 2622 45 5803 57388 4936 13755 20923 39707 37 1 2746 4625 241 6059 304 5056 2106 4629 6 4 984 18 83 869 508 153 104 945 503 193
internal_value=7.1584e-05 0.0218971 -0.00012873 -0.000240084 -0.00315004 -0.00164814 -0.00992252 0.0022469 -0.0420449 0.00132092 0.0139175 0.0103486 0.0878888 0.00044724 -0.0171107 0.00124814 0.0448294 0.000425814 -0.0129039 0.0266656 -0.0375749 0.0650154 0.0400436 -0.0616071 -0.0103661 -0.0510992 0.0559298 0.0497357 0.0595492 0.042429
internal_weight=905.725 8.2371 897.488 895.007 312.486 300.868 96.2981 204.57 11.6178 582.521 37.7825 36.0435 1.73896 544.739 23.7641 520.974 1.00994 5.49886 4.17419 1.60306 2.57112 2.73823 2.48089 0.435094 0.441103 2.2358 2.45943 1.76705 1.16797 1.32468
internal_count=181323 14423 166900 160506 138852 79321 25859 53462 59531 21654 7613 7371 242 14041 6363 7678 2143 13311 7148 1382 5766 1112 6394 873 591 4782 1067 1049 509 6163
is_linear=0
shrinkage=0.05


Tree=214
num_leaves=31
num_cat=0
split_feature=14 24 8 2 0 0 0 23 7 0 7 8 1 0 8 7 24 6 2 0 2 9 7 23 26 1 23 15 0 2
split_gain=1.52607 3.61696 4.47376 4.52026 4.43378 2.48142 6.22833 2.42452 2.35499 4.30667 2.32913 1.60941 2.6998 1.53542 11.6308 8.8859 9.28802 7.86096 15.0402 12.554 7.59928 10.5004 5.86206 4.75518 4.49868 4.92037 4.1142 3.09178 1.09095 1.31599
threshold=1.0000000180025095e-35 3.5000000000000004 0.75000000000000011 0.63068181276321422 0.87939393520355236 0.71547618508338939 0.64365079998970043 0.39897958934307104 0.72046512365341198 0.57735043764114391 0.87138131260871898 0.29166667163372045 0.84715291857719432 0.66369047760963451 0.75000000000000011 0.87939393520355236 4.5000000000000009 1.0000000180025095e-35 0.63068181276321422 0.73727351427078258 0.63068181276321422 1.0000000180025095e-35 0.68819445371627819 0.29372550547122961 1.0000000180025095e-35 0.72990828752517711 0.57207792997360241 0.84699881076812755 0.16823899745941165 0.31666667759418493
decision_type=2 2 2 2 2 2 2 2 2 2 2 2 2 2 2 2 2 2 2 2 2 2 2 2 2 2 2 2 2 2
left_child=1 5 7 4 -4 6 8 10 -1 -10 -3 12 28 14 24 16 23 19 -19 -17 21 -16 -18 -15 26 -26 -13 -22 -2 -30
right_child=11 2 3 -5 -6 -7 -8 -9 9 -11 -12 13 -14 15 20 17 22 18 -20 -21 27 -23 -24 -25 25 -27 -28 -29 29 -31
leaf_value=0.05040537542942139 0.045156370991658971 -0.10275432985178086 -0.006365574578177856 0.053290441025520198 -0.23338819790418547 0.042824512738026753 -0.12430850109132729 -0.19358850436853975 0.044650034250146353 -0.16543612980186484 0.050583790581496674 -0.0085790507151099361 0.063982076123515808 0.027209400277329512 0.0094123707827966797 0.026550769617951653 -0.2262899734582966 0.02796515969658166 -0.0022260183936792474 -0.032911389489377524 0.054557892799025648 -0.059937117760353202 -0.019160269691527652 0.0053700485852797289 -0.006073056070754106 -0.063598339802027143 -0.080789086393926596 -0.015567404114050318 -0.032936600698672679 0.025620692803784414
leaf_weight=1.9065533525026683 1.1372765120258908 1.2861473162338373 0.58462317126031882 1.364919356870814 0.34023028513183817 2.6245218005788047 1.0491204000281866 0.56748222396709014 0.57573967781354429 0.42329154476465192 0.30670226110669307 108.7787184615554 2.6441553213608131 64.546067006269368 71.13242275041739 11.360194784156191 0.35020380304558685 45.389205146117092 452.44341104435989 40.599956399943039 11.50835342016944 5.9119618756176342 13.887916470263006 40.603716634386728 6.5105805656476141 8.6639462035782326 2.00898895550199 1.8204442935893883 2.4791342198786879 1.5652363482295184
leaf_count=276 6678 94 127 78 8 237 27 9 219 17 52 45494 1107 6437 22852 2241 36 10413 35136 7501 3352 3185 1038 13439 10603 2116 786 1182 5194 1389
internal_value=6.74901e-05 -0.0184175 -0.0532327 -0.00453759 -0.0898815 0.00513114 -0.0198839 -0.104846 0.0178207 -0.0443639 -0.0732292 0.000295708 0.0228708 9.61996e-05 -0.00356559 0.00128 0.0136443 -0.00140491 0.000526621 -0.019911 0.0101215 0.00409087 -0.0242549 0.0187761 -0.0133856 -0.0389173 -0.00988848 0.0449802 0.00189196 -0.010274
internal_weight=904.371 11.0293 4.4501 2.28977 0.924853 6.57923 3.9547 2.16033 2.90558 0.999031 1.59285 893.342 7.8258 885.516 216.335 669.181 119.388 549.793 497.833 51.9602 90.3732 77.0444 14.2381 105.15 125.962 15.1745 110.788 13.3288 5.18165 4.04437
internal_count=181323 1144 368 213 135 776 539 155 512 236 146 180179 14368 165811 89570 76241 20950 55291 45549 9742 30571 26037 1074 19876 58999 12719 46280 4534 13261 6583
is_linear=0
shrinkage=0.05


Tree=215
num_leaves=31
num_cat=0
split_feature=15 21 12 23 17 11 15 15 2 23 17 7 7 12 1 0 23 0 17 7 0 0 1 13 11 2 15 17 17 24
split_gain=1.47375 1.54007 3.01283 4.83645 1.76394 3.2859 3.13772 3.07103 2.67107 5.51637 3.4879 1.74875 3.82817 10.0188 4.22369 2.38816 1.78288 1.70501 4.3014 2.50746 1.66524 3.03729 2.23164 1.63665 3.77146 0.866914 0.642962 1.78365 0.570394 0.434949
threshold=0.97067421674728405 1.0000000180025095e-35 0.41428571939468389 0.12552521377801898 0.85762548446655285 0.21240601688623431 0.81275406479835521 0.55942294001579296 0.63068181276321422 0.31277173757553106 0.86501669883728038 0.54316771030426036 0.76986128091812145 0.15476191043853763 0.91842263936996471 0.40682870149612432 0.041812356561422355 0.93142634630203258 0.60078126192092907 0.99193549156188976 0.26598639786243444 0.26975052058696752 0.84508654475212108 0.75000000000000011 0.7379862666130067 0.2264957278966904 0.32056175172328955 0.91639786958694469 0.85379555821418773 4.5000000000000009
decision_type=2 2 2 2 2 2 2 2 2 2 2 2 2 2 2 2 2 2 2 2 2 2 2 2 2 2 2 2 2 2
left_child=1 2 11 17 6 7 20 -6 9 -7 -10 15 13 -13 -14 16 -1 18 -4 -19 22 -22 -3 28 -25 -17 27 -5 -8 -2
right_child=29 4 3 26 5 8 23 -9 10 -11 -12 12 14 -15 -16 25 -18 19 -20 -21 21 -23 -24 24 -26 -27 -28 -29 -30 -31
leaf_value=-0.028814452461726026 0.046277439219122092 -0.021297475917590111 0.053630680327094241 0.042511852718050309 -0.053973855935253182 5.8814769933735111e-05 0.053207931519743602 0.059218625921002556 -0.052802280261845351 -0.028412513501951599 0.0061381597647452296 -0.0024051405854567361 0.022114360579903944 -0.077325906187186877 0.00034230801271024208 0.097508206262809177 0.051650702496082106 -0.037268829115473114 -0.029407314828551731 0.0092603978352730904 0.10927068795289263 -0.00034172368261738134 -0.17456815256162481 -0.23793215418681421 0.051066465720325416 0.040097597391570552 0.050187065720635908 -0.031094186899673817 0.0015084261652614536 -0.0080051366691819385
leaf_weight=2.3367924483100064 2.2162277464813083 4.9464978720952777 4.0460869624421383 3.9568399954441684 5.613891216897172 42.712670540309773 4.2670709668927875 0.67082778672556731 2.6347293871804132 28.275201023654517 53.028134594329458 23.485783568772607 24.843958622073842 5.5088667542440808 215.49406446159264 0.85294619272463057 0.97590719745494414 4.954636145859693 2.5376633802789001 6.9669951385003515 0.63287664681683864 448.58342461219945 0.24946773093324726 0.17194084988295788 0.32871131584033719 2.8704370998893864 7.7800142177475209 1.0392066363965566 0.60974611797428213 0.44274958660389518
leaf_count=626 7586 11205 1213 2962 31284 5673 609 17 415 5072 11041 1626 2429 285 10772 60 68 80 4220 165 435 55403 26 168 1008 248 24539 1300 98 690
internal_value=6.94297e-05 -4.03384e-05 0.00282996 0.0175372 -0.00153015 -0.0066029 -6.34988e-05 -0.0418917 -0.00485178 -0.0112816 0.00334829 0.00116529 0.000522435 -0.0166398 0.0025929 0.0257728 -0.00510976 0.00120139 0.0216242 -0.0100772 -0.000512825 -0.000187297 -0.0286563 0.0379059 -0.0481854 0.0532491 0.0411986 0.0272014 0.046744 0.0372388
internal_weight=903.034 900.375 307.65 31.2814 592.725 132.935 459.79 6.28472 126.651 70.9879 55.6629 276.369 269.333 28.9947 240.338 7.03608 3.3127 18.5054 6.58375 11.9216 454.412 449.216 5.19597 5.37747 0.500652 3.72338 12.7761 4.99605 4.87682 2.65898
internal_count=181323 173047 50593 34479 122454 53502 68952 31301 22201 10745 11456 16114 15112 1911 13201 1002 694 5678 5433 245 67069 55838 11231 1883 1176 308 28801 4262 707 8276
is_linear=0
shrinkage=0.05


Tree=216
num_leaves=31
num_cat=0
split_feature=12 0 0 7 23 23 15 2 17 15 15 1 1 2 15 7 15 3 1 25 7 0 27 23 7 8 17 15 1 8
split_gain=1.45872 4.32168 5.74578 8.18854 4.08395 14.4733 4.93412 3.37375 6.68875 16.1058 9.46547 3.24068 5.22242 8.55039 4.10394 3.14669 2.90034 2.76542 9.23489 8.19232 4.06673 2.95669 2.44461 8.25331 2.61065 6.64003 4.27337 4.933 4.18116 3.14109
threshold=0.21111111342906955 0.68469786643981945 0.57259953022003185 0.88516482710838329 0.12552521377801898 0.13363095372915271 1.0000000180025095e-35 0.76388889551162731 0.99707603454589855 0.77435165643692028 0.92508503794670116 0.94667077064514171 0.9407491683959962 0.82575756311416637 0.45852446556091314 0.76764950156211864 0.44130896031856542 0.81666666269302379 0.91538879275321972 1.0000000180025095e-35 0.7731560766696931 0.16172623634338382 0.60000000149011623 0.022018424235284332 0.71902412176132213 0.75000000000000011 0.97379860281944286 0.25649461150169378 0.90851208567619335 0.41666667163372045
decision_type=2 2 2 2 2 2 2 2 2 2 2 2 2 2 2 2 2 2 2 2 2 2 2 2 2 2 2 2 2 2
left_child=22 2 17 4 6 -6 -4 8 -3 -10 -11 12 15 -14 16 -9 -13 18 20 -20 -2 -19 24 -24 25 26 28 -28 -1 -26
right_child=1 7 3 -5 5 -7 -8 11 9 10 -12 14 13 -15 -16 -17 -18 21 19 -21 -22 -23 23 -25 29 -27 27 -29 -30 -31
leaf_value=-0.00045383108782835768 -0.026511947259064986 0.033654739219872963 -0.062192501797131164 0.039003689758764282 -0.50291724820207295 -0.050049884693067703 0.055929132254849315 -0.077509277089062578 0.062780785932846042 -0.35727571151126758 -0.067514122528610915 0.0043393454276342992 -0.64596297366597377 -0.086155141853608452 0.052266540566266909 0.026736854579689669 -0.13485273894792027 -0.13578211148252631 -0.92026045817734559 0.050089315041198929 0.020783840786347974 0.040042893456273487 -0.045708322506499137 -0.0028081676283806165 0.029027728197182245 0.051046086975531507 -0.39232034457732057 -0.052864256316642856 0.049376226091691872 -0.00043596132516792629
leaf_weight=29.273902154021926 7.8814239956736953 26.346193914874679 1.5780490407487406 3.7764386133749204 0.17904333541809947 12.075019684707511 2.0103437224061054 0.99459575179207549 1.405481096262519 0.48557818710833067 0.67171372235497984 31.935512779618875 0.071789444202294939 1.3680156949667435 4.7976183026876233 2.659659577482671 0.37868599539069592 0.24724436623546253 0.051382300942349413 0.037719126488809707 10.736728760386539 7.2613554679446679 11.793312828671331 227.11357512288123 9.2150843162507936 9.0184415862277074 0.1156718974634704 1.4316327433043623 4.9167809381760881 492.39972933407444
leaf_count=5821 9542 22445 30 2706 18 4778 893 200 1043 301 2206 3418 84 349 13454 1821 151 163 3 72 5249 6323 65015 14181 861 749 181 119 642 18505
internal_value=6.88276e-05 0.00527849 -0.00669386 -0.0271579 -0.0429292 -0.0566667 0.00398339 0.0129949 0.0261537 -0.0509597 -0.189093 0.00398174 -0.0334143 -0.114067 0.00911481 -0.0016363 0.00270817 0.00862063 -0.00166765 -0.509484 0.000762619 0.0342533 -0.000707036 -0.00492588 0.0011377 0.0127083 0.00303386 -0.078241 0.00671197 0.000105311
internal_weight=902.228 116.95 45.8347 19.6189 15.8425 12.2541 3.58839 71.1148 28.909 2.56277 1.15729 42.2059 5.09406 1.43981 37.1118 3.65426 32.3142 26.2159 18.7073 0.0891014 18.6182 7.5086 785.278 238.907 546.371 44.7564 35.738 1.5473 34.1907 501.615
internal_count=181323 75249 29777 8425 5719 4796 923 45472 25995 3550 2507 19477 2454 433 17023 2021 3569 21352 14866 75 14791 6486 106074 79196 26878 7512 6763 300 6463 19366
is_linear=0
shrinkage=0.05


Tree=217
num_leaves=31
num_cat=0
split_feature=3 3 23 21 23 23 17 11 11 7 23 1 1 9 24 11 1 13 6 1 11 7 17 11 24 7 17 1 21 12
split_gain=1.49272 1.67554 1.39557 1.43773 2.5669 4.00399 1.56461 4.73108 4.6122 1.24992 1.16482 0.820251 0.814173 0.798063 0.511178 0.267032 0.254215 0.155845 0.0540128 0.0986924 0.0339013 0.000274708 0.000101676 4.26989e-05 2.39476e-05 3.25219e-05 8.1212e-06 6.0076e-06 3.83835e-06 2.76791e-06
threshold=1.0000000180025095e-35 0.30952382087707525 0.68301436305046093 1.0000000180025095e-35 0.49106858670711523 0.48819445073604589 0.7949768900871278 0.57518798112869274 0.17752101272344592 0.81016731262207042 0.077171217650175108 0.96536955237388622 0.93847250938415538 1.0000000180025095e-35 4.5000000000000009 0.1695402339100838 0.93348884582519542 0.75000000000000011 1.0000000180025095e-35 0.94616025686264049 0.19292803853750232 0.80178570747375499 0.30805176496505743 0.11651583760976793 5.5000000000000009 0.8532998561859132 0.66563147306442272 0.83228069543838512 1.0000000180025095e-35 0.46428571641445165
decision_type=2 2 2 2 2 2 2 2 2 2 2 2 2 2 2 2 2 2 2 2 2 2 2 2 2 2 2 2 2 2
left_child=11 10 3 4 5 -3 7 -5 -8 12 16 18 21 -14 -6 22 17 20 23 -20 -2 -4 -13 26 29 -26 27 -1 -24 -11
right_child=1 2 9 6 14 -7 8 -9 -10 24 -12 15 13 -15 -16 -17 -18 -19 19 -21 -22 -23 28 -25 25 -27 -28 -29 -30 -31
leaf_value=0.050198918982339039 -0.050103184264838341 0.0024208867509036506 0.050338752818453195 -0.00064250801874125938 0.050722609652517098 -0.1485379189091886 -0.050191640740197732 0.037574051643171055 -0.0040784671770022728 0.050124667598152164 0.058341013127152078 -0.052410836388239027 0.051363583801280047 -0.078082600100553179 0.010134825539024563 0.05032399808760521 0.051415601941154854 -0.011771585412883721 0.051283565241618069 -0.047665690110598867 -0.062779854650450148 0.053725411449174858 -0.050565260866461487 0.0500551835337536 0.051865810705599959 0.050261221687170336 0.051232753675917897 0.051053129081888721 -0.05014292369731016 0.050016523349864922
leaf_weight=0.051545178212109355 0.94122262525706979 299.0353660346791 0.2199530255657004 419.38230641798145 3.2801759168614799 0.43990025720267922 5.6186976494273031 8.2578217024347378 155.27891332388754 1.1432783811760607 0.27313969993701892 0.086829569190740474 0.15551659154516528 0.50805122379097156 1.0160391547979086 0.082352041355989059 0.059541141614317783 0.20698421266206413 0.066434833965104079 0.040600297837954713 1.1995879259338833 0.082276403891228256 0.13313601131085306 2.0418822198571434 0.043636172860715194 0.11427761587037821 0.083457099739462137 0.034266513350303285 0.090277433017035946 1.2263478681343256
leaf_count=48 15520 33119 515 37453 8811 77 35395 3309 20537 843 10 2 486 30 1402 83 2 30 55 11 186 15 26 12903 13 319 4 4 61 10054
internal_value=7.31877e-05 -3.85868e-05 7.95248e-05 -4.39567e-05 0.00274965 0.00219914 -0.00148587 9.54619e-05 -0.00568878 0.0316206 -0.039511 0.0371206 -0.0167629 -0.047745 0.0411237 -0.0297135 -0.0506134 -0.0532009 0.0484393 0.0137504 -0.0572065 0.0512607 -0.0509589 0.0501184 0.0501084 0.0507046 0.0508816 0.05054 -0.0503946 0.0500687
internal_weight=901.194 898.483 895.803 892.309 303.771 299.475 588.538 427.64 160.898 3.49334 2.68048 2.71078 0.965797 0.663568 4.29622 0.392595 2.40734 2.34779 2.31819 0.107035 2.14081 0.302229 0.310243 2.21115 2.52754 0.157914 0.169269 0.0858117 0.223413 2.36963
internal_count=181323 168126 152378 140103 43409 33196 96694 40762 55932 12275 15748 13197 1046 516 10213 172 15738 15736 13025 66 15706 530 89 12959 11229 332 56 52 87 10897
is_linear=0
shrinkage=0.05


Tree=218
num_leaves=31
num_cat=0
split_feature=11 11 1 11 17 23 23 17 17 11 15 11 15 15 23 15 1 0 2 15 21 1 8 24 12 15 12 1 12 12
split_gain=1.44365 1.54413 1.95844 1.54286 1.54208 1.50276 1.98793 1.81587 1.43772 6.81769 3.19543 2.28454 2.30583 2.08853 2.00201 1.37806 1.34896 1.26874 1.056 0.802781 0.807731 0.617433 0.323767 0.00683412 0.00338416 0.000921637 0.00066217 0.000456762 0.0003686 0.000291853
threshold=0.82085561752319347 0.81365740299224865 0.89569163322448742 0.80384615063667308 0.88929739594459545 0.33503402769565588 0.37089948356151586 0.89668855071067821 0.59110671281814586 0.075498577207326903 0.32566948235034948 0.21583850681781772 0.32566948235034948 0.26645022630691534 0.21052632480859759 0.87891006469726574 0.91688472032547008 0.46470099687576299 0.5634920895099641 0.80062112212181102 1.0000000180025095e-35 0.92000496387481701 0.75000000000000011 3.5000000000000004 0.30952382087707525 0.92508503794670116 0.46428571641445165 0.87307858467102062 0.30952382087707525 0.46428571641445165
decision_type=2 2 2 2 2 2 2 2 2 2 2 2 2 2 2 2 2 2 2 2 2 2 2 2 2 2 2 2 2 2
left_child=1 3 17 8 29 23 16 15 11 10 -10 14 -13 -11 -1 -8 -7 27 -9 22 -21 -18 -19 28 -25 -5 -26 -3 -6 -2
right_child=4 2 -4 25 5 6 7 18 9 13 -12 12 -14 -15 -16 -17 21 19 -20 20 -22 -23 -24 24 26 -27 -28 -29 -30 -31
leaf_value=0.00085379454132359994 0.051188370050121536 0.050282514029578208 0.051010122499017554 0.051560605711552868 0.052630437603859971 0.051738776478149645 -0.081575267623078346 0.046401872672127191 -0.050310724368013073 0.0087696048815165319 0.043896299797869243 0.045987952945499511 0.0066522300329019141 -0.0032675988245287942 -0.079732980173273876 0.051508033254391954 -0.16451711616826639 -0.081665338685768585 0.0047749990544927136 -0.083791171452965996 0.051031641094266125 -0.066603520364919899 -0.13847231423536852 0.062399267651327056 0.055652075699754569 0.054932679132066668 0.050100037028904677 0.055220481193276875 0.050370430314793296 0.050117827972098086
leaf_weight=565.99848106723221 1.0657485232513855 0.081511441894689951 0.43781288666832541 1.1669698639889237 0.23047001489248831 0.20701196677691658 0.8463352568942335 2.2454120569273073 9.923927351190283 42.208158015033405 0.98991104076049019 5.4927759801794336 11.579721581834745 246.40306309182233 0.77173811118700442 0.25256818936031777 0.21172399588976987 0.5262303190611417 4.7391164851524081 0.27353110536569136 0.18706588950590231 0.67213724725297652 0.47925932215002831 0.22999741602689017 0.20617762207984924 0.24520872383436643 0.072619042923179222 0.1100697813599254 0.83071738339276635 1.5812115411936247
leaf_count=18564 274 194 472 396 66 60 289 3561 60861 10154 2270 2207 3199 55456 26 373 3 41 11371 42 30 85 28 5 2 17 151 7 4886 6233
internal_value=7.00889e-05 -0.000175945 -0.0430462 -7.44122e-05 0.0163644 0.00794272 0.000207262 0.0087574 -0.000157894 -0.00297412 -0.0417659 0.0012869 0.0193078 -0.00150721 0.000744064 -0.0509879 -0.0631498 -0.0678878 0.0181574 -0.0837005 -0.0290345 -0.0900582 -0.108742 0.0531455 0.0579097 0.0521461 0.0542059 0.0531195 0.0508613 0.0505489
internal_weight=900.267 886.875 2.09548 884.78 13.3912 10.7443 9.17431 8.08343 883.368 299.525 10.9138 583.843 17.0725 288.611 566.77 1.0989 1.09087 1.65767 6.98453 1.46609 0.460597 0.883861 1.00549 1.56998 0.508794 1.41218 0.278797 0.191581 1.06119 2.64696
internal_count=181323 153964 814 153150 27359 20852 15742 15594 152737 128741 63131 23996 5406 65610 18590 662 148 342 14932 141 72 88 69 5110 158 413 153 201 4952 6507
is_linear=0
shrinkage=0.05


Tree=219
num_leaves=31
num_cat=0
split_feature=2 3 5 1 23 8 25 24 18 1 1 18 1 15 1 25 0 1 0 13 15 6 1 15 23 17 13 17 1 0
split_gain=1.40702 1.56178 1.33877 4.02726 4.45671 7.24898 4.29115 2.99216 2.46686 2.42253 7.49594 6.97228 8.05632 5.49807 5.06319 3.94061 1.28163 0.770146 0.175965 0.157361 0.157274 0.0514721 0.0934147 0.0261673 0.0283584 0.0171636 0.000899902 5.83412e-05 7.00329e-06 1.18491e-05
threshold=1.0000000180025095e-35 0.30952382087707525 1.0000000180025095e-35 0.78909084200859081 0.035504203289747245 0.75000000000000011 1.0000000180025095e-35 1.5000000000000002 1.0000000180025095e-35 0.94851896166801464 0.97503110766410839 1.0000000180025095e-35 0.77524530887603771 0.7009827494621278 0.9778001904487611 1.0000000180025095e-35 0.66927084326744091 0.96536955237388622 0.36285266280174261 0.75000000000000011 0.49374902248382574 1.0000000180025095e-35 0.94616025686264049 0.91827458143234264 0.023904763162136081 0.85201290249824535 1.0000000180025095e-35 0.32972878217697149 0.94667077064514171 0.74239632487297069
decision_type=2 2 2 2 2 2 2 2 2 2 2 2 2 2 2 2 2 2 2 2 2 2 2 2 2 2 2 2 2 2
left_child=17 16 3 6 5 -5 8 -6 -3 11 13 12 -4 -11 -12 -13 19 21 -8 23 25 28 -23 24 -2 26 27 -19 -1 -30
right_child=1 2 9 4 7 -7 18 -9 -10 10 14 15 -14 -15 -16 -17 -18 20 -20 -21 -22 22 -24 -25 -26 -27 -28 -29 29 -31
leaf_value=0.050094319934985379 -0.050100644672043837 0.0031323789085143453 0.14400213818682059 0.029045651026739169 -0.13210384653528112 -0.03958374541627907 0.057528734984210156 0.039521869177030988 -0.016496677961721575 0.02151702750775851 -0.041255923095317615 0.082312395292990559 -0.014586477240631737 -0.0069871753761518206 -0.00066058968380755491 0.0016600153203443564 0.055075481812724439 -0.052289805173075458 0.087434419816957487 -0.010911257813217601 0.050381036901327447 0.051219480669476916 -0.047334705741479202 0.050240448284953845 -0.062040732225562549 -0.021986033827297986 -0.044578605232220805 -0.050452379031075835 0.051314743598413808 0.050023426392354832
leaf_weight=2.0108836429089938 0.87402549566013554 49.568137926582494 0.80625200547728937 9.2365658688104286 0.25772772389609855 6.5948718348881803 1.4671891497164318 17.359424852929806 23.639545121483934 68.17235433294627 7.8287658658737191 1.5290468178754952 118.77043155252795 22.50116193771828 406.67256723118771 159.18426174017077 0.31684824315016147 0.082848720252513774 0.73994771228535672 0.20778110809624184 0.052646192389147473 0.063219997700798447 0.038800573784101289 0.0057155997492371871 1.1536947666209014 0.074663030318333767 0.068991864158306271 0.090274584363214672 0.031929149088682496 0.0400450185079535
leaf_count=12772 15510 23463 280 415 104 618 145 5069 28623 9533 1691 154 14385 9067 32921 25857 22 2 53 30 64 55 11 1 185 39 24 43 12 175
internal_value=6.71258e-05 -3.84105e-05 7.31777e-05 0.00526951 0.0197097 0.000456834 -0.00113513 0.0370111 -0.00320605 -0.000647021 0.00142133 -0.00437487 -0.0135172 0.0144435 -0.00142732 0.00242735 -0.0390509 0.0371238 0.0675547 -0.0523579 -0.0296446 0.0484132 0.0137372 -0.056593 -0.0568941 -0.0429443 -0.0494074 -0.0513317 0.0501117 0.0505963
internal_weight=899.441 896.886 894.328 108.863 33.4486 15.8314 75.4148 17.6172 73.2077 785.465 505.175 280.29 119.577 90.6735 414.501 160.713 2.55807 2.5543 2.20714 2.24122 0.369424 2.18488 0.102021 2.03344 2.02772 0.316778 0.242115 0.173123 2.08286 0.0719742
internal_count=181323 168126 152378 58490 6206 1033 52284 5173 52086 93888 53212 40676 14665 18600 34612 26011 15748 13197 198 15726 172 13025 66 15696 15695 108 69 45 12959 187
is_linear=0
shrinkage=0.05


Tree=220
num_leaves=31
num_cat=0
split_feature=11 17 15 17 11 15 15 7 1 11 7 8 1 15 7 1 12 15 15 24 1 0 11 24 12 13 12 8 0 0
split_gain=1.37086 1.48048 1.35691 1.53954 5.23237 5.1748 6.93873 19.3464 4.08218 5.18186 3.49468 5.74467 3.84804 3.1927 1.28752 2.01592 2.11088 2.94541 1.78645 1.00052 0.00501088 0.00117997 0.000366997 0.000387781 0.000252578 0.000201449 8.46329e-05 7.9759e-05 5.87275e-05 3.98019e-05
threshold=0.82085561752319347 0.88929739594459545 0.97067421674728405 0.97379860281944286 0.7379862666130067 0.94146201014518749 0.92113238573074352 0.99193549156188976 0.94181358814239513 0.75499999523162853 0.63373982906341564 0.41666667163372045 0.90296462178230297 0.86696165800094616 0.94804319739341747 0.98896396160125744 0.81666666269302379 0.47699365019798284 0.78601953387260448 6.5000000000000009 0.72090429067611705 0.80810147523880016 0.79057019948959362 3.5000000000000004 0.46428571641445165 1.0000000180025095e-35 0.23611111193895343 0.75000000000000011 0.30839161574840551 0.97467949986457836
decision_type=2 2 2 2 2 2 2 2 2 2 2 2 2 2 2 2 2 2 2 2 2 2 2 2 2 2 2 2 2 2
left_child=2 24 3 5 10 6 13 -8 9 -6 11 -5 -12 -1 15 16 17 -3 -17 -10 -7 -22 28 -24 25 -2 27 -16 -4 -27
right_child=1 14 22 4 8 20 7 -9 19 -11 12 -13 -14 -15 26 18 -18 -19 -20 -21 21 -23 23 -25 -26 29 -28 -29 -30 -31
leaf_value=-0.00029790462396205324 0.051963355396133726 -0.12246746696204701 0.051725421798357679 0.017033533098589834 -0.16329434671200571 0.059523365162597319 -0.034322450912232037 -0.46226172076685296 0.051311563890356938 -0.039287783986006353 0.02965192957532773 -0.091679140775972681 -0.0095267088907439925 0.020391883765745494 0.052432787075218201 0.051086585984491562 0.050065012062787163 0.0010134827458556552 -0.23051774733017716 -0.061051113259969952 0.052556264366559906 0.050816194267537862 0.050583568303029652 0.053938594863268102 0.050114190152714039 0.050395497157779516 0.050139302424964761 0.050617541943961925 0.050505020546139402 0.051736594719291262
leaf_weight=819.67555921501389 0.42556781784878606 0.5230208188768265 0.11207919305161229 2.2361999276799898 1.3347876106017786 0.23297895705763849 2.729716520523652 0.29239370029245026 0.84270893996654173 2.2838690941571258 9.4759318192482187 2.661500759179944 18.508983130206616 19.080033095011458 0.078243710129753619 0.083952431072248923 1.990824448475905 6.3006065014178603 0.17109700691071339 0.25901007888023742 3.0631861240435683 1.4286630991591662 0.14749608958300087 0.20699495747794572 1.5083285308428458 0.52800694134566584 1.184758570307167 0.26703878039552364 0.81827992833132157 0.061800732713891193
leaf_count=139423 29 68 35 920 126 50 425 193 358 324 3572 612 3221 3531 10 19 13099 737 44 3 327 387 61 35 6233 206 6777 98 361 39
internal_value=6.57775e-05 0.0161075 -0.000171993 -0.000246612 -0.0101462 0.000193143 -9.97417e-05 -0.0757262 -0.0593731 -0.0850292 -0.00307955 -0.0420429 0.00373951 0.000172747 0.00791293 0.000755402 0.00476526 -0.00845115 -0.137824 0.0248955 0.0523737 0.0520028 0.0511737 0.0525426 0.0505246 0.0511342 0.0503401 0.0510289 0.050652 0.050536
internal_weight=898.514 13.1232 885.39 884.106 37.603 846.503 841.778 3.02211 4.72038 3.61866 32.8826 4.8977 27.9849 838.756 10.5995 9.0695 8.81445 6.82363 0.255049 1.10172 4.72483 4.49185 1.28485 0.354491 2.5237 1.01538 1.53004 0.345282 0.930359 0.589808
internal_count=181323 27359 153964 153472 9136 144336 143572 618 811 450 8325 1532 6793 142954 20852 13967 13904 805 63 361 764 714 492 96 6507 274 6885 108 396 245
is_linear=0
shrinkage=0.05


Tree=221
num_leaves=31
num_cat=0
split_feature=8 0 9 7 7 0 0 6 0 3 6 7 24 17 11 15 15 24 17 12 0 24 0 7 26 15 27 24 11 24
split_gain=1.35263 2.12705 2.17911 1.4585 1.3741 7.14234 6.37884 5.87136 5.10917 6.50714 6.02677 3.69001 3.50379 5.6276 6.94318 3.24384 6.90735 2.69783 3.10457 2.53607 2.15502 2.00845 2.85565 2.06448 2.34709 1.88372 1.20233 1.1838 0.897496 0.882235
threshold=0.29166667163372045 0.44151847064495092 1.0000000180025095e-35 0.22653958946466449 0.9759001135826112 0.97646731138229381 0.93142634630203258 1.0000000180025095e-35 0.73727351427078258 0.6904762089252473 1.0000000180025095e-35 0.97100839018821727 4.5000000000000009 0.85019686818122875 0.57518798112869274 0.24789856374263766 0.25082781910896307 5.5000000000000009 0.25087413191795355 0.88194444775581371 0.97182539105415355 5.5000000000000009 0.91366460919380199 0.97014260292053234 1.0000000180025095e-35 0.20993826538324359 0.60000000149011623 6.5000000000000009 0.37797619402408605 6.5000000000000009
decision_type=2 2 2 2 2 2 2 2 2 2 2 2 2 2 2 2 2 2 2 2 2 2 2 2 2 2 2 2 2 2
left_child=1 3 -3 -1 11 6 8 -7 9 -6 -10 21 15 19 -15 20 -17 18 -9 -14 -13 23 25 24 -2 -23 -25 -19 -5 -24
right_child=4 2 -4 28 5 7 -8 17 10 -11 -12 12 13 14 -16 16 -18 27 -20 -21 -22 22 29 26 -26 -27 -28 -29 -30 -31
leaf_value=0.041886609151529849 0.002203945330440671 0.062982388236485984 -0.054541396036603546 -0.035444260409516155 -0.0023851218731937357 -0.20388213259239293 0.049631017923644383 0.0018216134180116432 -0.054526681398934268 0.056375661788263601 0.012489885964734014 -0.091979207986058117 0.047330735442449007 -0.11902239747904858 0.052587647152978347 0.35329626657742264 -0.0094608772723117161 0.059386767077571234 -0.011293363149177976 -0.086682260949918405 -0.038087395089840145 0.031919376963689704 0.058339776757475842 0.045137107591181579 -0.004536529568011447 -0.040964241221397385 -0.00076019112971221516 -0.011510024664326754 0.051055156443290221 -0.009903058821820878
leaf_weight=1.1824066945227962 291.44222559670288 3.2072881804551803 0.44973494193072827 2.3887815634479925 9.8388057318134106 0.35447980195749451 13.463114081976526 225.57326049773837 5.5603388983799933 9.0407460462829459 8.4574062141728064 2.5936375469409558 4.1999180359434822 1.6210201585145116 0.92615346535967535 0.14602738588291586 1.294629573347265 2.6774767534006965 56.407622020044073 0.38542389192298276 6.5137404649940436 0.99132868540527752 1.2464680236807901 3.9018649509143861 231.91958041885391 8.3863814095166145 2.2495120786170446 0.75477825778216345 0.34292925552472286 0.76380880690703623
leaf_count=6163 89239 1702 688 4678 3875 19 4281 1156 1103 4271 2036 212 275 199 373 14 670 297 20016 144 140 197 161 340 36623 812 264 118 1192 65
internal_value=6.71473e-05 0.0211118 0.0485295 -0.00450505 -0.000111735 0.00243511 0.0206393 -0.000518174 0.00877447 0.0257533 -0.0140932 -0.00162607 -0.0241037 0.00296422 -0.0566249 -0.0424069 0.0273088 -0.000265599 -0.000801914 0.0360662 -0.0534349 -0.000891333 -0.0216671 -0.000444519 -0.00078299 -0.0332596 0.0283528 0.043796 -0.0245854 0.0324108
internal_weight=898.281 7.57114 3.65702 3.91412 890.71 332.128 46.3604 285.768 32.8973 18.8796 14.0177 558.582 17.6806 7.13252 2.54717 10.548 1.44066 285.413 281.981 4.58534 9.10738 540.901 11.388 529.513 523.362 9.37771 6.15138 3.43226 2.73171 2.01028
internal_count=181323 14423 2390 12033 166900 37172 15566 21606 11285 8146 3139 129728 2027 991 572 1036 684 21587 21172 419 352 127701 1235 126466 125862 1009 604 415 5870 226
is_linear=0
shrinkage=0.05


Tree=222
num_leaves=31
num_cat=0
split_feature=14 7 7 2 23 24 8 2 23 7 7 25 17 17 15 15 15 24 23 24 7 7 17 15 23 2 0 2 17 0
split_gain=1.31217 3.36195 5.64363 2.86243 2.838 2.49065 2.25086 4.96871 1.559 4.45878 4.15446 6.02857 3.25023 6.67768 3.08795 3.15591 23.5191 2.87634 2.20992 5.91539 11.6136 5.49297 3.99714 3.72584 2.50347 2.04566 11.7516 8.29663 7.00306 5.00325
threshold=1.0000000180025095e-35 0.64051282405853283 0.65261757373809826 0.61250001192092907 0.41785717010498052 4.5000000000000009 0.75000000000000011 0.78888890147209179 0.40089288353919988 0.96190130710601818 0.9569842815399171 1.0000000180025095e-35 0.78389188647270214 0.78598690032958995 0.32366947829723364 0.29003816843032842 0.2927700281143189 6.5000000000000009 0.33333335816860205 2.5000000000000004 0.85239651799201976 0.7245689630508424 0.99707603454589855 0.46821977198123937 0.36410984396934515 0.86607143282890331 0.79361054301261913 0.58571431040763866 0.96309915184974682 0.93683511018753063
decision_type=2 2 2 2 2 2 2 2 2 2 2 2 2 2 2 2 2 2 2 2 2 2 2 2 2 2 2 2 2 2
left_child=1 -1 -3 4 5 -4 7 -5 18 10 12 -12 -10 -14 15 -11 -17 -13 25 22 21 -21 -20 -22 -24 27 -27 29 -28 -2
right_child=8 2 3 6 -6 -7 -8 -9 9 14 11 17 13 -15 -16 16 -18 -19 19 20 23 -23 24 -25 -26 26 28 -29 -30 -31
leaf_value=0.048162612851063727 -0.003086289998714911 -0.22890166259025246 -0.021119149402387669 0.028561847212253084 -0.26220245976331952 -0.11311476715772717 0.04191653528603359 -0.11170508588605631 0.051828569424085084 0.013467736178739262 -0.21141433390493131 0.050334514224575883 -0.3774365856935003 0.0017301997747382594 0.045795397141590838 -1.3888268148460901 -0.03596076751532705 -0.10552855148562582 0.032220653367599987 -0.0090916880158828355 0.051250296728418493 -0.080366933728977505 -0.28185213494500178 -0.0075151388241989532 -0.042755422619898564 0.055718634520511727 -0.0022865168532362839 0.015951822816507366 -0.050859987744601723 0.032887185359745455
leaf_weight=1.6738050359390388 236.37474184887833 0.33952137331289023 2.9982361065685823 1.6124097739229912 0.15437238360755134 0.97497637676406146 2.2168012160764192 1.0376580431620821 3.3372178161080219 1.359150444579426 0.54877591662807268 0.73800934162682097 0.11639693837423593 48.722831368599145 10.251924258211146 0.034744204294838599 0.42623943214130122 0.49422463460359722 8.2858294816542148 3.8838739811326404 3.4844752676362978 8.8917207816702994 0.14757231068506449 11.938589034241884 0.42413584627138334 8.6522034539375436 428.0262706491194 92.413503326653881 7.5513500390625259 10.077663162410316
leaf_count=237 99355 10 559 58 2 44 219 15 2628 1836 117 1075 56 20620 17378 29 230 6 1538 536 1071 1067 13 3781 151 728 14749 9606 1462 2147
internal_value=6.6876e-05 -0.0170898 -0.0287912 -0.0212374 -0.051866 -0.0436937 0.00473864 -0.0263609 0.000279989 0.00767109 0.00152536 -0.0735687 0.00408865 0.000826544 0.0351402 -0.0248756 -0.137926 -0.0121791 -0.00031506 -0.0122464 -0.0234426 -0.0586987 0.0233978 0.00576152 -0.104472 0.000249531 -0.00198245 0.0031755 -0.00312861 -0.0016153
internal_weight=897.189 11.0078 9.33398 8.99445 4.12758 3.97321 4.86687 2.65007 886.181 66.0295 53.9575 1.78101 52.1764 48.8392 12.0721 1.82013 0.460984 1.23223 820.152 37.0562 28.1987 12.7756 8.85754 15.4231 0.571708 783.096 444.23 338.866 435.578 246.452
internal_count=181323 1144 907 897 605 603 292 73 180179 43975 24502 1198 23304 20676 19473 2095 259 1081 136204 8157 6455 1603 1702 4852 164 128047 16939 111108 16211 101502
is_linear=0
shrinkage=0.05


Tree=223
num_leaves=31
num_cat=0
split_feature=2 3 15 22 12 23 9 23 15 0 1 7 24 0 11 1 0 13 6 1 11 11 1 15 11 7 15 15 22 24
split_gain=1.30003 1.47897 1.23309 1.30089 2.62344 4.55672 2.0934 1.43165 1.31873 1.19117 0.737221 0.621561 0.442693 0.379138 0.241834 0.161358 0.246998 0.158242 0.0494583 0.0881533 0.023551 0.0241996 0.000274137 7.32062e-05 3.03349e-05 8.34814e-06 4.47838e-06 4.22744e-06 2.83052e-06 1.78091e-06
threshold=1.0000000180025095e-35 0.30952382087707525 0.97067421674728405 1.0000000180025095e-35 0.41428571939468389 0.12552521377801898 1.0000000180025095e-35 0.68301436305046093 0.92113238573074352 0.66927084326744091 0.96536955237388622 0.73401361703872692 4.5000000000000009 0.63211598992347728 0.1695402339100838 0.71816697716712963 0.62605932354927074 0.75000000000000011 1.0000000180025095e-35 0.94616025686264049 0.93541666865348827 0.19292803853750232 0.89143985509872448 0.13811445236206057 0.11651583760976793 0.83192089200019848 0.33231084048748022 0.29003816843032842 1.0000000180025095e-35 2.5000000000000004
decision_type=2 2 2 2 2 2 2 2 2 2 2 2 2 2 2 2 2 2 2 2 2 2 2 2 2 2 2 2 2 2
left_child=10 9 3 7 6 -6 -5 8 -3 17 18 -9 15 -14 23 16 -4 20 24 -20 21 -2 -17 -12 26 -15 27 -1 -25 -26
right_child=1 2 12 4 5 -7 -8 11 -10 -11 14 -13 13 25 -16 22 -18 -19 19 -21 -22 -23 -24 28 29 -27 -28 -29 -30 -31
leaf_value=0.050191484106810548 -0.050095746898641824 -0.0011573024910835499 0.050410771086099065 0.0050557627833536165 0.0005923992612003559 0.040572438561766302 -0.0037431094553490255 -0.019420805489206768 -0.01607413806321395 0.054346609734273049 -0.052150250196123765 0.050308023366705493 -0.046170483769688304 0.050899376476008576 0.050286796336067523 0.051586964072950464 -0.055197325750331976 -0.010321858011928059 0.051150295027702943 -0.046981460981351197 0.050217691926129883 -0.061382131174847879 0.050330225988646386 -0.050131029447214107 0.050034985537019405 0.050177134347757092 0.051053098472393955 0.050956031946833603 -0.050513317426443008 0.050205907744356237
leaf_weight=0.043411255464888998 0.83128056104669634 568.0708604480069 0.13203652252741394 150.85654600996349 17.590989258478661 11.981123527417365 122.48381217515271 0.38554596282483489 15.213211264304844 0.30111132293677645 0.07965116508421477 1.868313716848206 0.27130840683821578 0.072106711471860763 0.074815973785007372 0.78496072785674165 0.095345515364897437 0.20746801489440247 0.059625377489282871 0.037140894215553999 0.0051793637685478835 1.1079479080181043 0.97033048226694518 0.080982399580534548 1.6281391583743241 0.089882147241951316 0.077447176678106189 0.030985673554823734 0.12041988509008661 0.16813841582188604
leaf_count=45 15509 92040 837 9398 1132 28800 5506 177 1931 22 4 6501 123 142 83 1646 7 30 55 11 1 186 3713 59 12596 425 6 5 26 307
internal_value=7.24336e-05 -2.6315e-05 8.04398e-05 -1.65644e-05 0.0026435 0.0167903 0.00111299 -0.00139268 -0.00154636 -0.0387971 0.0368167 0.0383802 0.0357528 -0.0100306 -0.0296011 0.0457584 0.00612733 -0.0518307 0.0483753 0.0134853 -0.0562597 -0.056544 0.0508922 -0.0508671 0.0501083 0.0504986 0.050787 0.0505099 -0.0503596 0.050051
internal_weight=895.72 893.319 890.866 888.45 302.912 29.5721 273.34 585.538 583.284 2.45299 2.40076 2.25386 2.41597 0.433297 0.355869 1.98267 0.227382 2.15188 2.04489 0.0967663 1.94441 1.93923 1.75529 0.281053 1.94812 0.161989 0.151844 0.0743969 0.201402 1.79628
internal_count=181323 168126 152378 145485 44836 29932 14904 100649 93971 15748 13197 6678 6893 690 172 6203 844 15726 13025 66 15696 15695 5359 89 12959 567 56 50 85 12903
is_linear=0
shrinkage=0.05


Tree=224
num_leaves=31
num_cat=0
split_feature=7 2 0 0 0 7 15 0 8 6 18 7 6 7 3 8 14 2 11 23 23 17 15 0 0 0 15 23 25 15
split_gain=1.24303 1.93532 6.38705 5.44467 6.75801 6.15703 4.71915 4.55526 4.38941 3.79637 3.25845 5.7751 4.19617 3.02353 2.15228 1.85073 1.83993 2.72684 1.80865 3.23259 2.50101 7.86852 5.70604 2.44283 8.83039 2.88119 1.80498 1.64655 1.48819 3.60286
threshold=0.51668518781661998 0.41428571939468389 0.96824595332145702 0.65261757373809826 0.63211598992347728 0.71902412176132213 1.0000000180025095e-35 0.48412297666072851 0.41666667163372045 1.0000000180025095e-35 1.0000000180025095e-35 0.76253134012222301 1.0000000180025095e-35 0.6789083480834962 0.61250001192092907 0.75000000000000011 1.0000000180025095e-35 0.89444443583488475 0.60555556416511547 0.49106858670711523 0.28165064752101904 0.80070921778678905 0.87189742922782909 0.40682870149612432 0.4014925360679627 0.47114317119121557 0.19367341697216037 0.40089288353919988 1.0000000180025095e-35 0.10840187966823579
decision_type=2 2 2 2 2 2 2 2 2 2 2 2 2 2 2 2 2 2 2 2 2 2 2 2 2 2 2 2 2 2
left_child=15 2 3 4 6 -6 -2 10 -5 -10 11 13 -13 -3 26 18 17 -16 20 -20 23 -22 -23 24 -1 -25 -9 -18 29 -12
right_child=1 7 -4 8 5 -7 -8 14 9 -11 28 12 -14 -15 16 -17 27 -19 19 -21 21 22 -24 25 -26 -27 -28 -29 -30 -31
leaf_value=-0.0034684875531692688 0.0031771516749689761 0.02136610354425604 -0.21756525590451897 0.054867681195110908 0.007243650272072466 -0.099351720731646817 -0.020328665265584644 -0.070056744135848739 -0.0051000816577880595 0.025149097845340491 -0.096856838837842615 0.032456179351440718 -0.039384071226953643 -0.088487413172638363 -0.037923208437054573 0.10468533193577652 -0.00030188764533346221 0.035710391094864707 0.053772063162785592 -0.057330263094162885 -0.2990111359108838 0.052014029820561192 -0.28460162822155594 0.053005961483048203 -0.48979321505243922 -0.014535594509346243 0.011961033915307652 0.0083743908668838709 0.049623964736432241 0.032907677901433723
leaf_weight=11.070726301475599 41.709772941911069 0.87865849505579108 0.35402359074214373 4.4583221461161875 2.0420568212848584 4.0244123377251526 43.749784687835927 1.9815470264584285 37.895545201110508 14.281468593841053 0.62680413454654704 10.972849245330506 2.4947543573016437 2.1814192458696198 6.4692796315503056 0.51715078387314761 620.68876300398369 1.5606410493055589 4.1386962451906575 0.777734339928429 0.28114633016229962 0.83164484074950451 0.14835193367616739 4.6447704231122762 0.094133551942832905 2.3921455253857857 1.014110449261352 59.965446794449235 9.1361601010321465 3.6482688454143499
leaf_count=11564 1815 140 3 1387 170 941 62706 73 4794 2970 8 2026 570 173 168 247 39159 203 6774 647 44 119 9 860 81 303 277 40180 1759 1153
internal_value=6.97538e-05 -0.000245433 -0.00544325 -0.0049364 -0.0124762 -0.0634703 -0.00885631 0.000824323 0.00724836 0.00317948 0.0199188 0.00505991 0.0191484 -0.0569445 -2.1684e-06 0.0110855 0.000181783 -0.0236123 0.00910005 0.0361967 0.0022553 -0.065837 0.00105714 0.0069732 -0.00756881 0.0300457 -0.0422915 0.00046249 0.0382305 0.0138818
internal_weight=895.031 870.134 148.515 148.161 91.526 6.06647 85.4596 721.619 56.6353 52.177 29.9389 16.5277 13.4676 3.06008 691.68 24.8965 688.684 8.02992 24.3793 4.91643 19.4629 1.26114 0.979997 18.2018 11.1649 7.03692 2.99566 680.654 13.4112 4.27507
internal_count=181323 160675 74786 74783 65632 1111 64521 85889 9151 7764 5829 2909 2596 313 80060 20648 79710 371 20401 7421 12980 172 128 12808 11645 1163 350 79339 2920 1161
is_linear=0
shrinkage=0.05


Tree=225
num_leaves=31
num_cat=0
split_feature=5 3 25 2 11 2 0 11 0 0 15 0 17 9 23 8 18 17 26 0 8 0 12 25 15 11 0 23 0 8
split_gain=1.26491 3.79524 8.19312 4.15208 3.901 5.15239 6.36074 3.75526 5.36418 4.99921 3.54244 3.37975 3.22393 4.47164 2.84992 2.8238 1.72884 5.13343 7.64233 7.63938 6.66555 5.92873 7.01801 4.43513 4.32853 14.4132 3.95735 3.70085 2.87202 2.67127
threshold=1.0000000180025095e-35 0.83974358439445507 1.0000000180025095e-35 0.20714285969734195 0.36602871119976049 0.63068181276321422 0.73727351427078258 0.32575757801532751 0.72264957427978527 0.71547618508338939 0.1183014363050461 0.91010102629661571 0.62053000926971447 1.0000000180025095e-35 0.13363095372915271 0.75000000000000011 1.0000000180025095e-35 0.56276261806488048 1.0000000180025095e-35 0.74239632487297069 0.41666667163372045 0.58411949872970592 0.18333333730697635 1.0000000180025095e-35 0.44130896031856542 0.17752101272344592 0.56787469983100902 0.44396136701107031 0.26598639786243444 0.41666667163372045
decision_type=2 2 2 2 2 2 2 2 2 2 2 2 2 2 2 2 2 2 2 2 2 2 2 2 2 2 2 2 2 2
left_child=1 2 4 -4 12 10 -7 11 9 15 -6 -3 13 -1 -14 -9 17 24 19 26 -21 27 -23 -18 -2 -26 -19 -20 -25 -30
right_child=16 7 3 -5 5 6 -8 8 -10 -11 -12 -13 14 -15 -16 -17 23 18 21 20 -22 22 -24 28 25 -27 -28 -29 29 -31
leaf_value=0.0060259569649892646 -0.0002299744840521769 0.050318980814957198 0.28889044496371691 0.064715624746108688 -0.095022933439808457 -0.0090959433475962283 -0.20565332939635175 -0.029849616803562486 0.05236298054227137 -0.21568155157871816 0.023652107937049732 -0.010037167030952081 -0.045260172052138961 -0.030072013867310378 0.010234151872389838 0.051289855168220266 0.067332633240708969 0.004087553713766694 -0.24297208546720431 -0.31785848492070734 0.035792921954754246 -0.050252212713394355 0.003034889805369049 -0.095246405422547989 0.7980744377080683 0.050725168778428725 -0.028027399362985969 0.052952927299171504 0.018112943846227678 0.00026104808635631229
leaf_weight=31.577586889343365 239.59832428959817 11.803034961700179 0.22337430154584526 2.742931925045923 0.64708767130651423 1.5471924467783531 0.56077518152233086 5.8890186952503409 3.3461669528369384 0.32456608370193851 22.269513310458933 2.8867028898384879 9.8740401280701899 11.779334927416128 3.0214718108181833 1.3109895677716847 2.5299626230626009 17.258988335286631 0.52711841499695111 0.13474607216266932 11.897406323212634 17.962662541494868 9.4188003294821083 0.77459921011904853 0.070470809936522438 0.7631742583362211 21.59467815174321 0.1321367088930856 22.003871686662023 439.62484841485093
leaf_count=9937 7050 707 5 340 39 253 36 2719 1606 56 12282 80 49645 1265 117 1901 2905 5995 284 65 4408 5038 7350 361 1 420 3813 79 5168 57398
internal_value=6.98646e-05 0.00509604 -2.42884e-05 0.0815969 -0.00300315 0.0134202 -0.0613854 0.0219718 -0.000306523 -0.0237286 0.0203011 0.0384583 -0.0103093 -0.00378124 -0.0322576 -0.0150756 -0.000633818 -0.00346629 -0.0145305 -0.00298085 0.0318324 -0.0354897 -0.0319223 0.00131178 0.00016575 0.113901 -0.0137618 -0.183659 0.000950556 0.00111197
internal_weight=894.096 109.804 84.2433 2.96631 81.277 25.0246 2.10797 25.5605 10.8707 7.52457 22.9166 14.6897 56.2524 43.3569 12.8955 7.20001 784.292 319.359 78.9265 50.8858 12.0322 28.0407 27.3815 464.933 240.432 0.833645 38.8537 0.659255 462.403 461.629
internal_count=181323 80988 73919 345 73574 12610 289 7069 6282 4676 12321 787 60964 11202 49762 4620 100335 34503 27032 14281 4473 12751 12388 65832 7471 421 9808 363 62927 62566
is_linear=0
shrinkage=0.05


Tree=226
num_leaves=31
num_cat=0
split_feature=15 21 11 15 1 15 23 23 11 23 17 7 7 15 15 11 2 23 23 23 23 15 7 7 0 11 11 7 15 9
split_gain=1.19845 1.23391 2.36648 2.63871 4.68503 4.48446 3.52476 2.45313 2.26891 1.33313 1.40866 5.49904 11.0271 3.66518 5.37834 2.82438 1.19334 5.99492 10.069 1.21469 2.97313 0.884104 0.603784 0.574868 0.538133 0.253454 0.659446 0.175472 0.00163323 0.000611933
threshold=0.97067421674728405 1.0000000180025095e-35 0.56696429848670971 0.73183304071426403 0.97241857647895824 0.80565547943115245 0.30769233405590063 0.30079366266727453 0.44722221791744238 0.68301436305046093 0.98312205076217662 0.95875850319862377 0.9569842815399171 0.94146201014518749 0.92113238573074352 0.84807693958282482 0.31666667759418493 0.16666667908430102 0.17349498718976977 0.47673161327838903 0.49106858670711523 0.2927700281143189 0.73401361703872692 0.73123827576637279 0.99107143282890331 0.8441295623779298 0.84807693958282482 0.89323708415031444 0.82936280965805065 1.0000000180025095e-35
decision_type=2 2 2 2 2 2 2 2 2 2 2 2 2 2 2 2 2 2 2 2 2 2 2 2 2 2 2 2 2 2
left_child=1 2 3 6 5 -5 7 -1 -8 10 13 12 -12 14 -3 -15 17 29 -19 21 -21 -18 23 -11 -13 -2 27 -27 -6 -4
right_child=25 9 16 4 28 -7 8 -9 -10 22 11 24 -14 15 -16 -17 19 18 -20 20 -22 -23 -24 -25 -26 26 -28 -29 -30 -31
leaf_value=0.001911525886054307 0.050974297910492072 -0.0010585626648055742 0.050912611935034581 -0.051730343887637392 0.050364707267014912 0.006660181841298924 0.050672075402484057 -0.092883739816706681 0.001751864814383523 0.051263570407797401 -0.023079586375861456 0.054419770609994624 -0.64131362355922339 0.053271957867580072 -0.065416175819779251 -0.047328936407672169 -0.017462275190370209 -0.77245587239675606 -0.07724748272708698 -0.067621398425282794 0.02953211450943672 0.04630437874957239 0.050291169833062692 -0.071535367623992152 0.014111147185316779 0.0041151754961771926 0.050154696665970888 -0.059940471642700194 0.053444620994786876 0.054900782828091826
leaf_weight=263.75184283645103 1.2667518165708309 554.14931607943254 0.7981772307475683 8.3724634581431001 1.5046234122819435 5.414951177477632 6.1701247267192212 0.68424625667830596 3.8485448174760677 0.16763485380579313 17.784593650339055 2.503129720654214 0.072420474632962306 4.8791414522784171 3.2654275585518908 0.81409664129023429 0.59193188793142137 0.060625714577327017 0.36961920545581961 1.0083818900639014 3.5945985672933602 6.6532330885784177 1.7671805885947831 0.22088645710027777 1.237285565799539 0.20077401875096235 0.63769698174382938 0.22869708610960515 0.60291965568103467 0.10936077584483428
leaf_count=18462 544 107531 3492 1324 757 728 2700 137 2893 160 5005 868 28 551 919 496 873 11 282 335 10394 7993 6501 17 378 22 7686 24 199 13
internal_value=6.85756e-05 -2.52177e-05 0.00256289 0.00162206 -0.0181846 -0.0287977 0.00276916 0.00166624 0.03188 -0.00136384 -0.00150853 -0.0140399 -0.0255869 -0.00102791 -0.00143558 0.0388867 0.0232796 -0.0214845 -0.175209 0.028334 0.00824855 0.0410946 0.0378837 -0.0185514 0.0410862 0.035851 0.0178992 -0.029995 0.0512458 0.0513932
internal_weight=892.731 890.397 303.536 290.35 15.895 13.7874 274.455 264.436 10.0187 586.861 584.705 21.5974 17.857 563.108 557.415 5.69324 13.1859 1.33778 0.430245 11.8481 4.60298 7.24516 2.1557 0.388521 3.74042 2.33392 1.06717 0.429471 2.10754 0.907538
internal_count=181323 173047 50593 27200 3008 2052 24192 18599 5593 122454 115776 6279 5033 109497 108450 1047 23393 3798 293 19595 10729 8866 6678 177 1246 8276 7732 46 956 3505
is_linear=0
shrinkage=0.05


Tree=227
num_leaves=31
num_cat=0
split_feature=8 1 15 5 3 25 15 1 1 1 9 8 15 1 25 23 1 3 3 17 3 17 11 24 1 17 17 12 15 15
split_gain=1.1908 2.50749 1.21105 1.12662 3.91883 7.82217 3.93791 3.6102 2.72999 6.34984 6.05323 7.91857 5.2898 4.67417 4.41922 2.34832 1.90084 1.27437 0.744805 1.43707 1.41853 1.06269 0.799884 0.483507 0.327255 0.326692 0.234513 0.225436 0.159705 0.0708485
threshold=0.29166667163372045 0.84715291857719432 0.97067421674728405 1.0000000180025095e-35 0.83974358439445507 1.0000000180025095e-35 0.91827458143234264 0.85620927810668956 0.94851896166801464 0.97503110766410839 1.0000000180025095e-35 0.75000000000000011 0.7009827494621278 0.9778001904487611 1.0000000180025095e-35 0.45773810148239141 0.94181358814239513 0.58571431040763866 0.73214286565780651 0.35069781541824346 0.15476191043853763 0.89753684401512157 0.40454545617103582 4.5000000000000009 0.8494696617126466 0.99707603454589855 0.89668855071067821 0.46428571641445165 0.98473194241523754 1.0000000180025095e-35
decision_type=2 2 2 2 2 2 2 2 2 2 2 2 2 2 2 2 2 2 2 2 2 2 2 2 2 2 2 2 2 2
left_child=1 18 3 4 5 7 16 -2 10 12 14 -12 -10 -11 -5 -8 -6 -7 20 -20 -1 26 -22 -4 -3 -25 -21 -27 -23 -26
right_child=2 24 23 8 6 17 15 -9 9 13 11 -13 -14 -15 -16 -17 -18 -19 19 21 22 28 -24 25 29 27 -28 -29 -30 -31
leaf_value=0.050015333710910895 -0.0060341765694462667 0.10975622485223886 0.050790157588709889 0.074889326004815515 0.032010139900642873 0.1261723054756739 -0.096659185551617594 0.041087370012038299 0.020501213449812098 -0.039361111703559722 -0.055634777210844658 -0.0098253183511221136 -0.0077440896403732865 -0.00051055167748165317 -0.0016834951951087982 0.052309642434915253 -0.020150054084535608 0.056035521722933794 0.063364430446100337 -0.032905456496646307 -0.055646069961503286 0.046286583826309173 0.053937552630653834 0.050569767758664647 0.069040076783910068 -0.067369341590198348 -0.090343661632336758 0.05009986110497279 -0.011500183655849002 0.048894145477306472
leaf_weight=0.52848417014592941 74.437193554145779 0.3118953940811483 1.6161197988012639 1.900857075685052 20.532512225026956 1.0221117028922884 1.0439648207029666 4.2995118517792426 66.732015609710288 7.8925666748000358 11.860334791561398 46.104822413071815 22.054655688505591 405.65091434710848 215.52732543048114 0.35434245643591555 1.9090523862760154 1.7678462985768417 1.0374360778951088 0.62236914480672545 1.5261551238063473 0.54278201193301356 0.1869187739011976 0.14068239473817801 0.619937542243861 0.20678103662794456 0.24872745375614613 0.050895562728328514 0.15334331670419488 1.4741610219462016
leaf_count=6779 61001 45 5803 2615 4274 75 22 1357 9605 1607 1221 4279 7904 31665 34254 253 128 246 24 243 4674 557 34 78 18 5 2 508 998 1049
internal_value=7.03587e-05 0.0202486 -9.49738e-05 -0.000183309 0.00466866 -0.000545676 0.0225004 -0.00346105 -0.000840657 0.00135275 -0.00484154 -0.0191985 0.0134851 -0.00125202 -0.00101406 -0.0589093 0.027573 0.0817304 -0.000467164 0.0177168 -0.0215967 -0.0125 -0.0436891 0.0386286 0.0619747 -0.0107104 -0.049306 -0.0441672 0.0335572 0.0548582
internal_weight=892.357 7.25221 885.105 883.09 105.367 81.5267 23.8399 78.7367 777.723 502.33 275.393 57.9652 88.7867 413.543 217.428 1.39831 22.4416 2.78996 4.84622 2.60466 2.24156 1.56722 1.71307 2.01448 2.40599 0.398359 0.871097 0.257677 0.696125 2.0941
internal_count=181323 14423 166900 160506 67356 62679 4677 62358 93150 50781 42369 5500 17509 33272 36869 275 4402 321 13311 1824 11487 1800 4708 6394 1112 591 245 513 1555 1067
is_linear=0
shrinkage=0.05


Tree=228
num_leaves=31
num_cat=0
split_feature=11 17 23 23 17 11 11 0 7 15 17 11 18 15 11 15 23 7 2 24 9 15 0 24 12 15 12 12 12 17
split_gain=1.17748 1.40781 1.39633 1.49131 1.63554 1.27745 1.48366 1.36662 1.41348 1.22224 1.19307 6.15036 4.19425 3.08959 1.9156 2.10931 2.02118 1.15128 1.01909 0.590295 0.75817 0.435016 0.292719 0.00568794 0.00281031 0.00111461 0.00053729 0.000403704 0.000319895 0.000212227
threshold=0.82085561752319347 0.88929739594459545 0.33503402769565588 0.37089948356151586 0.89668855071067821 0.81365740299224865 0.80384615063667308 0.69309264421463024 0.69604039192199718 0.87891006469726574 0.59110671281814586 0.075498577207326903 1.0000000180025095e-35 0.32566948235034948 0.22401433438062671 0.38784307241439825 0.21052632480859759 0.79516318440437328 0.5634920895099641 3.5000000000000004 1.0000000180025095e-35 0.94881153106689464 0.61602565646171581 3.5000000000000004 0.30952382087707525 0.92508503794670116 0.46428571641445165 0.30952382087707525 0.30952382087707525 0.89494904875755321
decision_type=2 2 2 2 2 2 2 2 2 2 2 2 2 2 2 2 2 2 2 2 2 2 2 2 2 2 2 2 2 2
left_child=5 -2 23 17 9 6 10 8 27 -5 14 13 -13 -12 16 -16 -1 -4 -6 22 -21 -19 -10 28 -25 29 -26 -7 -3 -8
right_child=1 2 3 4 18 7 25 -9 19 -11 11 12 -14 -15 15 -17 -18 21 -20 20 -22 -23 -24 24 26 -27 -28 -29 -30 -31
leaf_value=0.00083519232233772531 0.050490779348316167 0.052568588142222573 0.052768785617889225 -0.077302437475380209 0.046326166673175677 0.054836592609615965 0.052155953354199806 0.051041755738887896 -0.071226547497395612 0.051516924726030769 -0.050305671170328303 -0.010806488991316303 0.0025252821664990262 0.04324667604220081 0.03612472501956248 -0.00058293260714489174 -0.0664798371001558 -0.041072705917581637 0.0038266616508101387 0.050602590955842922 -0.084382838868152912 -0.10995736313765435 -0.12453106248080695 0.061724907681500865 0.055358321342896422 0.055179768274415536 0.050090697518525101 0.050720829908334132 0.050394550235570483 0.050756221180785481
leaf_weight=563.31933348885923 2.3162269456406639 0.22078558810062421 0.20678997914364827 0.84505942929536082 2.0555505480642751 0.099406151759466765 0.60709723425679729 0.34599675745812408 0.52870527461345751 0.23543481918022735 9.0593053679958722 83.346847529230217 201.92279205045361 0.97778784970341881 8.1152222866403445 7.5585758842516944 1.1173311439924862 0.43003716599196196 4.4951126025634949 0.18041073600397783 0.24568384676604182 0.49073255673283711 0.50218019231397193 0.22102866537170485 0.19743216037750244 0.25881018896325247 0.064132887342566391 0.1487131126159511 0.72426144517066859 0.4888648201522301
leaf_count=18661 6507 66 34 289 3561 12 162 439 47 373 60861 17902 47708 2270 3167 2124 44 99 11371 103 6 15 11 5 2 17 151 196 4886 234
internal_value=6.92277e-05 0.0153055 0.00730492 -0.000168931 0.0077617 -0.000147532 -5.53295e-05 -0.0395608 -0.0579457 -0.0492333 -0.000136243 -0.00272335 -0.00136984 -0.041192 0.00118073 0.0184227 0.000701939 -0.0538423 0.0171627 -0.0767321 -0.0272293 -0.0777854 -0.097193 0.0531577 0.0575742 0.0522285 0.0540668 0.0523698 0.0509025 0.0515316
internal_weight=891.326 12.5026 10.1864 8.75872 7.63116 878.823 876.772 2.0511 1.7051 1.08049 875.417 295.307 285.27 10.0371 580.11 15.6738 564.437 1.12756 6.55066 1.45698 0.426095 0.92077 1.03089 1.42764 0.482594 1.35477 0.261565 0.248119 0.945047 1.09596
internal_count=181323 27359 20852 15742 15594 153964 153150 814 375 662 152737 128741 65610 63131 23996 5291 18705 148 14932 167 109 114 58 5110 158 413 153 208 4952 396
is_linear=0
shrinkage=0.05


Tree=229
num_leaves=31
num_cat=0
split_feature=12 0 7 7 3 16 23 2 17 19 0 1 1 11 9 2 7 7 9 12 12 7 11 27 23 7 2 14 7 7
split_gain=1.17187 3.84587 4.95072 7.45721 4.52665 7.24287 3.60216 3.12788 5.84159 5.64597 6.91864 2.87258 4.02607 3.0182 3.05343 2.78012 2.62616 2.60083 2.36032 2.42514 1.91763 3.7798 9.61359 3.36674 2.38539 3.028 1.91609 1.64678 3.61599 3.69796
threshold=0.21111111342906955 0.68469786643981945 0.88989898562431347 0.58658170700073253 0.36666667461395269 1.0000000180025095e-35 0.077171217650175108 0.76388889551162731 0.99707603454589855 1.0000000180025095e-35 0.80810147523880016 0.94667077064514171 0.9407491683959962 0.30217391252517706 1.0000000180025095e-35 0.82575756311416637 0.76764950156211864 0.81016731262207042 1.0000000180025095e-35 0.61250001192092907 1.0000000180025095e-35 0.73401361703872692 0.2788888961076737 1.0000000180025095e-35 0.18786764889955523 0.93582704663276683 0.78888890147209179 1.0000000180025095e-35 0.64051282405853283 0.65261757373809826
decision_type=2 2 2 2 2 2 2 2 2 2 2 2 2 2 2 2 2 2 2 2 2 2 2 2 2 2 2 2 2 2
left_child=20 2 3 6 5 -5 -2 8 -3 10 -10 12 16 14 -13 -14 -9 -6 -4 -20 23 22 -22 -1 25 -23 -15 28 -25 -30
right_child=1 7 18 4 17 -7 -8 11 9 -11 -12 13 15 26 -16 -17 -18 -19 19 -21 21 24 -24 27 -26 -27 -28 -29 29 -31
leaf_value=-0.17138555253362991 -0.018351713465737572 0.032825081916266118 0.033293512337953766 0.2238421357906562 -0.043989139142753111 -0.0018107503643583944 0.051676961638083309 -0.07257137297512771 -0.1878742146243694 0.067260608152096946 0.003834003691485185 -0.018945546884877346 -0.31517408593116125 -0.090841008442010041 0.013953194724440499 -0.078677500656827257 0.025054063875283469 -0.0052259329389346869 0.02904886666041015 -0.12310085224880118 -0.078492999937436581 -0.055071335842861703 -0.70030056348007752 0.047832819707554576 -0.067678556456269509 0.064347063000602986 0.050444855514216971 -0.00011407599460729085 -0.18324521362277785 -0.026184870757975893
leaf_weight=0.28793495375975808 2.8437541475732342 24.875032269068473 8.750287663347077 0.42080962262116406 18.514666060587846 2.29498672499449 5.18358532921593 0.95512122154104817 0.94146655428085002 0.78946165354864195 0.94105240703629534 10.82738460993278 0.13651073370419875 0.25217559484008134 20.231945512612583 1.3854244242593268 2.471129481985372 5.6470888500007268 0.53012299971123933 0.51762399652034219 0.57292338176830426 0.87490998313478563 0.069725312278023921 1.6311794372686552 1.3092887827951925 1.3497472899998681 4.9583854715929192 762.23067338834198 0.39286588453978666 8.1379361031686113
leaf_count=19 7758 22445 7623 31 5391 1972 4483 200 1114 934 1502 432 84 13 542 349 1821 1901 159 459 221 226 13 235 26 169 16036 104314 10 841
internal_value=6.62571e-05 0.00481271 -0.00660415 -0.01542 -0.02805 0.0331539 0.0268687 0.0122346 0.0252788 -0.044974 -0.0920412 0.00351685 -0.0322197 0.00839227 0.00248459 -0.0998902 -0.00216056 -0.0349294 0.0248016 -0.0461185 -0.000627011 -0.0344156 -0.145957 -0.000444372 -0.0141318 0.0173824 0.043607 -0.000380648 -0.0203757 -0.0334179
internal_weight=890.325 113.468 44.7029 34.9049 26.8776 2.7158 8.02734 68.7651 27.547 2.67198 1.88252 41.2181 4.94819 36.2699 31.0593 1.52194 3.42625 24.1618 9.79803 1.04775 776.857 4.17659 0.642649 772.681 3.53395 2.22466 5.21056 772.393 10.162 8.5308
internal_count=181323 75249 29777 21536 9295 2003 12241 45472 25995 3550 2616 19477 2454 17023 974 433 2021 7292 8241 618 106074 655 234 105419 421 395 16049 105400 1086 851
is_linear=0
shrinkage=0.05


Tree=230
num_leaves=31
num_cat=0
split_feature=1 1 9 5 24 7 7 8 7 15 1 26 0 0 0 7 7 19 11 11 15 11 11 0 2 0 0 7 7 1
split_gain=1.15193 1.74386 3.48447 1.53624 3.27994 5.88808 8.5177 4.57929 3.73084 3.93897 2.12518 7.8745 6.12797 5.84784 5.16917 6.34282 4.80418 1.78836 0.811866 0.80877 0.936032 0.217788 0.156143 0.0700198 0.0439945 0.0184264 0.00910159 0.0023425 0.000191341 7.95879e-05
threshold=0.40484943985939031 0.5794808864593507 1.0000000180025095e-35 1.0000000180025095e-35 2.5000000000000004 0.73123827576637279 0.61383572220802318 0.41666667163372045 0.94312667846679699 0.92113238573074352 0.88022258877754223 1.0000000180025095e-35 0.64760348200798046 0.61602565646171581 0.58876052498817455 0.556623935699463 0.59491634368896495 1.0000000180025095e-35 0.70710784196853649 0.70185184478759777 0.60361093282699596 0.22401433438062671 0.10172414034605028 0.2124435901641846 0.095454547554254546 0.26975052058696752 0.48683299124240881 0.30583900213241583 0.99193549156188976 0.56751173734664928
decision_type=2 2 2 2 2 2 2 2 2 2 2 2 2 2 2 2 2 2 2 2 2 2 2 2 2 2 2 2 2 2
left_child=22 2 18 4 8 6 -6 -7 9 -3 11 12 -5 -13 15 -12 -16 -10 19 20 -2 27 24 28 -1 -23 -27 -4 -24 -20
right_child=1 3 21 10 5 7 -8 -9 17 -11 14 13 -14 -15 16 -17 -18 -19 29 -21 -22 25 23 -25 -26 26 -28 -29 -30 -31
leaf_value=0.050035895877841033 -0.056570384987803729 0.041300126128812654 0.018888161004754211 -0.0053893293976249824 0.041499512477416359 0.050907822004457703 -0.048939722954232517 0.0041720320068564529 -0.025668497964930682 -0.058628820996672798 -0.0066081254338926755 -0.082771813551663395 0.053530146046591613 -0.012414359272474947 -0.089404426453057337 0.038267918408856932 -0.00035293037649368784 -0.17843079138737905 0.05018573645226182 -0.14704265900218108 0.039513667957105834 0.074153552791675834 0.050011442085299146 0.079849886969869777 -0.050129186675572479 0.050259885308802911 0.06293273397851408 -0.050058519661481421 0.052922299519673081 0.052361115912109936
leaf_weight=0.014856536043224788 3.3065179847144468 13.735111612418221 0.0012666424499910836 81.90236264417581 3.4242292303474633 5.6972367129178556 10.861348590831311 65.492651396935798 1.2741673005475611 1.0624215032894433 13.351022579669005 5.6014620012101641 4.6643754385149796 6.247139389934091 1.5180645188556798 19.193802941143076 649.75539621697044 0.22548991446274147 0.12731675739451009 0.22446802643389663 0.27451466330239771 0.26550255968686542 0.45325947334822558 0.32982824041027925 0.04182279088490759 0.220606605449575 0.39600772436097031 0.044981187223129382 0.064487814001040533 0.062776692804618506
leaf_count=32 13144 8137 13 18444 5978 2264 8714 32819 526 547 2354 994 643 441 136 3548 73775 135 874 4 328 9 6403 38 162 186 62 547 9 57
internal_value=6.6515e-05 9.13774e-06 -0.0296639 0.000174418 0.00595304 0.00203361 -0.0272616 0.00791224 0.0265097 0.0341255 -0.000577411 -0.00744713 -0.00221464 -0.0456761 0.000411281 0.0198582 -0.000560502 -0.048638 -0.0499384 -0.0549758 -0.0492048 0.0575956 0.0564714 0.0618443 -0.0238744 0.0631407 0.0583988 -0.0481702 0.050374 0.0509041
internal_weight=889.834 888.93 4.92396 884.006 101.773 85.4755 14.2856 71.1899 16.2972 14.7975 782.234 98.4153 86.5667 11.8486 683.818 32.5448 651.273 1.49966 3.99559 3.8055 3.58103 0.928365 0.904255 0.847576 0.0566793 0.882117 0.616614 0.0462478 0.517747 0.190093
internal_count=181323 174679 15224 159455 59120 49775 14692 35083 9345 8684 100335 20522 19087 1435 79813 5902 73911 661 14407 13476 13472 817 6644 6450 194 257 248 560 6412 931
is_linear=0
shrinkage=0.05


Tree=231
num_leaves=31
num_cat=0
split_feature=8 1 2 0 0 1 0 0 7 11 23 1 17 7 2 23 11 3 1 1 0 21 0 2 13 11 1 11 1 12
split_gain=1.13066 2.3316 1.21545 5.28854 3.96514 4.79366 3.65217 3.32 4.01451 4.6055 2.84067 3.22172 2.85022 2.34252 3.17733 2.05232 3.15765 1.98387 1.71132 1.44944 1.4491 1.09471 0.875487 1.19598 1.21951 0.969307 0.520587 0.433742 0.25314 0.237993
threshold=0.29166667163372045 0.84715291857719432 0.41428571939468389 0.96824595332145702 0.92637759447097789 0.98340412974357616 0.88303694128990184 0.47114317119121557 0.47871376574039465 0.59545454382896434 0.12552521377801898 0.88275891542434703 0.25087413191795355 0.94665718078613292 0.37980769574642187 0.40909092128276831 0.62828946113586437 0.61250001192092907 0.74018052220344555 0.91200488805770885 0.48412297666072851 1.0000000180025095e-35 0.16823899745941165 0.31666667759418493 0.75000000000000011 0.37797619402408605 0.88485845923423778 0.85357144474983226 0.8494696617126466 0.23611111193895343
decision_type=2 2 2 2 2 2 2 2 2 2 2 2 2 2 2 2 2 2 2 2 2 2 2 2 2 2 2 2 2 2
left_child=1 22 3 4 5 6 -2 10 9 -9 11 12 -4 14 -6 18 -17 19 -12 -10 -19 -7 -1 25 -25 29 -13 -26 -3 -24
right_child=2 28 7 -5 13 21 -8 8 17 -11 15 26 -14 -15 -16 16 -18 20 -20 -21 -22 -23 23 24 27 -27 -28 -29 -30 -31
leaf_value=0.044062062617815735 -0.0058378526773247503 0.1024411341850867 0.0061687337177496332 -0.18785156912488313 0.021567553756449784 -0.034610318944545977 0.031674767965683907 -0.017531963468902383 -0.054686666113749588 -0.27127279938387205 0.012449828913367449 0.12254071835438377 -0.045880701983033817 0.05375492772527473 -0.23377895162028117 -0.079301057493579297 0.02491567435350418 0.02972135079910538 0.050628978710739764 0.049695841146495993 0.00015252382252923841 -0.11476895212630556 -0.05003726132533181 0.05633545447123417 -0.070934072730465481 0.052263903384824763 0.050470215990843552 0.050013804737641623 0.054420689860177868 0.022662351166648217
leaf_weight=0.89011193213218476 140.45066545725922 0.31788279004104003 9.3978930683078925 0.39068471743666933 0.42072798075605433 0.67200628099453741 6.8026345502457835 0.46474182199744873 2.5343714595364868 0.29067856119581847 4.2326765114703475 0.29886161611648177 3.6523782227868642 4.2628421283770876 0.17148098024335923 0.99233092453505323 2.716510779584496 4.1686461752333335 9.5740246560526412 0.38280362210207375 687.39187234058954 1.16318020141989 1.8887456702827887 0.97053419561780152 0.33909882597799879 0.28878629912287568 1.5504576136154353 0.094863806571083842 2.008205812137021 0.11970953115087457
leaf_count=6685 77412 45 198 3 106 42 1003 36 287 39 526 9 785 1329 16 495 2400 716 1888 81 79362 47 4459 171 33 656 120 1185 1067 122
internal_value=6.42577e-05 0.0201992 -9.36735e-05 -0.00412397 -0.0036577 -0.00510578 -0.00410489 0.000761153 3.18855e-05 -0.115169 0.0164023 0.000353974 -0.00839834 0.0408099 -0.052371 0.0300539 -0.00296836 0.000157196 0.0389245 -0.0409892 0.000330761 -0.0854166 -0.000460636 -0.0111665 0.0251808 -0.0333886 0.0621173 -0.044495 0.0609832 -0.0457042
internal_weight=888.9 6.91794 881.982 154.334 153.944 149.088 147.253 727.648 695.233 0.75542 32.4151 14.8996 13.0503 4.85505 0.592209 17.5155 3.70884 694.478 13.8067 2.91718 691.561 1.83519 4.59185 3.70174 1.4045 2.29724 1.84932 0.433963 2.32609 2.00846
internal_count=181323 14423 166900 79958 79955 78504 78415 86942 80521 75 6421 1112 983 1451 122 5309 2895 80446 2414 368 80078 89 13311 6626 1389 5237 129 1218 1112 4581
is_linear=0
shrinkage=0.05


Tree=232
num_leaves=31
num_cat=0
split_feature=23 7 7 3 7 17 17 0 17 11 23 24 7 7 23 17 26 0 17 11 17 17 11 7 7 11 7 0 11 17
split_gain=1.11183 4.44576 4.873 4.92913 3.45553 2.98327 4.367 2.50628 4.62194 2.24662 2.13 6.42756 9.21952 5.06815 8.78268 6.79805 3.29317 8.60056 4.07322 2.8667 2.66885 2.70262 2.1031 3.52655 4.37476 2.09243 5.53176 10.6076 3.43261 3.41901
threshold=0.40089288353919988 0.96190130710601818 0.9569842815399171 0.96153846383094799 0.89528506994247448 0.78389188647270214 0.78598690032958995 0.94519516825675975 0.80784615874290477 0.76696833968162548 0.33333335816860205 2.5000000000000004 0.84409722685813915 0.79008570313453685 0.40000002086162573 0.92334401607513439 1.0000000180025095e-35 0.73727351427078258 0.75688305497169506 0.71714287996292125 0.97379860281944286 0.97446763515472423 0.79057019948959362 0.89237451553344738 0.89323708415031444 0.64852941036224376 0.91240409016609203 0.82650500535964977 0.60555556416511547 0.8874119520187379
decision_type=2 2 2 2 2 2 2 2 2 2 2 2 2 2 2 2 2 2 2 2 2 2 2 2 2 2 2 2 2 2
left_child=10 2 4 9 5 -2 -7 -6 -9 -4 19 20 13 15 -15 -13 17 -14 -18 25 -12 -22 -21 -24 -25 28 29 -28 -1 -27
right_child=1 -3 3 -5 7 6 -8 8 -10 -11 11 12 16 14 -16 -17 18 -19 -20 22 21 -23 23 24 -26 26 27 -29 -30 -31
leaf_value=-0.00016832971411515283 0.052047536644853877 0.03456875041030897 -0.14409037826163104 0.050261750285018905 0.05156910697410793 -0.26958591068092042 -0.0036540081961380193 -0.29032474244855783 0.0080836396188919829 0.050531378116702323 0.037005675243607893 -0.054944780619301886 0.031851392025349659 -0.080598277740696556 -0.40530428750663683 0.052851340928213301 -0.049490089589088793 -0.06883996303855304 0.043282080917498543 0.056942251514514167 -0.21600165046033726 -0.010971280258729928 0.036738488545130461 -0.34906408622905272 -0.034341259063069111 -0.050370344792043512 -0.13767319458433558 0.050683570136108413 0.034090951156758288 0.017239183988160989
leaf_weight=755.02675511736788 2.4552624490588633 11.491189918022426 1.3333486249248374 0.57013303412895755 5.4431552452024325 0.15492867669672605 43.348415593989557 0.14683777956815891 1.1157230393964708 0.16683535445554287 7.5587660892997501 6.5865227101166983 4.1624837219424098 4.547966876118152 0.21824409652617749 1.8800501020596128 1.4597406467219105 4.3234351699793478 6.2444215569339576 3.804341940831363 0.18283503559359804 1.3292340460084231 2.6444061221836823 0.12305851167729986 1.0749016209329054 2.5464523490663833 2.2530702279527755 1.1185620241703871 7.383026497978789 7.0383956299028796
leaf_count=114826 1853 19538 72 847 4796 40 15242 279 1144 285 1485 606 1142 488 36 331 627 1109 2150 1747 7 227 5990 9 1350 1110 577 688 1737 985
internal_value=6.31753e-05 0.00629535 0.000359535 -0.0748853 0.00331753 -0.00157471 -0.00460107 0.0368472 -0.0266217 -0.122447 -0.000439232 -0.0119219 -0.0232663 -0.0542248 -0.0954665 -0.031008 0.00203734 -0.0194492 0.0257041 0.000125269 0.0248755 -0.035763 0.0305897 0.00449793 -0.0666707 -0.000175173 -0.0200999 -0.0751846 0.00016343 -0.000722962
internal_weight=887.732 66.2258 54.7346 2.07032 52.6643 45.9586 43.5033 6.70572 1.26256 1.50018 821.507 38.4937 29.4229 13.2328 4.76621 8.46657 16.1901 8.48592 7.70416 783.013 9.07084 1.51207 7.64671 3.84237 1.19796 775.366 12.9565 3.37163 762.41 9.58485
internal_count=181323 44096 24558 1204 23354 17135 15282 6219 1423 357 137227 8208 6489 1461 524 937 5028 2251 2777 129019 1719 234 9096 7349 1359 119923 3360 1265 116563 2095
is_linear=0
shrinkage=0.05


Tree=233
num_leaves=31
num_cat=0
split_feature=1 1 2 5 24 7 7 8 7 23 1 26 0 0 0 7 7 16 23 17 10 0 23 12 23 23 0 17 7 2
split_gain=1.06894 1.61617 2.34201 1.41905 2.94571 5.29054 7.69687 4.22797 3.42291 1.96486 1.91292 7.11438 5.69033 5.4879 4.60701 6.01721 4.123 1.57332 1.073 1.27068 0.689374 0.424041 0.413168 0.240905 0.142522 0.097825 0.095445 0.0324049 0.0276327 0.0100363
threshold=0.40484943985939031 0.5794808864593507 0.31666667759418493 1.0000000180025095e-35 2.5000000000000004 0.73123827576637279 0.64365079998970043 0.41666667163372045 0.94312667846679699 0.34299722313880926 0.88022258877754223 1.0000000180025095e-35 0.64760348200798046 0.61602565646171581 0.58876052498817455 0.556623935699463 0.59491634368896495 1.0000000180025095e-35 0.071714289486408248 0.99707603454589855 1.0000000180025095e-35 0.10620300844311716 0.14354395866394046 0.88194444775581371 0.083683479577302947 0.14048793911933902 0.16823899745941165 1.0000000180025095e-35 0.28730159997940069 0.63068181276321422
decision_type=2 2 2 2 2 2 2 2 2 2 2 2 2 2 2 2 2 2 2 2 2 2 2 2 2 2 2 2 2 2
left_child=25 2 20 4 8 6 -6 -7 9 -3 11 12 -5 -13 15 -12 -16 -10 29 28 -2 24 -23 -21 -22 26 27 -1 -20 -4
right_child=1 3 18 10 5 7 -8 -9 17 -11 14 13 -14 -15 16 -17 -18 -19 19 23 21 22 -24 -25 -26 -27 -28 -29 -30 -31
leaf_value=-0.05035762973747248 0.050086232904950193 0.039350351537785794 -0.050421481572777628 -0.0051818906945998826 0.015258481860358325 0.049440246650344889 -0.058835911139204257 0.004045369681251315 -0.11021728552661321 -0.01855831768579019 -0.006808320421967615 -0.08038043050417687 0.05204863249002778 -0.011622783175655042 -0.081144487136726173 0.037236694614590428 -0.00032846363629446105 -0.0056472071395827009 0.072669461973003821 -0.080158822977793739 -0.050120951016965537 -0.07036726344606252 0.051761649029475582 0.050008108361949015 0.052348309857946321 0.077550680953060433 -0.046365737955574741 0.049530541385323312 0.054112095037277735 -0.066442262697427326
leaf_weight=0.0082585017662485383 0.1433796226010603 12.929948490733294 0.20368165669424332 81.382040365155262 6.3195455136965375 5.5670782537031291 7.8696433523591622 65.228405440682764 0.58716890355572104 1.6519692397068872 13.270132724712314 5.447464295788448 4.5881946603576571 6.2106823636568151 1.5820305993147474 18.655434239447459 649.46198938168436 0.92850689180704715 0.25782591786992248 0.2369794757105409 0.05068897214459811 2.55605185896593 0.071180088656546903 0.041817906565484009 0.10266150756797288 0.32856037780584302 0.028442149716283893 0.48193552664452 0.90378645579221484 0.18797647426254116
leaf_count=2 1097 8189 463 18444 7777 2264 6915 32819 11 495 2354 994 643 441 136 3548 73775 650 2 2 325 12635 41 495 4 46 133 6463 156 4
internal_value=6.739e-05 1.37382e-05 -0.0290548 0.000170542 0.00574483 0.00203001 -0.0258359 0.00761504 0.0253566 0.0327899 -0.000551291 -0.00709792 -0.00212752 -0.0437509 0.000384529 0.018929 -0.000524846 -0.0461574 0.015271 0.0352241 -0.056828 -0.062341 -0.0670584 -0.0606346 0.0184778 0.0562042 0.042681 0.0478477 0.058231 -0.0581107
internal_weight=887.283 886.436 4.75603 881.68 101.082 84.9847 14.1892 70.7955 16.0976 14.5819 780.598 97.6284 85.9702 11.6581 682.97 31.9256 651.044 1.51568 1.83207 1.44041 2.92396 2.78058 2.62723 0.278797 0.15335 0.847197 0.518636 0.490194 1.16161 0.391658
internal_count=181323 174679 15224 159455 59120 49775 14692 35083 9345 8684 100335 20522 19087 1435 79813 5902 73911 661 1122 655 14102 13005 12676 497 329 6644 6598 6465 158 467
is_linear=0
shrinkage=0.05


Tree=234
num_leaves=31
num_cat=0
split_feature=23 7 7 3 7 7 12 2 0 11 17 11 18 2 0 24 0 1 7 11 11 16 23 24 7 0 7 17 17 7
split_gain=1.03357 4.15756 4.38896 4.28155 3.22672 4.32208 3.92738 2.66949 2.18597 3.22615 1.90785 5.35838 3.26157 5.25471 4.78363 4.18342 2.0288 4.91779 2.71395 1.89042 1.75292 2.49148 7.62855 4.9866 2.78349 4.91553 2.74498 2.1515 3.06005 2.36266
threshold=0.40089288353919988 0.96190130710601818 0.9569842815399171 0.96153846383094799 0.88989898562431347 0.88303694128990184 0.30952382087707525 0.78888890147209179 0.94519516825675975 0.43303571641445165 0.59110671281814586 0.075498577207326903 1.0000000180025095e-35 0.78888890147209179 0.78319624066352855 4.5000000000000009 0.5039682686328889 0.86786246299743663 0.86729559302330028 0.76696833968162548 0.12060606107115747 1.0000000180025095e-35 0.022018424235284332 4.5000000000000009 0.81322672963142406 0.73727351427078258 0.91240409016609203 0.55022937059402477 0.30805176496505743 0.80673459172248851
decision_type=2 2 2 2 2 2 2 2 2 2 2 2 2 2 2 2 2 2 2 2 2 2 2 2 2 2 2 2 2 2
left_child=10 2 4 19 5 7 -7 -2 -6 -10 20 -12 13 14 -13 -15 18 -18 -14 -4 21 24 -23 -24 25 -1 -26 28 -22 -30
right_child=1 -3 3 -5 8 6 -8 -9 9 -11 11 12 16 15 -16 -17 17 -19 -20 -21 27 22 23 -25 26 -27 -28 -29 29 -31
leaf_value=0.0071052731715867956 0.0088753388494968964 0.033975322488618488 -0.13180555578289677 0.050248890729745699 0.047338191176087417 -0.13460067908425666 0.051215623060803295 -0.018555435294409974 -0.21607254890840402 0.0080285740779319024 -0.040841410081624292 -0.012193920457780083 0.0032920145992219488 -0.033954238880450092 0.029474734841102086 -0.14431466227307116 -0.027658638442777606 0.0018585921370318241 0.038241714483391157 0.050507087758891005 0.033555996391422559 -0.044439948959234032 -0.0018535818753181552 0.090715491383686161 -0.01135581565741913 0.058715982435468397 0.0013247492800153584 0.040432657210934697 -0.027427748486241677 0.0073580815857717755
leaf_weight=54.203246820419736 31.455827049850996 11.113205817364358 1.3863977193614112 0.54178916528508114 5.8869956074659049 1.0865669903869264 0.38516555543355924 12.352213026882962 0.18758804755634617 1.1161221160236889 9.5526156034588876 43.038731294294394 18.811168418329547 10.567215062837928 8.2000734825478485 0.93465814238879907 15.860637001859685 127.92004164200534 7.8820612029294344 0.15843750391650235 7.9773046546106334 12.198353712487004 22.07643531604845 1.5574674055023923 47.820522496869671 5.0427149642491704 396.84348579293874 5.4986005108912641 6.6931662799706855 18.0321336668203
leaf_count=2215 13688 19538 72 847 5123 50 534 2536 66 1357 63131 14010 7780 668 2093 60 2548 20473 2973 285 1528 8953 1186 47 1326 324 3099 789 1995 2029
internal_value=6.47352e-05 0.0061006 0.000422563 -0.0706924 0.00325063 -0.00169051 -0.0859709 0.0011409 0.0343649 -0.0242169 -0.000418233 -0.00413782 -0.00263442 -0.0123812 -0.00552542 -0.0429223 0.000952742 -0.00139749 0.0136121 -0.113108 0.00114419 0.000411614 -0.0123277 0.00424669 0.00131749 0.0114981 -3.89573e-05 0.0114947 0.00662913 -0.00205848
internal_weight=886.381 65.6703 54.5571 2.08662 52.4705 45.2798 1.47173 43.808 7.19071 1.30371 820.711 242.767 233.215 62.7407 51.2388 11.5019 170.474 143.781 26.6932 1.54484 577.943 539.742 35.8323 23.6339 503.91 59.246 444.664 38.2012 32.7026 24.7253
internal_count=181323 44096 24558 1204 23354 16808 584 16224 6546 1423 137227 113736 50605 16831 16103 728 33774 23021 10753 357 23491 17150 10186 1233 6964 2539 4425 6341 5552 4024
is_linear=0
shrinkage=0.05


Tree=235
num_leaves=31
num_cat=0
split_feature=8 1 0 2 0 0 7 7 0 23 0 7 7 0 0 7 7 24 6 2 18 8 9 1 7 22 11 12 11 2
split_gain=1.06787 2.18198 1.15163 3.37685 3.79514 3.4124 3.24385 6.00441 2.42263 2.22677 2.21414 10.2907 7.66381 6.91848 6.41225 10.3999 6.17741 7.68592 7.53585 13.0008 11.0145 5.15158 4.29139 4.21831 3.37708 2.11448 2.24369 2.09161 2.20249 1.93344
threshold=0.29166667163372045 0.84715291857719432 0.36899313330650335 0.2264957278966904 0.26598639786243444 0.21778655797243121 0.63003221154212963 0.62192192673683178 0.26975052058696752 0.1501879766583443 0.65261757373809826 0.84877073764801036 0.71547618508338939 0.56787469983100902 0.63211598992347728 0.85839599370956432 0.86285266280174266 4.5000000000000009 1.0000000180025095e-35 0.86607143282890331 1.0000000180025095e-35 0.75000000000000011 1.0000000180025095e-35 0.87553340196609508 0.83484846353530895 1.0000000180025095e-35 0.56696429848670971 0.88194444775581371 0.25462962687015539 0.73030304908752453
decision_type=2 2 2 2 2 2 2 2 2 2 2 2 2 2 2 2 2 2 2 2 2 2 2 2 2 2 2 2 2 2
left_child=1 -1 3 25 5 29 7 -6 -8 -7 11 12 21 -14 23 -16 17 22 20 -20 -18 -4 -12 -13 -19 26 -2 28 -27 -5
right_child=2 -3 10 4 6 9 8 -9 -10 -11 16 14 13 -15 15 -17 18 24 19 -21 -22 -23 -24 -25 -26 27 -28 -29 -30 -31
leaf_value=-0.00052046229936085475 -0.049849579202078137 0.060097999495424104 -0.010518369443965279 0.032673405865777355 0.047684344292591239 -0.073689724620590369 0.11549011943851112 0.25285043845469479 0.010840934933286538 0.050775500616453285 0.021595012000115921 0.0079690286032756807 -0.01587138386496317 -0.05923620132191755 -0.27367243339324226 -0.019841264290882444 0.019740881048229526 -0.031177972576384872 0.023724272228347332 -0.002036484422665893 -0.029378285171047049 0.025967157145484282 -0.0071842690781409139 0.039112336721503486 0.050618593042019981 -0.023531378378944902 0.061883239129555102 0.13313315191306432 0.070033487070783176 -0.10332966614636303
leaf_weight=4.3697566541386541 4.5100516825768846 2.248304479194303 63.418137558169747 2.8606163051026701 5.3360832037160462 2.4281937236337403 0.58051801545843673 0.38215433058394399 11.683291319407543 0.42177029759295681 79.145068579182407 40.463525293372186 24.335615506045542 14.785967603252173 0.43651098568625357 5.3411807339834922 15.013901416167753 12.503765841829589 55.051165768467399 443.90697172592627 47.588346096088571 11.4163633379203 15.488063225466247 14.86823438461124 1.4034969006315794 2.5511801096945428 0.49901880743345817 0.32072392755162571 0.83477491459780129 0.28759186978550122
leaf_count=13311 26381 1112 17434 1087 1376 694 110 25 4943 288 16344 15457 10336 2555 68 1167 3141 700 12777 33721 8752 2352 1683 3432 184 229 646 700 197 121
internal_value=6.36658e-05 0.020073 -8.71813e-05 0.00912022 0.0188076 -0.0156328 0.0302956 0.0613958 0.0157946 -0.0552699 -0.000443377 -0.0054503 -0.0143275 -0.0322611 0.0111038 -0.0390185 0.000864694 0.0117843 -0.00124588 0.000805757 -0.017598 -0.00495233 0.0168849 0.0163376 -0.0229232 -0.0175332 -0.0387184 0.0110958 -0.000463853 0.0202494
internal_weight=884.48 6.61806 877.862 32.696 23.9802 5.99817 17.982 5.71824 12.2638 2.84996 845.166 175.066 113.956 39.1216 61.1095 5.77769 670.101 108.54 561.56 498.958 62.6022 74.8345 94.6331 55.3318 13.9073 8.71575 5.00907 3.70668 3.38596 3.14821
internal_count=181323 14423 166900 36797 8644 2190 6454 1401 5053 982 130103 52801 32677 12891 20124 1235 77302 18911 58391 46498 11893 19786 18027 18889 884 28153 27027 1126 426 1208
is_linear=0
shrinkage=0.05


Tree=236
num_leaves=31
num_cat=0
split_feature=7 8 7 17 15 15 15 1 12 12 15 7 1 1 17 0 15 7 1 2 0 0 0 18 0 7 0 0 0 1
split_gain=1.04466 1.68809 1.67935 3.5159 5.23915 7.02067 3.67128 2.90911 2.90544 6.29632 2.92675 2.60679 25.7509 49.0302 2.91933 2.39344 2.12803 2.02955 4.47091 1.44906 4.4327 4.55225 3.88839 5.10903 3.91526 1.15745 2.71679 2.6435 2.999 2.74506
threshold=0.51668518781661998 0.75000000000000011 0.6195238232612611 0.99707603454589855 0.67873525619506847 0.55942294001579296 0.86124861240386974 0.5773882567882539 0.73214286565780651 0.76388889551162731 0.82285073399543773 0.62605932354927074 0.64220178127288829 0.64059999585151683 0.97073099017143261 0.33630952239036566 0.27305428683757788 0.57259953022003185 0.91538879275321972 0.41428571939468389 0.96824595332145702 0.65261757373809826 0.56787469983100902 1.0000000180025095e-35 0.58411949872970592 0.4246212244033814 0.42163743078708654 0.47114317119121557 0.47673159837722784 0.64942356944084179
decision_type=2 2 2 2 2 2 2 2 2 2 2 2 2 2 2 2 2 2 2 2 2 2 2 2 2 2 2 2 2 2
left_child=1 25 3 6 5 -5 8 -8 10 -10 -2 12 13 -4 15 -14 -16 -6 -19 20 21 -13 23 -21 -24 26 -1 29 -29 -27
right_child=2 -3 11 4 17 -7 7 -9 9 -11 -12 19 14 -15 16 -17 -18 18 -20 22 -22 -23 24 -25 -26 27 -28 28 -30 -31
leaf_value=-0.0011438698764816399 -0.0040730027468540847 0.10075517820624719 -0.031574040459157564 0.042450849415174269 0.054077099200522616 -0.3212560052976286 -0.12617441308811855 0.054232318327966315 -0.45935283307373348 -0.049205816178197193 -0.076195463369049962 -0.012398871168221732 0.19422760363846983 3.2306890300866593 -0.24515597718124593 0.028006801206509793 0.039901382718614785 -0.14842259757030493 0.059526422603416111 7.1836594031067603e-05 -0.1670634237784937 0.0065147587707772431 -0.043955742339725351 0.033494902541258718 0.0002985530705723738 -0.03887308110513768 -0.18798964345983529 -0.13603014213860148 -0.00017340847636198979 0.043167304572590569
leaf_weight=9.1665403233778342 25.703850003836131 0.50619442374954715 0.031115635522837137 0.19994030224961479 0.53754460279651528 0.39443597488752857 0.24003596236434477 3.2353957924351562 0.097770250722532537 2.1793159781109352 1.4880815676442569 73.99943915462427 0.23253618245780749 0.018286637703567976 0.1630635416959193 3.1534964518477864 0.10939477597457881 0.6435693222838379 0.43196884199642227 25.675146474083704 0.41949117615877085 55.805988509171584 5.0373188642033702 20.613105720278327 639.18158980612861 1.1657913599487972 0.19876774088334137 0.45168727487361948 4.0349305884719797 8.1317175961594312
leaf_count=12609 10292 247 454 561 456 29 29 600 16 1663 58 54041 65 11 29 616 89 346 122 4279 3 9151 716 4402 72647 4254 29 65 975 2469
internal_value=6.37782e-05 0.0104294 -0.000221479 -0.0109243 -0.0720127 -0.19891 -0.00683109 0.0417723 -0.0125631 -0.0668161 -0.00801991 0.000234862 0.0420641 1.17598 0.0267524 0.039422 -0.130703 -0.0252546 -0.0649039 4.58863e-05 -0.00479193 -0.00426752 0.000958265 0.0149558 -4.7483e-05 0.00845429 -0.00510945 0.0176699 -0.0138507 0.0328805
internal_weight=883.248 23.6556 859.592 35.1519 2.20746 0.594376 32.9444 3.47543 29.469 2.27709 27.1919 824.44 3.70789 0.0494023 3.65849 3.38603 0.272458 1.61308 1.07554 820.732 130.225 129.805 690.507 46.2883 644.219 23.1494 9.36531 13.7841 4.48662 9.29751
internal_count=181323 20648 160675 14172 1514 590 12658 629 12029 1679 10350 146503 1264 465 799 681 118 924 468 145239 63195 63192 82044 8681 73363 20401 12638 7763 1040 6723
is_linear=0
shrinkage=0.05


Tree=237
num_leaves=31
num_cat=0
split_feature=12 0 0 15 15 15 11 2 15 17 15 1 15 1 15 3 1 1 1 2 1 0 13 11 15 17 15 17 17 1
split_gain=1.06021 3.21979 4.00013 5.24404 10.3872 16.1915 3.06373 2.65362 5.59597 5.42401 7.74021 2.53294 3.52232 3.3564 2.73791 2.32002 4.48658 15.544 3.93911 2.04571 8.74836 2.01084 1.81354 7.58451 1.94702 9.4782 5.25182 3.84446 6.38192 1.95298
threshold=0.21111111342906955 0.68469786643981945 0.57259953022003185 0.40852642059326177 0.53671374917030346 0.52092087268829357 0.37797619402408605 0.76388889551162731 0.91499397158622753 0.99707603454589855 0.92508503794670116 0.94667077064514171 0.45852446556091314 0.9407491683959962 0.44130896031856542 0.81666666269302379 0.85153260827064525 0.8494696617126466 0.86786246299743663 0.58571431040763866 0.92323961853981029 0.16172623634338382 1.0000000180025095e-35 0.045983087271451957 0.870479315519333 0.94297328591346752 0.9377422332763673 0.92511683702468883 0.84101527929306041 0.82779976725578319
decision_type=2 2 2 2 2 2 2 2 2 2 2 2 2 2 2 2 2 2 2 2 2 2 2 2 2 2 2 2 2 2
left_child=22 2 15 19 5 -5 -6 8 -3 -10 -11 13 14 -9 -13 16 17 -2 -18 20 -4 -17 23 -1 27 -26 -27 28 -25 -29
right_child=1 7 3 4 6 -7 -8 11 9 10 -12 12 -14 -15 -16 21 18 -19 -20 -21 -22 -23 -24 24 25 26 -28 29 -30 -31
leaf_value=-0.051440876238439383 0.0090544750914830236 0.030467885032209863 0.0077530508590416287 -0.085013439575088251 -0.110383290685082 -0.48707748620148772 -0.010861225661304532 -0.001640896375285849 0.014296753841949207 -0.41435357217106017 -0.065379131476763941 0.0041964394018789665 0.052403885745713641 -0.089731334134810242 -0.13176889539035036 -0.098287987097378626 -0.087653141557138561 0.67763614098386471 0.0032481638082637009 0.054881456701085254 -0.48278379067147975 0.038870468191438731 0.00097708032000359758 -0.0008566675643858192 0.046726487718473028 -0.036269866394995395 0.016278559228109585 -0.016949768242603538 -0.022920038563476876 0.01170703670592738
leaf_weight=8.2329726658485907 12.882528265564364 24.355414391036906 2.9628159533976972 2.4272763779354132 0.83198804445782926 0.27920392468513444 10.963980103619177 3.3596770900830952 1.1458894372708517 0.21175373753067095 0.63650907700139214 31.45405218814631 3.995069054517443 1.5945326653163645 0.37466697920535708 0.27903819958373688 2.4342760601712135 0.087525372278833724 2.3349375913248878 2.3323545763178117 0.09376805737883831 6.3104916708043675 539.50821884301422 94.443566372950954 10.805084948482547 10.236630290870382 8.8789188115078996 6.9195595835562917 50.194800430993382 42.231623686489911
leaf_count=55068 12435 21856 607 524 206 86 6009 2021 1930 3 2206 3418 13454 433 151 163 771 106 1554 907 86 6323 26878 12071 492 261 543 2968 5695 2098
internal_value=4.58386e-05 0.00460672 -0.00586899 -0.0225002 -0.0381498 -0.126491 -0.0178807 0.0115076 0.0238746 -0.0566521 -0.152494 0.00351636 0.00815053 -0.0299932 0.00259594 0.00772882 -0.00168174 0.0135662 -0.0431492 0.019615 -0.00729535 0.0330624 -0.000612458 -0.00430978 -0.00257526 0.00929587 -0.0118618 -0.00440814 -0.00851346 0.0076727
internal_weight=882.799 111.348 44.2202 19.8914 14.5024 2.70648 11.796 67.1276 26.3496 1.99415 0.848263 40.778 35.8238 4.95421 31.8287 24.3288 17.7393 12.9701 4.76921 5.38894 3.05658 6.58953 771.451 231.943 223.71 29.9206 19.1155 193.79 144.638 49.1512
internal_count=181323 75249 29777 8425 6825 610 6215 45472 25995 4139 2209 19477 17023 2454 3569 21352 14866 12541 2325 1600 693 6486 106074 79196 24128 1296 804 22832 17766 5066
is_linear=0
shrinkage=0.05


Tree=238
num_leaves=31
num_cat=0
split_feature=21 11 15 1 1 8 7 11 11 24 23 18 15 1 7 23 2 23 11 23 23 24 23 17 11 15 15 24 7 7
split_gain=1.05899 2.28865 2.27732 4.0529 8.35014 22.5468 3.47898 2.89296 2.99711 2.55946 3.59986 2.41396 2.16171 1.5723 18.9127 1.27912 1.16375 4.33608 3.30722 1.1057 2.47728 1.27734 1.09287 1.01986 2.7135 2.7545 2.65534 2.40059 3.96763 3.43443
threshold=1.0000000180025095e-35 0.56696429848670971 0.7009827494621278 0.95148211717605602 0.94997555017471325 0.75000000000000011 0.60903531312942516 0.36602871119976049 0.55902779102325451 4.5000000000000009 0.21052632480859759 1.0000000180025095e-35 0.62547710537910473 0.96536955237388622 0.83484846353530895 0.68301436305046093 0.31666667759418493 0.16666667908430102 0.68585526943206798 0.47673161327838903 0.49106858670711523 4.5000000000000009 0.48819445073604589 0.85762548446655285 0.21240601688623431 0.55942294001579296 0.81275406479835521 2.5000000000000004 0.9759001135826112 0.99193549156188976
decision_type=2 2 2 2 2 2 2 2 2 2 2 2 2 2 2 2 2 2 2 2 2 2 2 2 2 2 2 2 2 2
left_child=1 2 7 4 6 -6 -4 9 12 11 -11 -1 -9 -5 -15 23 17 -3 -19 -18 22 -22 -21 26 25 -25 -2 29 -29 -26
right_child=15 16 3 13 5 -7 -8 8 -10 10 -12 -13 -14 14 -16 -17 19 18 -20 20 21 -23 -24 24 27 -27 -28 28 -30 -31
leaf_value=-0.0043941540324546023 -0.00061117653475560932 0.05128443212010364 0.051524752771419248 0.051031668747007257 0.050548623982997767 -0.86057710127858711 -0.033156839245793261 0.036267351143048625 -0.15990221825253989 0.026898567353130693 -0.057348972515419899 0.005838927513189345 -0.0044299528508540001 -0.49888322984278721 0.024253868088820532 0.038632021945590102 0.041270717193192044 -0.21995425481388842 0.050264988660261703 -0.01252078266590345 0.050899192659845029 -0.014050893547553015 -0.11727665775274486 -0.054160627848853227 0.012212844147685985 0.056908726252611556 0.036603779488724529 -0.011777734248637709 0.021221548263416337 -0.0477106714717732
leaf_weight=132.82674666823004 445.36789841676637 0.8139335380351429 1.3519827414675099 2.3441557743826698 0.17817903854302208 0.1097060723186587 11.7874159120729 12.094610435362489 0.22139818824871227 15.699051137329663 1.3793861814483523 101.80073196611193 4.4684253365567193 0.18161385416169684 3.5468649175199971 2.0089309992408735 6.7955904747977893 0.35393846533406759 0.16649876528026653 0.55107979673266505 2.2904450362684661 1.1306600308216728 0.45415426325052977 4.5730988906484518 31.151283265598977 0.63581572364273586 4.8453475652231637 79.969640750809958 10.279704969295379 2.5899070734467378
leaf_count=7343 65763 3820 350 480 33 24 1728 6611 43 703 313 5682 2369 24 1497 9011 9310 23 450 258 9881 1724 77 31284 8225 17 1395 8988 3177 720
internal_value=4.93529e-05 0.00245915 0.00154809 -0.0149503 -0.0302799 -0.296659 -0.0244435 0.00274633 0.0228451 0.00140609 0.0200941 4.57999e-05 0.0252879 0.0189452 -0.00122809 -0.00119631 0.0233551 -0.0207881 -0.133505 0.028604 0.00915731 0.0294335 -0.0598484 -0.0013344 -0.00525025 -0.0406032 -0.000210657 -0.00376505 -0.008019 0.00761323
internal_weight=881.968 300.547 287.99 19.4999 13.4273 0.287885 13.1394 268.49 16.7844 251.706 17.0784 234.627 16.563 6.07263 3.72848 581.422 12.5563 1.33437 0.520437 11.2219 4.42634 3.42111 1.00523 579.413 129.199 5.20891 450.213 123.991 90.2493 33.7412
internal_count=181323 52743 27200 4136 2135 57 2078 23064 9023 14041 1016 13025 8980 2001 1521 128580 25543 4293 473 21250 11940 11605 335 119569 52411 31301 67158 21110 12165 8945
is_linear=0
shrinkage=0.05


Tree=239
num_leaves=31
num_cat=0
split_feature=8 1 15 7 1 2 6 7 1 15 24 17 15 17 2 26 24 7 2 15 11 24 17 11 12 12 1 17 11 15
split_gain=1.0029 2.05008 1.05825 1.01434 5.18103 5.14877 3.73819 3.42257 3.0308 2.97504 2.96543 5.09046 2.80422 2.62096 1.67706 7.68882 3.98798 0.802599 1.27517 1.26701 0.89971 0.515234 0.313216 0.27397 0.220973 0.192818 0.149618 0.0604014 0.315891 0.0566103
threshold=0.29166667163372045 0.84715291857719432 0.97067421674728405 0.9759001135826112 0.99506098031997692 0.27922078967094427 1.0000000180025095e-35 0.97100839018821727 0.95421949028968822 0.92885261774063121 4.5000000000000009 0.85019686818122875 0.24789856374263766 0.25087413191795355 0.63068181276321422 1.0000000180025095e-35 5.5000000000000009 0.22653958946466449 0.31666667759418493 0.85764944553375255 0.37797619402408605 4.5000000000000009 0.99707603454589855 0.85357144474983226 0.46428571641445165 0.23611111193895343 0.8494696617126466 0.35069781541824346 0.13714733719825747 1.0000000180025095e-35
decision_type=2 2 2 2 2 2 2 2 2 2 2 2 2 2 2 2 2 2 2 2 2 2 2 2 2 2 2 2 2 2
left_child=1 17 3 7 5 8 -6 14 -5 -7 12 -12 -9 -8 16 -16 -2 27 20 -20 25 -4 -23 -21 -24 -19 -3 -1 -29 -28
right_child=2 26 21 4 6 9 13 10 -10 -11 11 -13 -14 -15 15 -17 -18 18 19 23 -22 22 24 -25 -26 -27 29 28 -30 -31
leaf_value=0.05472193617740654 -0.002944221950502016 0.090469845120181358 0.05082772121754682 -0.053746022818507815 -0.14794636625974936 0.026134692803691007 0.0021799300802852399 -0.049993234995051379 0.047446039939993856 -0.069851257774801986 0.034591799784970831 -0.054459331652959533 0.025955586100211366 -0.0099350738681307522 0.014914541276372515 -0.0037095218037888501 -0.067865914524832302 -0.052937791812474579 0.056753319932469397 -0.070793887848755815 0.052183278944574397 0.050544774659411901 -0.068018344491954388 0.050015552904002995 0.050112017777484301 0.018436019022749602 0.066785498282094943 -0.039984833888568272 0.049953314535164155 0.047851953712344852
leaf_weight=0.40540356467681604 268.64659137181343 0.32385858865063744 1.4857414333628174 3.5380549219762534 0.42876321331277623 37.753786452760323 227.38277160345751 9.1636702308478579 0.93563227373670077 0.82490662458439956 4.4073864002129985 2.5237093369842114 1.4012183476834241 55.549105747211797 80.651514839417359 177.1276930267104 2.3864595063796505 1.6941489385885695 0.95591368664463494 0.31132000481011346 0.25062467414591072 0.12579100976472535 0.20930951926857233 0.055258719952689717 0.04882090511637216 0.10022354655484367 0.56880308466497798 0.12672660097450716 0.4252434442860249 1.290520370699596
leaf_count=525 91264 45 5803 2324 19 11683 1168 352 330 500 419 524 651 19497 17363 13974 438 4629 509 4 984 78 5 869 508 153 18 162 5476 1049
internal_value=5.39506e-05 0.0196093 -9.15652e-05 -0.000172067 0.00203319 0.0181941 -0.000422218 -0.00148968 -0.0325826 0.0240823 -0.0232472 0.00216703 -0.0399202 -0.000198655 -0.000769825 0.0021174 -0.00351586 -0.000329074 -0.0118138 0.0264467 -0.0365567 0.0374851 -0.0141495 -0.0525829 -0.045676 -0.0489513 0.0591069 0.0400676 0.0293044 0.0536441
internal_weight=881.099 6.50805 874.591 872.721 326.413 43.0524 283.361 546.308 4.47369 38.5787 17.496 6.9311 10.5649 282.932 528.812 257.779 271.033 4.32486 3.36749 1.32249 2.045 1.86966 0.383921 0.366579 0.25813 1.79437 2.18318 0.957374 0.55197 1.85932
internal_count=181323 14423 166900 160506 35521 14837 20684 124985 2654 12183 1946 943 1003 20665 123039 31337 91702 13311 7148 1382 5766 6394 591 873 513 4782 1112 6163 5638 1067
is_linear=0
shrinkage=0.05


Tree=240
num_leaves=31
num_cat=0
split_feature=5 3 25 11 3 1 17 7 7 11 0 7 1 0 1 1 15 19 24 17 11 1 0 1 1 7 15 17 25 15
split_gain=1.02873 3.25972 7.14827 3.71293 4.43896 3.47598 3.30345 3.67026 3.20685 3.78353 4.28661 4.7648 3.69604 3.11118 1.87256 6.26792 5.0682 5.06044 6.3804 5.44426 5.57189 5.36044 4.88786 11.2265 6.29566 4.87465 4.87027 4.56237 3.9346 3.92283
threshold=1.0000000180025095e-35 0.83974358439445507 1.0000000180025095e-35 0.26794873178005224 0.76388889551162731 0.73334819078445446 0.67580080032348644 0.74133810400962841 0.80673459172248851 0.32575757801532751 0.72264957427978527 0.65261757373809826 0.91381365060806286 0.73727351427078258 0.95148211717605602 0.97503110766410839 0.70897582173347484 1.0000000180025095e-35 2.5000000000000004 0.20848321169614795 0.7379862666130067 0.8124559521675111 0.45889639854431158 0.89350745081901561 0.83648583292961132 0.88989898562431347 0.59763106703758251 0.58030202984809887 1.0000000180025095e-35 0.71222499012947094
decision_type=2 2 2 2 2 2 2 2 2 2 2 2 2 2 2 2 2 2 2 2 2 2 2 2 2 2 2 2 2 2
left_child=1 2 3 6 5 -5 7 -1 9 -3 11 -11 -10 -6 17 16 -16 28 19 21 -21 -19 24 -24 -20 29 27 -27 -2 -17
right_child=14 8 -4 4 13 -7 -8 -9 12 10 -12 -13 -14 -15 15 25 -18 18 22 20 -22 -23 23 -25 -26 26 -28 -29 -30 -31
leaf_value=-0.036898065048973576 0.07495691098987943 0.036769207607640936 0.08087058135055708 0.0011682823024886492 -0.010989821687911711 0.036997385833399961 -0.045773246960651971 0.00079885031942641548 0.057584296180724526 0.013120541088125402 0.053777639097289678 -0.078566582067731858 -0.0055736808511882294 -0.10831475975199939 0.021726926638320487 -0.069811330093428811 -0.0078419798234761594 0.12669379645390849 -0.018479051726594198 -0.023634726817540242 0.035305372426337335 0.023594741699973026 -0.049177458317376493 -0.0093186552901227179 0.057673414135828285 0.00045708571237956184 0.027894526819579657 -0.015714524272521246 0.0010720698475830011 0.050781274918844099
leaf_weight=8.0099657261171142 1.8220047782615427 5.0124126395530784 2.6390660325068884 14.496755792003574 2.9740184263246183 12.699346199756745 6.1554461010364312 33.30200887567662 8.2903578122240997 2.4731613765688962 1.5681758390946923 3.3180935410491657 3.2146515805334266 1.1343321491058302 58.11176547551986 4.1743296280728819 19.306430830308273 1.4925807670806559 6.5999384574315609 13.726003810632394 5.6645838051563251 8.1172366453029081 26.311659741887524 53.762442469816961 4.6095664792865136 342.00178753141699 14.509147304885117 49.988553657783996 163.26146757223523 0.80430598856764834
leaf_count=6924 2610 334 345 9319 354 3925 45046 7883 3476 2044 379 561 275 123 8885 594 8141 29 1978 2700 2237 237 2857 5991 1048 4494 13959 15284 28874 417
internal_value=5.30946e-05 0.00469019 -7.43241e-05 -0.00278619 0.0105809 0.0178988 -0.0116017 -0.00651019 0.0209353 0.00326493 -0.0195544 -0.0394115 0.0399371 -0.0378616 -0.000577478 0.00130114 0.0143531 -0.00379595 -0.0115962 0.00883452 -0.00641652 0.0396079 -0.018087 -0.0224159 0.0128363 -0.00115454 -0.000552267 -0.0016052 0.00188753 -0.0503294
internal_weight=879.552 105.288 81.4109 78.7719 31.3045 27.1961 47.4674 41.312 23.8769 12.3718 7.35943 5.79125 11.505 4.10835 774.264 488.896 77.4182 285.367 120.284 29.0004 19.3906 9.60982 91.2836 80.0741 11.2095 411.478 406.499 391.99 165.083 4.97864
internal_count=181323 80988 73919 73574 13721 13244 59853 14807 7069 3318 2984 2605 3751 477 100335 51774 17026 48561 17077 5203 4937 266 11874 8848 3026 34748 33737 19778 31484 1011
is_linear=0
shrinkage=0.05


Tree=241
num_leaves=31
num_cat=0
split_feature=21 11 15 15 11 15 17 15 23 7 23 24 1 1 23 1 23 0 0 0 15 0 8 7 23 23 23 3 24 23
split_gain=1.01099 2.14791 5.09963 32.407 3.25268 25.8489 8.11615 2.32584 2.3222 6.90756 5.13188 2.1536 3.09435 10.1628 22.4329 2.58671 1.18613 0.992048 2.70786 2.33705 2.70493 1.44167 4.89157 1.42104 1.36889 1.22385 2.31434 1.36252 0.717581 0.587423
threshold=1.0000000180025095e-35 0.45804196596145635 0.85019686818122875 0.85764944553375255 0.44722221791744238 0.16733333468437198 0.97969490289688121 0.86696165800094616 0.32142858207225805 0.63003221154212963 0.30079366266727453 7.5000000000000009 0.94616025686264049 0.94497668743133556 0.30769233405590063 0.91381365060806286 0.68301436305046093 0.26598639786243444 0.21778655797243121 0.26975052058696752 1.0000000180025095e-35 0.36899313330650335 0.41666667163372045 0.4246212244033814 0.16666667908430102 0.12150349840521814 0.42857144773006445 0.73214286565780651 1.5000000000000002 0.083683479577302947
decision_type=2 2 2 2 2 2 2 2 2 2 2 2 2 2 2 2 2 2 2 2 2 2 2 2 2 2 2 2 2 2
left_child=1 2 4 -4 8 -6 -7 -5 10 -10 -1 12 13 15 -15 -3 17 18 25 20 -19 22 -21 -23 28 27 -27 -2 -20 -22
right_child=16 11 3 7 5 6 -8 -9 9 -11 -12 -13 -14 14 -16 -17 -18 19 24 21 29 23 -24 -25 -26 26 -28 -29 -30 -31
leaf_value=0.0017341027087778014 -0.037666591653845734 0.027616707083058023 -0.98191539025870633 -0.13358554413184376 -1.4603828461455748 0.00034560356022997427 -0.49103402540682944 0.050735575405610502 -0.32939811177417799 0.036762172481206314 -0.082253297675340856 -0.078392497227651306 0.05038203092033551 -1.5500579949570088 -0.13232283622375149 -0.01446662448049614 0.037959062661397647 0.24418350121186802 -0.15189183980619991 -0.02902728308489182 -0.052995707461377564 -0.038810018453237206 0.028658646335829659 -0.001468735815470847 0.05090026235876776 0.061705080023698504 -0.09891123380482636 0.044301181157090815 -0.06268108573826299 0.061971153412513649
leaf_weight=264.71724849582006 2.0232557572007859 10.97269414709764 0.096853940289291951 0.25789795807213522 0.033087572577641278 0.98536957926626179 0.091868953128141584 0.50879922345484374 0.13121098332339798 7.0149677652480023 1.8313966258210701 0.57696576587477366 5.9549921315683596 0.031235982378347127 0.26141435998579254 5.4726354840649938 1.9306691856181704 0.2007003080798303 0.25252139872554913 5.0901678754016784 0.15426856577278159 2.5597085004546889 13.217488254292219 548.02832083181193 0.2495585234628378 1.4507659717564818 0.26529030935307663 0.67650415586831503 2.0996763761118018 0.39713250751992746
leaf_count=17186 13017 13294 32 27 4 414 16 146 20 2967 316 54 13625 33 123 4486 9011 20 86 7459 653 299 13897 77151 117 108 46 121 6577 18
internal_value=5.37697e-05 0.00241484 0.00118346 -0.120131 0.00156468 -0.0838409 -0.0415602 -0.0112655 0.00191116 0.0300391 0.00115704 0.0170024 0.0194278 0.00841502 -0.283645 0.0136123 -0.0011661 -0.0012971 -0.0199817 -0.00106692 0.0870134 -0.00118336 0.0126199 -0.00164234 -0.0604451 0.00385891 0.0368749 -0.0171272 -0.0722584 0.0298062
internal_weight=877.535 298.939 275.669 0.863551 274.805 1.11033 1.07724 0.766697 273.695 7.14618 266.549 23.2699 22.693 16.738 0.29265 16.4453 578.596 576.665 7.01757 569.648 0.752101 568.896 18.3077 550.588 2.60176 4.41582 1.71606 2.69976 2.3522 0.551401
internal_count=181323 52743 21128 205 20923 434 430 173 20489 2987 17502 31615 31561 17936 156 17780 128580 119569 20072 99497 691 98806 21356 77450 6780 13292 154 13138 6663 671
is_linear=0
shrinkage=0.05


Tree=242
num_leaves=31
num_cat=0
split_feature=12 0 0 7 7 17 2 2 15 17 15 1 15 1 15 1 23 7 7 23 17 17 12 7 23 27 23 7 11 0
split_gain=0.988366 2.86257 3.98445 5.95417 3.71505 10.688 3.16254 2.12152 4.09521 5.04092 4.68733 2.15945 3.26334 2.97891 2.41757 2.10789 1.72983 3.39823 10.6282 3.21532 2.24527 13.7492 1.72912 3.06474 6.63509 3.0326 1.98409 2.58306 1.65356 2.02358
threshold=0.21111111342906955 0.66927084326744091 0.57259953022003185 0.86996778845787059 0.74527630209922802 0.98496156930923473 0.68333333730697643 0.76388889551162731 0.91499397158622753 0.97073099017143261 0.92508503794670116 0.94667077064514171 0.45852446556091314 0.91688472032547008 0.44130896031856542 0.70972740650177013 0.047809526324272163 0.93813776969909679 0.93969696760177623 1.0000000180025095e-35 0.90038165450096141 0.90254694223403942 1.0000000180025095e-35 0.73401361703872692 0.17349498718976977 1.0000000180025095e-35 0.18786764889955523 0.90399384498596203 0.91485509276390087 0.72821971774101268
decision_type=2 2 2 2 2 2 2 2 2 2 2 2 2 2 2 2 2 2 2 2 2 2 2 2 2 2 2 2 2 2
left_child=22 2 16 4 6 -6 -4 8 28 -10 -11 13 14 -9 -13 -5 17 19 -19 -2 -18 -22 25 24 -24 -1 27 -25 29 -3
right_child=1 7 3 15 5 -7 -8 11 9 10 -12 12 -14 -15 -16 -17 20 18 -20 -21 21 -23 23 26 -26 -27 -28 -29 -30 -31
leaf_value=-0.16074130027806269 0.020914407971941003 0.0084758393731214528 -0.031636364510155862 0.17445529878800489 -0.058857617147076706 -0.42547026025190898 0.05285731870977961 0.051262518680922103 0.051481189185607672 -0.28039982527476076 -0.054737767569782603 0.0042961349828796631 0.052449207565161193 -0.04581605044478685 -0.12129293479628384 0.024171497792787565 0.029599486362966228 -0.72862761905743012 -0.056190353444947605 -0.059985437041025873 -0.74064929344607133 -0.00052417852664431619 -0.071629466623896645 -0.05614267174209904 -0.5509418793380233 -0.00033501294071809092 -0.062771317604063834 0.056535434051771895 -0.035391051399739665 0.039673817495992914
leaf_weight=0.29476828497717988 4.4516925849047793 7.5562062240296752 9.163124612159665 0.25117684668657547 4.0136274099859284 0.20916223760741548 1.2597092153991969 0.98025000673442164 0.86175062861821006 0.29240233353266365 1.0802925657062585 31.400193575380403 3.6881931332709419 4.0763638940597957 0.38792503444346849 3.2831523661470783 11.029866610268074 0.064428184294229029 0.6681304069215912 1.6961635555790051 0.063410331271369524 6.0175839562989495 0.5775791752830618 0.80484882346900199 0.082517445087432861 762.71360688160894 1.3087422472890464 1.3819315206346798 1.009046935488185 16.652115956604575
leaf_count=19 8719 2961 3314 27 875 131 629 1221 1591 30 2675 3427 13487 1367 152 2534 5588 24 289 709 60 5963 233 176 1 105400 26 219 1980 17496
internal_value=6.37661e-05 0.00449261 -0.00574131 -0.0233967 -0.0374534 -0.0770166 -0.0214244 0.0108407 0.0215734 -0.0433031 -0.102807 0.00357183 0.00792894 -0.0269969 0.00276351 0.0348518 0.00763744 -0.0135351 -0.115331 -0.00140547 0.0161511 -0.00824193 -0.000572165 -0.0327373 -0.131547 -0.000396982 -0.0140779 0.015064 0.0273219 0.0299359
internal_weight=877.32 110.156 42.1712 18.18 14.6456 4.22279 10.4228 67.9847 27.4518 2.23445 1.37269 40.5329 35.4763 5.05661 31.7881 3.53433 23.9913 6.88041 0.732559 6.14786 17.1109 6.08099 767.164 4.15562 0.660097 763.008 3.49552 2.18678 25.2174 24.2083
internal_count=181323 75249 28862 7510 4949 1006 3943 46387 26733 4296 2705 19654 17066 2588 3579 2561 21352 9741 313 9428 11611 6023 106074 655 234 105419 421 395 22437 20457
is_linear=0
shrinkage=0.05


Tree=243
num_leaves=31
num_cat=0
split_feature=8 0 9 7 2 0 0 23 8 7 7 18 17 0 7 7 7 8 0 7 7 6 2 0 24 23 9 7 3 2
split_gain=0.969531 1.6763 1.43534 1.02229 1.05375 0.969942 3.17142 3.18379 2.7739 4.38107 5.8374 1.94345 2.02725 1.67064 9.07589 6.47439 6.82734 6.10701 5.68441 7.51229 5.48719 6.86656 11.4958 9.64611 6.67893 4.14401 3.6487 2.9342 1.38482 1.36312
threshold=0.29166667163372045 0.44151847064495092 1.0000000180025095e-35 0.22653958946466449 0.31666667759418493 0.36899313330650335 0.35781671106815344 0.20000001043081286 0.41666667163372045 0.56711712479591381 0.56430935859680187 1.0000000180025095e-35 0.20848321169614795 0.65261757373809826 0.84877073764801036 0.74133810400962841 0.78647416830062877 0.75000000000000011 0.63211598992347728 0.85839599370956432 0.86285266280174266 1.0000000180025095e-35 0.86607143282890331 0.73727351427078258 4.5000000000000009 0.29372550547122961 1.0000000180025095e-35 0.83484846353530895 0.73214286565780651 0.73030304908752453
decision_type=2 2 2 2 2 2 2 2 2 2 2 2 2 2 2 2 2 2 2 2 2 2 2 2 2 2 2 2 2 2
left_child=1 3 -3 -1 -5 6 7 11 28 10 -10 12 -2 14 15 17 -17 -7 26 -20 24 23 -23 -22 25 -15 -16 -26 -8 -9
right_child=5 2 -4 4 -6 13 8 29 9 -11 -12 -13 -14 20 18 16 -18 -19 19 -21 21 22 -24 -25 27 -27 -28 -29 -30 -31
leaf_value=0.038904479628924474 0.030371580036508208 0.058936119110432041 -0.045021109230230311 -0.039831035230490169 0.049335142602163262 -0.011545973050226694 -0.055745849178893851 0.052075435333297421 0.11683460545435703 0.038595881607077047 0.51784873787860397 -0.020703545498241136 -0.012323980395492928 0.025010457402953337 0.02030759549426904 -0.060578535924133849 -0.014003360630853546 0.025346298071610575 -0.21949392311818469 -0.018379468810242865 0.021314132694130457 0.022665184750174889 -0.0019051580070832471 -0.026860328536084856 -0.028615738894099869 0.0035218568993734566 -0.023094221052683092 0.050163619711446422 0.052004773964277801 -0.043959205358197008
leaf_weight=0.91078368762919071 5.5048276785019041 2.6853740192132141 0.37888295846551034 1.8503873283207215 0.4036170540475722 66.835074012368295 0.87434582515834225 3.6216961631407676 0.68118015595427994 3.223063025141073 0.10469650883442227 11.192726695091096 5.6172673930036581 53.688024891308487 48.882445410388755 12.606851240228933 20.933725395353576 13.480010837736698 0.50845701358593842 5.3501824450895583 13.13375738941704 53.342396251655373 442.63256048267067 49.758259289394118 12.552837548508249 38.542825513851312 5.3748603375079247 1.3048260349260079 0.45251786455082765 0.41148434456044913
leaf_count=6163 280 1702 688 5536 334 18984 476 1358 229 1511 9 22037 10351 5817 16029 4539 6110 3044 68 1167 2584 12777 33721 9309 700 12210 2860 184 54 492
internal_value=6.6428e-05 0.0197223 0.0460822 -0.00580032 -0.0238643 -7.42057e-05 0.00851344 0.00139468 0.0436656 0.0644059 0.170259 -0.00599449 0.00880798 -0.000398536 -0.00476075 -0.0130591 -0.0315095 -0.00535401 0.0109558 -0.0358337 0.000742745 -0.00123618 0.000737397 -0.0168 0.0111676 0.0160305 0.0160081 -0.0211979 -0.0189982 0.0422775
internal_weight=876.84 6.22905 3.06426 3.16479 2.254 870.611 31.6838 26.348 5.3358 4.00894 0.785877 22.3148 11.1221 838.927 173.972 113.856 33.5406 80.3151 60.1159 5.85864 664.955 558.867 495.975 62.892 106.089 92.2309 54.2573 13.8577 1.32686 4.03318
internal_count=181323 14423 2390 12033 5870 166900 36797 34518 2279 1749 238 32668 10631 130103 52801 32677 10649 22028 20124 1235 77302 58391 46498 11893 18911 18027 18889 884 530 1850
is_linear=0
shrinkage=0.05


Tree=244
num_leaves=31
num_cat=0
split_feature=22 11 15 1 1 8 11 11 24 15 18 15 23 2 23 11 23 23 24 23 15 17 23 15 15 2 17 15 17 17
split_gain=0.966687 2.01178 2.00768 3.50163 3.36594 3.07724 2.61835 2.49908 2.27531 3.32523 2.18333 2.10827 1.1273 1.09078 3.59942 2.21951 1.04791 2.11096 1.18221 0.929341 0.892252 3.43441 4.4894 2.93637 10.6963 6.87188 4.37565 2.06896 4.08383 2.29115
threshold=1.0000000180025095e-35 0.56696429848670971 0.7009827494621278 0.9778001904487611 0.97693160176277172 0.41666667163372045 0.36602871119976049 0.55902779102325451 4.5000000000000009 0.39408509433269506 1.0000000180025095e-35 0.62547710537910473 0.73401361703872692 0.31666667759418493 0.16666667908430102 0.68585526943206798 0.47673161327838903 0.49106858670711523 4.5000000000000009 0.48819445073604589 0.95480081439018261 0.99707603454589855 0.38461540639400488 0.92113238573074352 0.92508503794670116 0.78888890147209179 0.95130419731140148 0.86424162983894359 0.91901826858520519 0.85762548446655285
decision_type=2 2 2 2 2 2 2 2 2 2 2 2 2 2 2 2 2 2 2 2 2 2 2 2 2 2 2 2 2 2
left_child=12 2 6 4 5 -4 8 11 10 -10 -2 -8 20 14 -3 -16 -15 19 -19 -18 23 -22 -23 27 25 -25 -26 29 -29 -1
right_child=1 13 3 -5 -6 -7 7 -9 9 -11 -12 -13 -14 16 15 -17 17 18 -20 -21 21 22 -24 24 26 -27 -28 28 -30 -31
leaf_value=-0.00019834522538048172 -0.0040811922303581804 0.051171774160394562 0.051308823506586866 0.051315082270933836 -0.2412066464458803 -0.024761875861374363 0.035701197799369221 -0.13741165469279953 0.027525678899920542 -0.040128954247143661 0.0056729521075096021 -0.0048651615311449551 0.050390001789822114 0.040718913774637787 -0.17556672617105243 0.050232713505535757 -0.010039572086520412 0.050809628376334619 -0.013045215183042037 -0.10605681077451248 0.040490104125808737 -0.077803690581204898 0.037524629369242203 -0.10472662491959861 0.052664125559486345 -0.40614502694129717 -0.031677526842592424 0.034834110518883118 -0.0072193423538384127 -0.0089985838633271399
leaf_weight=447.85587362204615 132.61537921739728 0.75083686054403986 1.4480390341468687 1.8660530997804006 0.17135213622532219 16.230618898625835 11.61545309773283 0.24186995345371443 14.734026797261324 2.0715690211072788 101.10986451646568 4.4222074126901125 1.0598943682052766 6.3488531595048681 0.41386359951866325 0.14765926751715597 0.54671859810696311 2.0759702848799866 1.1137186792002465 0.46750521129433764 5.1616510328967689 1.8179441420543301 1.5748102672750972 1.4593431961638978 2.3362483976270596 0.21724228827224568 4.4995255002941121 11.451019940493099 11.642711306809359 88.591791006800577
leaf_count=67644 7343 3820 431 1118 30 2557 6611 43 728 288 5682 2369 7728 9310 23 450 258 9881 1724 77 1460 1226 1999 144 1077 18 451 3144 1215 42474
internal_value=6.55512e-05 0.00237651 0.00154106 -0.0138556 -0.0206686 -0.018531 0.0026788 0.0221097 0.00141618 0.0191861 0.000138464 0.0245155 -0.00112816 0.0225515 -0.0204378 -0.11619 0.0278977 0.00853482 0.0285139 -0.0542986 -0.00122286 0.0148049 -0.0242719 -0.00146423 -0.0306098 -0.143783 -0.00285225 -0.00102083 0.0136329 -0.00165166
internal_weight=876.06 298.392 286.526 19.7161 17.85 17.6787 266.81 16.2795 250.531 16.8056 233.725 16.0377 577.668 11.8651 1.31236 0.561523 10.5528 4.20391 3.18969 1.01422 576.608 8.55441 3.39275 568.054 8.51236 1.67659 6.83577 559.541 23.0937 536.448
internal_count=181323 52743 27200 4136 3018 2988 23064 9023 14041 1016 13025 8980 128580 25543 4293 473 21250 11940 11605 335 120852 4685 3225 116167 1690 162 1528 114477 4359 110118
is_linear=0
shrinkage=0.05


Tree=245
num_leaves=31
num_cat=0
split_feature=2 3 0 21 12 23 11 9 3 8 23 0 0 0 0 0 11 13 11 11 11 7 0 17 7 11 5 17 11 17
split_gain=0.93995 1.10626 1.08578 0.895976 1.97838 3.99662 2.05498 1.97824 6.65284 2.79019 1.06965 0.949381 2.54129 2.06496 0.73302 0.68377 0.19562 0.171966 0.0420513 0.0178204 0.0142639 0.000144051 0.000165705 7.74818e-05 1.00349e-05 9.39499e-06 4.61291e-06 1.7628e-06 1.35285e-06 2.93428e-06
threshold=1.0000000180025095e-35 0.30952382087707525 0.66927084326744091 1.0000000180025095e-35 0.41428571939468389 0.12552521377801898 0.077935222536325469 1.0000000180025095e-35 0.96153846383094799 0.75000000000000011 0.73401361703872692 0.26598639786243444 0.21778655797243121 0.26975052058696752 0.87138131260871898 0.99107143282890331 0.1695402339100838 0.75000000000000011 0.092329546809196486 0.93541666865348827 0.19292803853750232 0.80673459172248851 0.8019607961177827 0.30805176496505743 0.85053193569183361 0.11651583760976793 1.0000000180025095e-35 0.368892252445221 0.34057971835136419 0.7616863250732423
decision_type=2 2 2 2 2 2 2 2 2 2 2 2 2 2 2 2 2 2 2 2 2 2 2 2 2 2 2 2 2 2
left_child=14 2 17 4 7 6 -6 9 -9 -3 11 12 -5 -13 18 -7 23 19 -1 20 -2 22 -12 -16 -23 -20 -25 -28 29 -27
right_child=1 3 -4 10 5 15 -8 8 -10 -11 21 13 -14 -15 16 -17 -18 -19 25 -21 -22 24 -24 26 -26 28 27 -29 -30 -31
leaf_value=0.023950406178099192 -0.050114937036504853 -0.0046675295489279562 0.05394308355940837 0.0057193949094594991 0.011521940269024152 0.047846626943877014 -0.026132782758969887 0.041667829853113639 -0.0067949178294033734 0.0098217258818458237 0.05042187277667215 0.081125339502350041 -0.060411848890700871 -0.0010661376654631221 -0.052260329108415361 0.020020459798809578 0.050217450767749222 -0.0043571874665072306 0.050688514823088331 0.050167015070346245 -0.059605614702414413 0.050692177255213716 0.053471318377452594 -0.050798397330074518 0.050037501480078343 0.050039493031384052 -0.050569629896789016 -0.050161059053613614 0.050033290271345357 0.050312789524471949
leaf_weight=0.17117166537354878 0.66791079627910133 50.455214598667226 0.28892133385670593 3.6116651356778666 12.115218886756344 7.2907729792132141 5.1693342901689894 7.5551461519644354 112.98152161671169 97.303218452514557 0.11266263590368797 0.76521322617645537 2.4302286921570158 567.38812100210362 0.08044021576642979 3.1665871325967601 0.057731813727514236 0.18275300974710251 0.06283499916025892 0.0039816023781896739 0.97209958530038421 0.063425638313674426 0.073684291895915521 0.056810101523296908 0.75877191320250859 0.26873678256742994 0.035310596693307161 0.10462082142475992 1.0349676898058531 0.15478082892877865
leaf_count=38 15509 3988 22 6048 195 25836 938 942 4564 5410 551 472 4609 86848 2 4800 109 30 26 1 186 323 8 11 6846 1168 4 69 11549 221
internal_value=6.68155e-05 -1.21246e-05 -0.0361239 7.5567e-05 0.00231062 0.0150219 0.000260449 0.000996256 -0.00375731 0.00487407 -0.00107473 -0.0011651 -0.0208806 -0.000955439 0.0340723 0.0394206 -0.0335134 -0.0503691 0.0474462 -0.0554839 -0.0557404 0.0503725 0.0516277 -0.050953 0.050088 0.0500899 -0.0504184 -0.0502642 0.0500641 0.0501394
internal_weight=875.384 873.356 2.11567 871.241 296.037 27.7419 17.2846 268.295 120.537 147.758 575.204 574.195 6.04189 568.153 2.02741 10.4574 0.334914 1.82674 1.69249 1.64399 1.64001 1.00854 0.186347 0.277182 0.822198 1.52132 0.196742 0.139931 1.45849 0.423518
internal_count=181323 168126 15748 152378 46673 31769 1133 14904 5506 9398 105705 97977 10657 87320 13197 30636 195 15726 13002 15696 15695 7728 559 86 7169 12964 84 73 12938 1389
is_linear=0
shrinkage=0.05


Tree=246
num_leaves=31
num_cat=0
split_feature=1 1 9 5 3 25 2 11 11 0 1 1 1 9 0 2 15 7 11 0 11 11 11 11 7 11 15 7 24 2
split_gain=0.94565 1.32527 2.74728 1.13732 2.73566 6.5417 3.91781 3.48596 2.9853 4.55697 3.2589 1.6576 5.49521 5.09418 9.63711 4.99479 4.5941 3.94803 0.584527 0.535261 0.381057 0.20026 0.160015 0.117157 0.0423859 0.00783763 0.00696529 0.00180035 0.000497537 0.000656665
threshold=0.40484943985939031 0.5794808864593507 1.0000000180025095e-35 1.0000000180025095e-35 0.83974358439445507 1.0000000180025095e-35 0.20714285969734195 0.57518798112869274 0.32575757801532751 0.72264957427978527 0.91381365060806286 0.95148211717605602 0.97503110766410839 1.0000000180025095e-35 0.63714733719825756 0.63068181276321422 0.70897582173347484 0.88989898562431347 0.70710784196853649 0.13100686669349673 0.70185184478759777 0.22401433438062671 0.22401433438062671 0.045983087271451957 0.78404876589775097 0.092329546809196486 0.35319472849369055 0.32200460135936743 1.5000000000000002 0.12916667014360431
decision_type=2 2 2 2 2 2 2 2 2 2 2 2 2 2 2 2 2 2 2 2 2 2 2 2 2 2 2 2 2 2
left_child=23 2 18 4 5 7 -7 -3 10 -10 -6 13 16 15 -15 -5 -13 -14 19 21 -21 -2 27 -1 25 -25 -24 -4 -27 -30
right_child=1 3 22 11 8 6 -8 -9 9 -11 -12 12 17 14 -16 -17 -18 -19 -20 20 -22 -23 26 24 -26 28 -28 -29 29 -31
leaf_value=-0.050131379581312363 -0.036242628382457669 -0.0065889039551369757 0.015904174483329588 -0.0045283056028860317 0.051535243103745923 0.29199993241093536 0.06208845834056273 0.023279942303842546 -0.023957761323344172 0.052286980174335453 -0.0073606616441403349 0.020741465268198509 -0.044186278292867254 -0.072376364908505339 -0.0092850167519406938 0.012402158010220684 -0.007496598851661037 -0.00045327756018466182 0.050796637725364371 -0.052319530571120688 -0.11741848957408799 0.050945865068540465 0.062727432573504702 0.01552808495704866 0.072487745079838489 0.050089764700012612 0.050180589026760015 -0.050048092545702721 0.050020876514108928 0.012245312578685302
leaf_weight=0.025170787750538604 0.11093067993715511 62.302335793160637 0.0010668088398232403 165.11445427721719 9.3780156328175526 0.20183542635641005 2.2609650649919786 11.584846241011745 6.4208178146582195 2.8206312824149791 3.1335919988996457 56.988707330930993 5.2271144682599688 6.8283251814937094 53.283918728848221 59.175975543999812 19.275310442530099 405.69292512009997 0.14571745839657513 2.7845017364275013 0.2445334513686247 0.16209336663268914 0.62921087487120531 0.017371175821608631 0.34023933184016641 0.3693457748313449 0.13420747731470328 0.034437362680819206 0.0026624675347193252 0.0020257480155123631
leaf_count=137 803 48038 17 30994 611 5 340 4395 4028 1606 97 8885 1011 927 5261 11379 8141 33737 931 12437 2 234 37 38 36 6379 220 543 20 34
internal_value=6.44841e-05 1.61045e-05 -0.0278476 0.000152163 0.00522301 0.00076629 0.0809305 -0.00190574 0.0208654 -0.000686703 0.0367845 -0.000492568 0.0012781 -0.00352574 -0.0164517 -6.14333e-05 0.0136045 -0.00100958 -0.0472064 -0.0515312 -0.057575 0.0155209 0.0556961 0.0559311 0.05958 0.0483595 0.0605217 -0.0480664 0.0498843 0.0336983
internal_weight=874.693 873.936 4.2467 869.69 98.103 76.35 2.4628 73.8872 21.7531 9.24145 12.5116 771.587 487.184 284.403 60.1122 224.29 76.264 410.92 3.44778 3.30206 3.02904 0.273024 0.798923 0.756815 0.731644 0.391405 0.763418 0.0355042 0.374034 0.00468822
internal_count=181323 174679 15224 159455 59120 52778 345 52433 6342 5634 708 100335 51774 48561 6188 42373 17026 34748 14407 13476 12439 1037 817 6644 6507 6471 257 560 6433 54
is_linear=0
shrinkage=0.05


Tree=247
num_leaves=31
num_cat=0
split_feature=7 7 0 15 0 15 1 0 11 0 0 21 19 7 7 23 1 0 2 23 2 0 0 23 8 23 12 23 15 0
split_gain=0.92094 1.38779 2.7772 3.11272 7.82979 4.91657 2.65915 2.23252 2.20538 4.39525 3.30294 1.75068 1.79855 1.63027 1.37483 2.21915 3.9981 3.15802 2.95284 2.61102 1.28644 5.01404 2.22147 1.23431 3.00804 2.59194 2.03996 1.62261 16.1556 3.03693
threshold=0.51668518781661998 0.4246212244033814 0.47114317119121557 0.6580072045326234 0.47673159837722784 0.66522988677024852 0.64942356944084179 0.39173060655593878 0.13100686669349673 0.35781671106815344 0.36055555939674383 1.0000000180025095e-35 1.0000000180025095e-35 0.38529014587402349 0.52679425477981578 0.17349498718976977 0.90296462178230297 0.52206358313560497 0.37980769574642187 0.58257576823234569 0.2264957278966904 0.39173060655593878 0.32037734985351568 0.45773810148239141 0.75000000000000011 0.46915762126445776 0.76388889551162731 0.44543653726577764 0.17407773435115817 0.8019607961177827
decision_type=2 2 2 2 2 2 2 2 2 2 2 2 2 2 2 2 2 2 2 2 2 2 2 2 2 2 2 2 2 2
left_child=1 7 6 -4 -5 -6 -3 8 9 -1 -11 -9 -13 -10 15 16 18 -18 -2 -17 21 -8 -22 27 25 -25 -27 -16 -29 -30
right_child=14 2 3 4 5 -7 20 11 13 10 -12 12 -14 -15 23 19 17 -19 -20 -21 22 -23 -24 24 -26 26 -28 28 29 -31
leaf_value=-0.043448803661772673 -0.059747113544991771 -0.037936797551148115 0.02919551332372174 -0.51724713085713192 -0.33665133871184105 -0.016283871679307241 -0.064350431341227296 0.047603321515141753 0.049403190537437344 0.28890207784069954 0.027680811115137371 -0.012297835532486281 -0.13714189639442406 -0.035058884110881705 -0.00029940661448677483 0.055069646868750835 -0.28381755425483624 -0.061261904678078939 0.071911916432132267 -0.12636684224867342 0.14722201517126907 0.068158691791594048 0.048129557419724411 0.055518319354120306 0.028071102996824894 -0.010877919407811609 0.050119383556090261 -0.4896089639956645 -0.038644850924790863 0.051106336302308757
leaf_weight=3.2392365711398292 1.4676021764144023 1.0865651605672599 2.277239386371547 0.087522832300237829 0.12716521514812518 2.0560352874163073 1.1248869286800967 0.29810842565984774 2.9983095873990355 0.17352862577081385 0.39983874295921851 0.4775792996970265 0.72862093928779359 0.70580298308686895 805.38798330970985 1.1189020187757703 0.29723876288335294 0.34371614470546774 0.59997204656247038 0.24099932120952861 0.64720610667973222 1.9539599142863151 4.4849218796116475 1.8154385189591291 13.136914848116247 20.007095805558496 1.4715075523654366 0.18362719734795874 3.0574527903190756 1.3625712330613167
leaf_count=3849 869 4374 436 40 4 576 1059 189 8011 24 137 109 57 296 122641 214 35 21 39 35 57 441 989 593 24471 1729 8982 14 419 613
internal_value=6.31877e-05 0.00996522 0.0199079 -0.0121101 -0.0535343 -0.0349444 0.0355698 -0.00529492 0.00583248 -0.0208625 0.106739 -0.0608962 -0.0877115 0.0333093 -0.000203041 -0.0291992 -0.0553652 -0.164471 -0.0215421 0.0229158 0.045297 0.0197452 0.060626 -6.36674e-05 0.00893946 -0.00185002 -0.00669897 -0.000468601 -0.0300684 -0.010977
internal_weight=873.358 22.8665 13.8455 4.54796 2.27072 2.1832 9.29754 9.02103 7.51672 3.8126 0.573367 1.50431 1.2062 3.70411 850.491 4.06843 2.70853 0.640955 2.06757 1.3599 8.21097 3.07885 5.13213 846.423 36.431 23.294 21.4786 809.992 4.60365 4.42002
internal_count=181323 20648 7976 1056 620 580 6920 12672 12317 4010 161 355 166 8307 160675 1213 964 56 908 249 2546 1500 1046 159462 35775 11304 10711 123687 1046 1032
is_linear=0
shrinkage=0.05


Tree=248
num_leaves=31
num_cat=0
split_feature=8 1 15 0 0 11 8 1 0 2 6 0 12 12 17 3 3 17 2 17 11 24 0 15 11 1 15 11 12 1
split_gain=0.909934 1.75085 0.941199 0.901904 2.74271 2.68674 2.34071 1.53921 1.40181 7.44148 6.66455 2.91259 4.12265 2.79989 1.33768 1.27101 0.625036 1.1405 0.988557 0.735345 0.58199 0.558489 0.3448 0.126727 0.10384 0.0918441 0.0499479 0.238628 0.0411105 0.03455
threshold=0.29166667163372045 0.84715291857719432 0.97067421674728405 0.36899313330650335 0.35781671106815344 0.57518798112869274 0.41666667163372045 0.63889467716217052 0.65261757373809826 0.88194444775581371 1.0000000180025095e-35 0.66927084326744091 0.30952382087707525 0.21111111342906955 0.96011361479759227 0.73214286565780651 0.73214286565780651 0.35069781541824346 1.0000000180025095e-35 0.89753684401512157 0.40454545617103582 4.5000000000000009 0.63211598992347728 0.98473194241523754 0.21240601688623431 0.8494696617126466 1.0000000180025095e-35 0.13100686669349673 0.46428571641445165 0.69493964314460765
decision_type=2 2 2 2 2 2 2 2 2 2 2 2 2 2 2 2 2 2 2 2 2 2 2 2 2 2 2 2 2 2
left_child=1 16 3 4 5 14 15 -8 9 10 -5 12 -10 -13 -2 -6 18 -18 -1 24 28 -4 -23 -21 -19 -3 -27 -28 -20 -11
right_child=2 25 21 8 6 -7 7 -9 11 29 -12 13 -14 -15 -16 -17 17 19 20 23 -22 22 -24 -25 -26 26 27 -29 -30 -31
leaf_value=0.050018681762809838 -7.324621198472498e-06 0.081944682446210754 0.050841233202641306 -0.0025358084425038101 -0.054882740903881393 0.052902434377009623 0.175321404758396 0.051218496779529325 0.035650590705137798 0.0007858551759166027 -0.032307080658216046 -0.0010348393888552551 -0.026374474685156336 0.0098233171853319527 -0.043164799317174186 0.051082597490384421 0.061155549119833334 -0.062971646745001747 -0.056259546865891935 0.045082402681284842 0.052836910602584719 -0.052123508799201905 0.050438815172888757 -0.013128787428213684 -0.026036088744937971 0.065427806763853777 -0.050156306521734084 0.052189147379780754 -0.0062295503255769902 0.051967376090835085
leaf_weight=0.36437716034288259 21.36149971500846 0.31900542242101471 1.3975925887925758 145.06838403198299 0.82797215604250485 2.3094285184888568 0.26748054161134849 3.7898558564083942 12.135654524348864 0.033165978396026641 21.596719366872094 580.24918200861794 3.4380333812741801 66.137248596948666 1.9602424555573623 0.42991956168771139 0.89120184500643551 0.36869899963858166 1.1394940368045352 0.42330480848431762 0.14151966744975641 0.24789794069693005 0.12241215769063274 0.12000242638532654 0.39325270241170074 0.53169234306551505 0.060023852503945707 1.113632430331563 0.042596155099999922 5.6739231534320425
leaf_count=6779 28312 45 5803 34675 475 2054 608 1115 920 40 13496 28684 1289 42158 3657 45 24 129 4634 557 34 83 508 998 116 18 104 945 40 2978
internal_value=6.37394e-05 0.0196184 -6.95229e-05 -0.000143986 0.0082378 0.00145933 0.040925 0.0594 -0.000454877 -0.00447118 -0.00639362 0.000590956 0.021958 7.61502e-05 -0.0036348 -0.0186661 -2.98476e-05 0.0175526 -0.0229087 -0.0122184 -0.042985 0.0363755 -0.0182198 0.0322251 -0.0439087 0.0573206 0.0527144 0.0469549 -0.0544567 0.0516699
internal_weight=872.955 5.9088 867.047 865.279 30.9464 25.6312 5.31523 4.05734 834.332 172.372 166.665 661.96 15.5737 646.386 23.3217 1.25789 3.88445 2.19646 1.68799 1.30526 1.32361 1.7679 0.37031 0.543307 0.761952 2.02435 1.70535 1.17366 1.18209 5.70709
internal_count=181323 14423 166900 160506 36266 34023 2243 1723 124240 51189 48171 73051 2209 70842 31969 520 13311 1824 11487 1800 4708 6394 591 1555 245 1112 1067 1049 4674 3018
is_linear=0
shrinkage=0.05


Tree=249
num_leaves=31
num_cat=0
split_feature=1 1 9 5 3 25 3 23 7 15 0 1 1 18 1 15 25 15 23 2 8 23 23 0 15 2 15 3 2 0
split_gain=0.868192 1.21469 2.49163 1.06372 2.47555 6.06921 4.57151 3.404 2.84599 3.86337 3.50892 1.50664 4.96597 4.60055 5.08943 4.24945 3.73547 3.61343 0.740669 0.562854 0.487208 0.141603 0.0631666 0.0704299 0.0277254 0.00596502 0.00530051 0.000931986 0.000987917 0.00037557
threshold=0.40484943985939031 0.5794808864593507 1.0000000180025095e-35 1.0000000180025095e-35 0.83974358439445507 1.0000000180025095e-35 0.36666667461395269 0.030457639135420326 0.80673459172248851 0.17673087120056155 0.91366460919380199 0.95148211717605602 0.97503110766410839 1.0000000180025095e-35 0.77524530887603771 0.70897582173347484 1.0000000180025095e-35 0.59763106703758251 0.16666667908430102 1.0000000180025095e-35 0.75000000000000011 0.071714289486408248 0.14048793911933902 0.16823899745941165 1.0000000180025095e-35 0.31666667759418493 0.35319472849369055 0.46428571641445165 0.19090909510850909 1.0000000180025095e-35
decision_type=2 2 2 2 2 2 2 2 2 2 2 2 2 2 2 2 2 2 2 2 2 2 2 2 2 2 2 2 2 2
left_child=22 2 18 4 5 7 -7 -3 9 -6 -10 13 15 14 -5 -13 -15 -14 19 -2 -21 -4 23 24 -1 29 -23 28 -25 -26
right_child=1 3 21 11 8 6 -8 -9 10 -11 -12 12 17 16 -16 -17 -18 -19 -20 20 -22 26 -24 27 25 -27 -28 -29 -30 -31
leaf_value=-0.050310202204470723 0.050106269370463766 -0.012858326925941525 -0.050041803916972119 0.10577027337770116 0.058757341082434682 0.34060434021444297 0.061148035015913219 0.0086719538117511607 0.055989667918040609 -0.014091962423445648 -0.0085248966262733931 0.019934149040435122 -0.0018813819660256099 0.075495394019414186 -0.011763191795621755 -0.0072442500249857364 0.0012786178029764968 0.022771713154084133 0.050747843575724177 -0.065563746652865962 -0.014100223792373967 0.061298527684255692 0.072638497116627607 0.0049492132258637106 0.050273483846448599 -0.050016614495405398 0.050109711235038157 -0.050053348081118436 -0.050048012652512831 0.043974716839137389
leaf_weight=0.0071060972404656244 0.13063969594895741 35.384488255976066 0.030866525627061381 0.92828135636227571 2.3302309138925947 0.15671731741531347 2.2106955447807195 38.152531821107914 7.7440664954874574 8.3106035114114984 2.8957726481485224 56.278774521078958 395.58345217292845 1.7133015002136733 118.34615446203316 19.319267394997041 162.56833560301129 15.443629528357631 0.18767879989718483 2.449568018989567 0.56619031376885676 0.59553639209480025 0.3086861133488128 0.00172513397046714 0.33561533652755315 0.0015020830942376042 0.12872982697263069 0.018203160649136407 0.0015503631693718489 0.025461095237915288
leaf_count=2 1097 45691 558 337 156 4 341 6742 3465 2496 225 8885 20203 2610 16740 8141 28874 14545 419 10466 2425 39 46 36 6037 9 220 91 6 417
internal_value=6.15139e-05 1.68084e-05 -0.0271702 0.000144982 0.0050742 0.00084883 0.0796474 -0.00168797 0.0201454 0.00186127 0.0384312 -0.000477011 0.0012111 -0.00337406 -0.0108485 0.0129886 0.00205263 -0.000955085 -0.0457446 -0.0515003 -0.0559018 0.05484 0.0557289 0.0423848 0.0474988 0.0494157 0.0593098 -0.0456352 -0.0210822 0.0498293
internal_weight=872.155 871.456 4.08921 867.366 97.1851 75.9044 2.36741 73.537 21.2807 10.6408 10.6398 770.181 486.625 283.556 119.274 75.598 164.282 411.027 3.33408 3.1464 3.01576 0.755133 0.699849 0.391163 0.369685 0.362579 0.724266 0.0214787 0.0032755 0.361076
internal_count=181323 174679 15224 159455 59120 52778 345 52433 6342 2652 3690 100335 51774 48561 17077 17026 31484 34748 14407 13988 12891 817 6644 6598 6465 6463 259 133 42 6454
is_linear=0
shrinkage=0.05


end of trees

feature_importances:
token_jaccard_address=897
levenshtein_name=768
token_jaccard_name=728
jaro_winkler_name=645
address_len_ratio=559
char_len_ratio_name=484
name_x_addr_overlap=482
levenshtein_address=481
source_is_s2=393
min_token_len_name=383
digit_jaccard_address=304
street_number_match=239
token_containment_name=214
country_is_us=209
last_token_match=119
token_count_diff_name=111
suffix_4_name=84
source_is_s3=80
legal_suffix_match=57
prefix_4_name=49
numeric_conflict_penalty=46
both_have_address=45
first_token_match=44
country_is_india=43
postal_code_match=27
rare_token_shared=8
exact_name_match=1

parameters:
[boosting: gbdt]
[objective: binary]
[metric: binary_logloss]
[tree_learner: serial]
[device_type: cpu]
[data_sample_strategy: bagging]
[data: ]
[valid: ]
[num_iterations: 250]
[learning_rate: 0.05]
[num_leaves: 31]
[num_threads: 0]
[seed: 20260925]
[deterministic: 0]
[force_col_wise: 0]
[force_row_wise: 0]
[histogram_pool_size: -1]
[max_depth: 6]
[min_data_in_leaf: 20]
[min_sum_hessian_in_leaf: 0.001]
[bagging_fraction: 1]
[pos_bagging_fraction: 1]
[neg_bagging_fraction: 1]
[bagging_freq: 0]
[bagging_seed: 8810]
[bagging_by_query: 0]
[feature_fraction: 0.85]
[feature_fraction_bynode: 1]
[feature_fraction_seed: 17836]
[extra_trees: 0]
[extra_seed: 27358]
[early_stopping_round: 0]
[early_stopping_min_delta: 0]
[first_metric_only: 0]
[max_delta_step: 0]
[lambda_l1: 0]
[lambda_l2: 0]
[linear_lambda: 0]
[min_gain_to_split: 0]
[drop_rate: 0.1]
[max_drop: 50]
[skip_drop: 0.5]
[xgboost_dart_mode: 0]
[uniform_drop: 0]
[drop_seed: 13805]
[top_rate: 0.2]
[other_rate: 0.1]
[min_data_per_group: 100]
[max_cat_threshold: 32]
[cat_l2: 10]
[cat_smooth: 10]
[max_cat_to_onehot: 4]
[top_k: 20]
[monotone_constraints: ]
[monotone_constraints_method: basic]
[monotone_penalty: 0]
[feature_contri: ]
[forcedsplits_filename: ]
[refit_decay_rate: 0.9]
[cegb_tradeoff: 1]
[cegb_penalty_split: 0]
[cegb_penalty_feature_lazy: ]
[cegb_penalty_feature_coupled: ]
[path_smooth: 0]
[interaction_constraints: ]
[verbosity: -1]
[saved_feature_importance_type: 0]
[use_quantized_grad: 0]
[num_grad_quant_bins: 4]
[quant_train_renew_leaf: 0]
[stochastic_rounding: 1]
[linear_tree: 0]
[max_bin: 255]
[max_bin_by_feature: ]
[min_data_in_bin: 3]
[bin_construct_sample_cnt: 200000]
[data_random_seed: 5102]
[is_enable_sparse: 1]
[enable_bundle: 1]
[use_missing: 1]
[zero_as_missing: 0]
[feature_pre_filter: 1]
[pre_partition: 0]
[two_round: 0]
[header: 0]
[label_column: ]
[weight_column: ]
[group_column: ]
[ignore_column: ]
[categorical_feature: ]
[forcedbins_filename: ]
[precise_float_parser: 0]
[parser_config_file: ]
[objective_seed: 25095]
[num_class: 1]
[is_unbalance: 0]
[scale_pos_weight: 1.2]
[sigmoid: 1]
[boost_from_average: 1]
[reg_sqrt: 0]
[alpha: 0.9]
[fair_c: 1]
[poisson_max_delta_step: 0.7]
[tweedie_variance_power: 1.5]
[lambdarank_truncation_level: 30]
[lambdarank_norm: 1]
[label_gain: ]
[lambdarank_position_bias_regularization: 0]
[eval_at: ]
[multi_error_top_k: 1]
[auc_mu_weights: ]
[num_machines: 1]
[local_listen_port: 12400]
[time_out: 120]
[machine_list_filename: ]
[machines: ]
[gpu_platform_id: -1]
[gpu_device_id: -1]
[gpu_device_id_list: ]
[gpu_use_dp: 0]
[num_gpu: 1]

end of parameters

pandas_categorical:[]
